:020000041000EA
:10000000002008205D0100101301001019F60010F7
:100010001101001011010010110100101101001058
:100020001101001011010010110100101701001042
:100030001101001011010010190100101B01001026
:100040001D0100101D0100101D0100101D010010F8
:100050001D0100101D0100101D0100101D010010E8
:100060001D0100101D0100101D0100101D010010D8
:100070001D0100101D0100101D0100101D010010C8
:100080001D0100101D0100101D0100101D010010B8
:100090001D0100101D0100101D0100101D010010A8
:1000A0001D0100101D0100101D0100101D01001098
:1000B0001D0100101D0100101D0100101D01001088
:1000C0001D0100101D0100101D0100101D01001078
:1000D0001D0100101D0100101D0100101D01001068
:1000E0001D0100101D0100101D0100101D01001058
:1000F0001D0100101D0100101D0100101D01001048
:100100001D0100101D0100101D0100101D01001037
:1001100000BE00BE00BE00BE00BE00BEEFF3058004
:10012000103800BEF2EB88716CC3021098C3021045
:10013000A801001090A31AE7D3DEFFFF42012110AF
:10014000FF01000010E90200793512AB4FF000000A
:100150002049086006C881F3088810474FF05040D6
:10016000006810B14FF00000F2E70FA40ECC002998
:1001700002D000F015F8F9E71749184A002000E00E
:1001800001C19142FCD1002080F30A8814498847BC
:10019000144988471449884700BEFDE701C901C2D8
:1001A0009A42FBD3704700BF98C302108801002019
:1001B0003828002048EA021000000820000008202B
:1001C00048EA02100010082000100820000000007B
:1001D0007047000008ED00E0382800207082002001
:1001E0005D3400103D02001055340010F8B500BF1A
:1001F000064B0749C91A891048BF0131491003D07D
:10020000044B0BB101481847704700BF3828002045
:10021000382800200000000008B5054B1BB1054937
:100220000548AFF30080BDE80840FFF7E1BF00BF1D
:1002300000000000748100205470011010B51720D8
:1002400000F05CF817234FF0010242EC4430002428
:1002500044EC40300FF0E0FF204610BD10B44FF4E6
:1002600080740C4B53F8202003EB8003C00082F015
:10027000400200F1804003F5805C02F0C00200F50E
:10028000203003F54053CCF8002041601C605DF83D
:10029000044B70470480034010B4084CC90041EA85
:1002A000820154F8202004EB8003514003F5805371
:1002B00001F00C015DF8044B1960704704800340A5
:1002C000054B53F8202003EB8003514001F001015E
:1002D00003F580531960704704800340064B53F8C0
:1002E000202003EB800382EA011202F0300203F5C2
:1002F00080531A60704700BF0480034030B44FF051
:10030000000343EC440043EC400005254FF48074A7
:100310000B4BC20053F8201003EB800081F040012A
:1003200002F1804303F5203301F0C00200F5805153
:1003300000F540500A605D60046030BC704700BF4B
:100340000480034010B44FF480711F240C4B53F809
:10035000202003EB8003C00082F0400200F18040C7
:1003600003F5805C02F0C00200F5203003F5405335
:10037000CCF8002044605DF8044B1960704700BF62
:10038000048003400FB400B583B0049C074803F019
:10039000DBF93CB105A92046019103F02BF8044894
:1003A00003F0D2F9012003F03DF800BF58700110AE
:1003B000B4750110EFF3108072B6064BD3E8CF1F6F
:1003C00001220029FAD1C3E8412F0029F6D1BFF359
:1003D0005F8F7047673400200023034AC2E88F3FD5
:1003E00080F31088704700BF6734002070B58646E0
:1003F000EFF3108572B6124CD4E8CF6F0120002EB7
:10040000FAD1C4E8460F002EF6D1BFF35F8F4FF04C
:10041000010CC80801F007030CFA03F31EF800C032
:100420001CEA030608D14CEA030C0EF800C0C4E82D
:100430008F6F85F3108870BD1046FFF7A3FF00BFD4
:1004400067340020F8B5EFF3108572B6234CD4E87A
:10045000CF7F0126002FFAD1C4E8476F002FF6D1D5
:10046000BFF35F8F9A4227D80126D70810F807E01C
:1004700002F0070C06FA0CFC1EEA0C0F00EBD20788
:100480000DD125E04FEAD20E10F80EE002F0070C75
:1004900006FA0CFC1EEA0C0F00EBD20718D0013252
:1004A0009342EFD24FF0FF300023C4E88F3F85F333
:1004B0001088984207DBF8BD0023C4E88F3F85F31E
:1004C00010884FF0FF300029F5D00698FFF75AFF4B
:1004D0004EEA0C0E104687F800E0E5E7673400208E
:1004E000044A1078431CDBB2182B28BF102313706A
:1004F000704700BFA81C002010B5054C82B0014613
:100500001F23182200940348FFF79CFF02B010BD80
:1005100068700110CC3A00204FF0E022936843F05D
:1005200000539360704700BF0021044B03F1200289
:10053000C3E88F1F01339342FAD170475C34002027
:100540004FF0E0234FF08032C3F80024C3F80424B6
:10055000C3F80824C3F80C24C3F81024C3F81424E7
:10056000C3F81824C3F81C24C3F82024C3F8242497
:10057000C3F82824C3F82C24C3F83024704700BFE4
:10058000012300F01F029340400941B1800000F1B7
:10059000604000F56140C0F8803103607047024A56
:1005A000203042F82030704700E100E00123064A85
:1005B000410952F8212000F01F008340134214BF6C
:1005C00001200020704700BF00E100E00122430944
:1005D000034900F01F008240403341F82320704758
:1005E00000E100E0064B10309B6853F8200028B172
:1005F000044BC01A2F288CBF00200120704700BF79
:1006000000ED00E0AC1C0020F8B50D46EFF31087BC
:1006100072B6124ED6E8CF2F0123002AFAD1C6E8CF
:10062000423F002AF6D1BFF35F8F0D4B00F110045B
:100630009B680C4A53F82430934203D0994201D06E
:1006400001F024F9064B9B6843F82450BFF35F8FF9
:100650000023C6E88F3F87F31088F8BD653400207B
:1006600000ED00E01D0100102DE9F04F81468B46A2
:10067000164683B0EFF3108372B6DFF8D0A1009373
:10068000DAE8CF1F01230029FAD1CAE8413F002947
:10069000F6D1BFF35F8F664B93F90040002CC0F298
:1006A000A080644D04EB440705EB870898F806101A
:1006B00009F110091970604BBF009B6853F82900BD
:1006C0006300411B2F292FD95C49884240F0A48048
:1006D0001C445B4B02372F44043BDB1BC3F34A0330
:1006E0006FEAC3434FF421416FEAD34325F8241046
:1006F00005EB840463804BF60153A380FF2348F08D
:100700000100E671C4F808B0A3714B4B9B6843F835
:100710002900BFF35F8F0023CAE88F3F009B83F35C
:10072000108803B0BDE8F08F20F0010E9EF807108E
:10073000B1422ED84FF42143EB53414BB91C29440D
:10074000043B04375B1A2F44AEF104013D4CC91B36
:10075000C1F34A012143A8F80410C3F34A033A49FC
:100760002343A8F802304AF6AA2073465B1B5B417C
:100770005843000D88F8076088F80600C8F808B0EC
:1007800048F00100CEF80010BFE7D179B1422ED970
:1007900096469EF906C00CEB4C02BCF1000F05EB2F
:1007A0008202F2DA4BF601510EF10402A8F10407BD
:1007B000BF1AC7F34A076FEAC7476FEAD7478EF8F1
:1007C000064003EB0408204C05EB8803AEF80470E8
:1007D00045F82840998083F806C0DE71C3F808B058
:1007E00093E701F053F8124B93F9004059E7724632
:1007F00032F8041F490514D44915023102EB4101B6
:1008000001916FF00701C91B019F491B3944C1F3D6
:100810004A0141F46041C9E7019301F037F8019BB7
:1008200056E701F5FF1101F5FF511F31E4E700BF65
:100830006B820020AC1C002000ED00E01D010010C8
:10084000DC1C002000E0FFFF0148804765340020E9
:100850002DE9F04F83B0EFF3108A72B6744ED6E8EC
:10086000CF2F0123002AFAD1C6E8423F002AF6D151
:10087000BFF35F8F6F4B00F110089B686E4A53F80F
:10088000285095423FD08D420C464AD06B4FEB1B0F
:100890002F2B38D801214FEA50194FEA890909F165
:1008A000604909F5614900F01F0301FA03F0D9F826
:1008B0000030C9F8800000EA030BBFF35F8FEFF34D
:1008C0000581C9B279B3884577D125F0010EDEF8EC
:1008D00008C0644505D17CE0D3F808C0644532D037
:1008E0009E469EF9062002EB4203002A07EB830393
:1008F000F2DA644500F08180BBF1000F20D0C9F826
:100900008001C9F800004B4B9B6843F82850BFF3A7
:100910005F8F0023C6E88F3F8AF3108803B0BDE8DD
:10092000F08F1546EFE725F0010EDEF808C06445AC
:10093000D7D19EF906407346002C08DA154666E0CA
:10094000C9F88000DFE793F90640002C56DB04EB82
:10095000440C07EB8C0CDCF8082061009A609CF8D2
:100960000720DA719CF90620002A9A715DDBBCF839
:100970000420520504D502F5FF1202F5FF521F3282
:10098000521502F1020C4FF0040E0C2212FB04E28D
:1009900002EB4C026FF0070C3A44ACEB030C6244E0
:1009A000C2F34A0242F460429A80254B21441A78ED
:1009B00007EB81011C708A719EE7CDE9000100F010
:1009C00065FFDDE9000125F0010EDEF808C0644591
:1009D00087D19EF906407346002CB8DA194A1A4CA2
:1009E000D21A083AC2F30A316FEA01516FEA115183
:1009F00044EA5202DA8099807EE773460029EDD1FD
:100A0000FF228EF806204BF60152AEF804200C4C63
:100A10004AF6AA2294F800C01946C91B49414A4324
:100A2000120D83F806C0227066E74BF60152BBE751
:100A30006534002000ED00E01D010010AC1C00201A
:100A40006B820020E61C002000F8FFFFF0B5EFF3FA
:100A50000585EDB2EFF3108C72B62649D1E8CF2FA1
:100A60000123002AFAD1C1E8423F002AF6D1BFF3A0
:100A70005F8F214E40F0010EB4684AF6AA2354F865
:100A800025701E4A0446A41A644163431B0D774532
:100A90005BB21BD092F906409C421CD092F91240E6
:100AA0009C4223D092F91E409C4221D092F92A40C8
:100AB0009C4208BF03240FD0114A002415781370FC
:100AC0008571C1E88F4F8CF31088F0BDB2680D4C72
:100AD00042F82540F0E7002404EB440402EB8402D2
:100AE000FF2494714BF601549480E5E70124F3E769
:100AF0000224F1E76534002000ED00E0AC1C00208A
:100B00006B8200201D01001010B5074C82B0014619
:100B10000523002200940548FFF794FC0028A8BF95
:100B2000C0F1330002B010BD847001106F8200204C
:100B3000014B0B44036070475C34002070B5104CCF
:100B4000104DAC420ED2FF26236863B1FFF7C8FCFC
:100B500001462046FFF7ECFFA680BFF35F8F083405
:100B6000AC42F1D370BDFFF7BBFC01462046FFF756
:100B7000DFFF2671BFF35F8F0834AC42E4D370BD52
:100B8000182800203828002010B50446FFF7A8FCDC
:100B900001462046FFF7CCFFFF232371BFF35F8F91
:100BA00010BD00BF10B504460120FFF7A5FC034BA4
:100BB00003442360BFF35F8F10BD00BF5C3400208F
:100BC000024B0B440360BFF35F8F70475C3400201F
:100BD0000D4B1A68EFF3108172B6D2E8CFCF012027
:100BE000BCF1000FF9D1C2E84C0FBCF1000FF4D1F9
:100BF000BFF35F8F00221B68C3E88F2F81F310883B
:100C000040BF002000217047C0810020000000008C
:100C10002DE9F04F2DED028B85B0EFF30583DBB2AC
:100C2000103B9A0818BF01224FF0010103F00300A6
:100C300018BFAB4DAB4B08BFAB4D00EB820201FAC6
:100C400000FB53F8226005F541539FEDA38B019003
:100C5000C3F804B0CDF800B02AE0B388180440F11E
:100C60008C80B379002B40F0D580B6F908100029AC
:100C7000C0F21581736901EB410103EBC103D3E9B4
:100C80000247B7F1FF3F08BFB4F1FF3F09D0019B16
:100C900005EB8301AB6A0A69D21AE31A934238BFA3
:100CA0000C61284600F09AFBA042B941C0F2F780DF
:100CB000B6F90840009B002CEB63CEDBD6F814900D
:100CC00004EB440A284609EBCA07D7E902B800F04A
:100CD00085FB584571EB0801BFDBB8F1000FC0F28E
:100CE000C180D7E90431814A934200F0EA807A88D2
:100CF000B6F9080092B242EA0040984702460B4615
:100D000052EA030100F0AE80002B80F2CE80BBEBF4
:100D1000020B68EB030839F93A30C7E902B8002B37
:100D20009BDB716903EB430201EBC202D2E9027063
:100D3000BB4578EB000C4FEA43028EDBB4462CF83F
:100D4000083F0BE031F93230F446002B0DDB03EBAA
:100D5000430001EBC0005A00D0E90270BB451A44C1
:100D600078EB000001EBC20EECDA29F83A30ACF86F
:100D70000040B38818043FF574AF3369EFF3108275
:100D800072B6D3E8CF0F01210028FAD1C3E8401F83
:100D90000028F6D1BFF35F8F4FF6FF74B0880023B1
:100DA000316900B2B480C1E88F3F82F31088984265
:100DB000FFF657AF0746A946746906F1080807EB26
:100DC000470E04EBCE03D3E90250B6F90830C4460F
:100DD000002BA8BFB34605DA0FE034F93A30944649
:100DE000002B09DB03EB430A04EBCA02D2E90261E0
:100DF000B54270EB0101F0DA5E46ACF8007034F9F0
:100E00003E7024F83E30002FD9DAB3794D46002BDE
:100E10003FF42BAF0023B371B6F9083006F1080890
:100E2000591C3CD01946776903E080465A1C3FF4B0
:100E30001EAF03EB430207EBC200B0F802C01C4632
:100E40001CF4004F9E4637F93230EED08C4280EDD4
:100E5000028B05D0A8F80030318927F83210348190
:100E60007146E3E739F83A3033813369EFF31082A2
:100E700072B6D3E8CF0F01210028FAD1C3E8401F92
:100E80000028F6D1BFF35F8F7388316929F83A30B3
:100E900000237480C1E88F3F82F31088DDE640BFF5
:100EA00005B0BDEC028BBDE8F08F2846CDE90223EA
:100EB00000F094FA029A039B10EB020B43EB01083B
:100EC00029E708460B69029198470028CAD0029981
:100ED000D1E9002314E700BFFFFFFFFFFFFFFFFF83
:100EE00000800B409481002000000B40110C00108A
:100EF0002DE9F84F364C25692DB1BDE8F84F0A2190
:100F00003448FFF715BEDFF8E4800321404600F0C7
:100F100053FA0326C4F80C80FFF7E2FA4FF0504C66
:100F20002D4B267003442361DCF800300F216370E1
:100F3000636961801D834FF00405A3F878504FF07A
:100F40000505A3F890504FF00605A3F8A8504FF000
:100F500007050E214FF6FF7208274FF00A0EA3F87F
:100F6000C0504FF001094FF00C0C4FF0020B4FF046
:100F7000090A0D204FF00B05A3F868111749A2804C
:100F8000A3F808E1A160A3F848B0A3F8F0A0A3F883
:100F90002051A3F838C1A3F85001A3F83090A3F86A
:100FA0006060A3F8D8701A800D4B3046C8F82070E6
:100FB0000C49DC60FFF728FB49463046FFF7E0FAB2
:100FC000094B0A211F640348BDE8F84FFFF7B0BD85
:100FD000F41C0020C08100205C340020FFFF1000C2
:100FE00094810020110C001000200B4000000B40E9
:100FF00000487047F41C0020F8B59DF820700446A6
:1010000016461D4637B900F0F1F9864265EB01013D
:1010100000295CDB2369EFF3108772B6D3E8CF1F9A
:1010200001220029FAD1C3E8412F0029F6D1BFF3EC
:101030005F8FB4F902C063690CEB4C01BCF1000F87
:101040004FEAC10203EBC10138DB985A4FF0000EA2
:1010500060802069C0E88FEF87F310880698C1E9A7
:10106000026508610798486148880130C0F30E00A6
:10107000012838BF0120488040EA0C402169EFF385
:10108000108572B6D1E8CF7F0126002FFAD1C1E8D2
:10109000476F002FF6D1BFF35F8FA1889952A4F854
:1010A00004C02369C3E88FEF85F310880122E36849
:1010B000217803F501538A405A60F8BD0023226964
:1010C000C2E88F3F87F310884FF0FF30F8BD3846F5
:1010D000F8BD00BF0146F0B50069EFF3108772B6A6
:1010E000D0E8CF5F0124002DFAD1C0E8454F002D94
:1010F000F6D1BFF35F8FB1F902E04C690EEB4E0CF5
:10110000BEF1000F4FEACC0504EBCC0C3DDB605B7D
:10111000002648800869C0E88F6F87F31088BCF804
:101120000200CCE902230130C0F30E00012838BFD1
:101130000120059BACF80200CCF81030069B40EA79
:101140000E40CCF814300B69EFF3108272B6D3E87E
:10115000CFCF0127BCF1000FF9D1C3E84C7FBCF120
:10116000000FF4D1BFF35F8F8B886353A1F804E0C5
:101170000B69C3E88F6F82F310880122CB6809786E
:1011800003F501538A405A60F0BD00230A69C2E8A2
:101190008F3F87F310884FF0FF30F0BD0346408942
:1011A000B0EB214F37DD58690A1402EB420210B54B
:1011B00000EBC2001C69EFF3108C72B6D4E8CFEFDD
:1011C0000122BEF1000FF9D1C4E84E2FBEF1000F8D
:1011D000F4D1BFF35F8F428889B292B28A4207D0BE
:1011E00000221B69C3E88F2F8CF31088002010BDEC
:1011F00042F4004242800121002218699971C0E83E
:101200008F2F8CF310881C78DA68084602F501539A
:10121000A140596010BD0020704700BF4078704762
:101220002DE9F041861F41F1FF35B04271EB050316
:1012300038BF002682B038BF354604460F4600F05E
:10124000D5F8301A65EB0103012873F1000306DAC3
:101250002046394602B0BDE8F04100F003B900F085
:10126000C5F8864265EB010100290ADB0021174B16
:101270003246009316482B460191FFF72BFF0028BA
:10128000E6DB4FF0000C1348134A436A9D4204D832
:10129000816AB142DCD29D42DAD11368EFF310814A
:1012A00072B6D3E8CF8F5FF0010EB8F1000FF8D11E
:1012B000C3E848EFB8F1000FF3D1BFF35F8F1368B5
:1012C000C3E88FCF81F3108820BFDEE7D10B001079
:1012D000F41C002000000B40C081002010B5044623
:1012E00000F084F84FF47A734FF0FF3C6FF0004247
:1012F000E4FB0301BDE81040844572EB01033CBFF1
:1013000060461146FFF78CBFF0B506460D4683B028
:10131000EFF30584E4B2002C35D1244F3A78F96814
:1013200004328B6A51F82220D21AC31A934207D38F
:1013300020BF1F4B586AA8421FD2002003B0F0BD47
:1013400000F054F8864265EB0101002911DB194BCE
:101350003846CDE9003432462B46FFF7BBFE011E6E
:1013600007DD134B5A6AAA4219D220BF0F48FFF774
:1013700015FF0F4B586AA842DFD39B6A9E4209D8DB
:10138000012003B0F0BD0A4B586A8842D5D39B6A4E
:10139000B342F5D2401B18BF012003B0F0BD9B6AD9
:1013A0009E42E3D9AA42E1D1DFE700BFF41C00204E
:1013B00000000B40D10B001010B4054B054C064A41
:1013C000A04214BF1846581C5DF8044BFFF70EB836
:1013D000D03A002000800B40A07001100346416A03
:1013E0000A46986A596A8A42FAD17047034B596A89
:1013F0000A46986A596A9142FAD1704700000B4038
:1014000010B4174A536A9C46946A536A6345FAD1EA
:10141000001959414FF0000228BF01220346CAB10A
:101420000F4B596A4B1C08BF0B4608D04FF0FF31D9
:101430000B460B48426A8A42FCD38A4207D1084ACB
:1014400002E0506A884202D1906A9842F9D35DF86E
:10145000044B7047024A526A9142EAD8EDE700BF56
:1014600000000B40074A536A9942FCD8994207D1C1
:10147000044B02E05A6A914202D19A6A8242F9D33D
:10148000704700BF00000B4010B5002314464FF416
:101490007A7215F085FD034BC4E9000103FB02F2EB
:1014A000A26010BD40420F00F8B5054606200E466A
:1014B00000F0E4F8002842D0354A3648954214BF7F
:1014C0004FF080624FF00062334B344902601A6083
:1014D0008C6832EA0404FBD12D4B4FF48071EB1A77
:1014E000B3FA83F32E4A5B09062022F8131000F0AA
:1014F000C5F8C300B3FBF6F30133DA0920D1402667
:1015000001216962AA622F6BFB0722D42B460022BD
:1015100053F82C1F062003F5805422602F6300F03F
:10152000ADF840F2013103228000B0FBF6F0EB6A27
:1015300083F0700303F07E0323602963AA64F8BD7F
:101540004FF6FE718A421BD922464FF6FF71154EA7
:10155000D7E740F2013205F540531A636B6AAC6A73
:10156000062004EB831400F089F80F4BA402A3FBC0
:101570000023DB0A0021B4FBF3F0FFF741FFC5E7CE
:10158000C3F34503114603EB82161A46B9E700BFC1
:10159000008007400020024000300240000002406E
:1015A00040820020C0FF3F00757B2B8F00EB400C7A
:1015B0004FEA8C0C0CF1804C0CF5803CF0B51646D3
:1015C000DCF80420051FB2F5803F38BF4FF48032AD
:1015D000EDB238BFCCF80420012D2AD94FF40067B2
:1015E000254C0CF54052176054F82020B2B9DCF8B5
:1015F0000020012D82EA461202F0E0020CF580562E
:1016000032602AD94FF4006144F820304FF480331F
:101610000CF500521160CCF80430F0BD6769B7FBDF
:10162000F2FE0EF1010E0EEB4E0EBEF1030EFCD2D9
:10163000DDE70129D2D103240CF540521460DCF817
:101640000820D207FBD5DCF800200B4C82EA4612BA
:1016500002F0E0020CF5805632600122DCF8005006
:101660004D4005F00305356002FA01F1DCF8082071
:101670000A42FBD0C6E700BFD83A0020014B53F81E
:1016800020007047D83A002070B4039D04682D03F1
:1016900045EA03451B4B002CB3FBF1F3B2FBF3F619
:1016A0001FDB194A194B904214BF4FF480424FF48C
:1016B0000042174C1A6003F580531A60A36832EA9F
:1016C0000303FBD1212200F54053043301608660FF
:1016D0001A600268002AFCDA0822C5601A6070BC31
:1016E0007047036803F03F038B42DAD18368C3F38A
:1016F0000B03B342D5D1C36803F4EE23AB42D0D180
:10170000EDE700BF001BB70000800540002002404D
:101710000000024030B44FF080441C4B1C60E0B12C
:101720001B4CA3F54053DC611A4C40F001004440CF
:101730001C62596298624FF080454FF0E061134B94
:101740001548164C1D60846019604AB930BC4FF0D2
:101750000042A3F580531A607047114BD861EAE745
:101760004FF47A7303FB02F2B2F1807F2ABF6FF06D
:101770007F4313461A464FF080410A4C08482360C5
:10178000094B426030BC1960704700BF00B00D408B
:10179000D3C007B02D3FF84F00A00140F3FFFF0179
:1017A00000800D406C81002000A00D40012300EB63
:1017B0004000800000F1804000F58410416003602B
:1017C000704700BF002370B5DB8A04460D46002237
:1017D00042E800F2520254BF1021042144F2522088
:1017E000984786462B462246F446BDE870400A21BB
:1017F0004FF48170604700BF0023DB8A002242E87B
:1018000000F2520201D4102118470421184700BFEA
:1018100008B503460846191E02DB1AB140F0300035
:10182000FFF7D0FF40F02000FAE700BF034AD2F8EC
:101830002838002BFBD0BFF35F8F704700000E40AD
:101840000021044B044ABFF35F8F43F8041B93420B
:10185000F9D170470C080E402C080E4010B42F2010
:101860004FF42A64054A064B06491460D06019609B
:101870005368002BFCDA5DF8044B7047008004408D
:1018800000A0044000B0FA00704700BF08B501484E
:10189000FEF778FDC470011038B5054C054DAC421B
:1018A00004D254F8043B9847AC42FAD338BD00BF89
:1018B000087001104870011038B5054C054DAC4258
:1018C00004D254F8043B9847AC42FAD338BD00BF69
:1018D000347001104870011010B40748074C084BD1
:1018E000084A094904601A608B6832EA0303FBD195
:1018F0005DF8044B704700BF002002407F3BEFEFD4
:1019000000300240F6FFF30300000240044BDB6CA2
:10191000B3F5004F03D14FF48022024BDA647047D5
:1019200000001150002011504FF0E022044BD2F87B
:10193000881D0B43C2F8883D10EE3004704700BF8D
:10194000030330006FF06041044B054A196093684F
:10195000DB4333F06043FAD1704700BF00300240F0
:101960000000024010B545F25320FFF745FFBDE8E7
:10197000104003460420184710B545F25320FFF7E6
:101980003BFFBDE81040034601201847FEF7CCBDE1
:1019900010B5054B054C4FF488721846A16812F03B
:1019A00083FFA06010BD00BF0000002000ED00E03C
:1019B000002370B52B4C82B0C4F88430FFF74EFF83
:1019C0000122294BDA63636C012BFCD10321264AE7
:1019D000244B11639C6B012CFCD10226052521466A
:1019E0000523224A22480096FFF74EFE21462B4649
:1019F000204A21480095FFF747FE00220420314687
:101A00001E4BFFF7D3FD2146284600221C4BFFF753
:101A1000CDFD0022082011461A4BFFF7C7FD00221A
:101A200009201146174BFFF7C1FD00220620114681
:101A3000134BFFF7BBFD0022114B07201146FFF7A8
:101A4000B5FD0420FFF71AFE00240F4BA3FB003561
:101A5000AD0CE0B229460134FFF7A8FE062CF8D100
:101A600002B070BD0000014000300140002F6859F5
:101A700000000540008C864700800540001BB70031
:101A800080D1F008006CDC0283DE1B4386B003B417
:101A900051FC0804CDE9020151FC0904CDE904011F
:101AA00051EC0A04CDE9060103BCF047BDE8005043
:101AB0004EEC00C4BDE800504EEC01C4BDE800503F
:101AC0004EEC02C400BD000000B5FFF7DFFF02E0EE
:101AD00010FE30F4F8D441EC100443EC112400EE75
:101AE000010410EE010480EE200451EC1004704754
:101AF00000B5FFF7CBFF02E010FE30F4F8D441EC64
:101B0000100443EC112400EE010410EE210480EED9
:101B1000200451EC3004704700B5FFF7B7FF02E036
:101B200010FE30F4F8D410B541EC100443EC11244D
:101B300051EC040453EC0524A0FB024C5FF0000EB2
:101B4000E0FB03CEE1FB02CE4CEC20440024E1FBA1
:101B500003E444EC30E480EE200451EC5004BDE892
:101B60001040704700B5FFF791FF02E010FE30F41F
:101B7000F8D441EC100443EC112451EC2104A0FBF7
:101B800001126FEA820252FB100052FB12F252FB6A
:101B90001000A0EBD07C53EC04245CFB13F153EC5D
:101BA0001524A1FB022001FB030053EC4424A2EB0B
:101BB000000050FB1CF24FEA111312EB017043EBD3
:101BC000E27140EA515020EA915020F0070053ECB6
:101BD0007524A0FB023C53EC752400FB03CC01FBF5
:101BE00002CC53EC0424ACEB824C40EA5C70A0F1D4
:101BF000010041EC400480EE200451EC7004704779
:101C000000B5FFF743FF02E010FE30F4F8D441ECDA
:101C1000100480EE220410EEB204704700B5FFF706
:101C200035FF02E010FE30F4F8D440EC700400EE12
:101C3000010410EE210480EE200451EC30047047C2
:101C400000B5FFF723FF02E010FE30F4F8D440ECBB
:101C5000600400EE010410EE210480EE200451EC3B
:101C60003004704700B5FFF711FF02E010FE30F4BA
:101C7000F8D441EC800400EE010410EE010480EE83
:101C8000400410EE1304704700B5FFF7FFFE02E0BA
:101C900010FE30F4F8D441EC800400EE010410EEA4
:101CA000010480EE400410EE3304704700B5FFF7E6
:101CB000EDFE02E010FE30F4F8D441EC100443ECE9
:101CC000112400EE010410EE3004C0F300707047E0
:101CD00000B5FFF7DBFE02E010FE30F4F8D443EC71
:101CE000102441EC110400EE010410EE30F48CBF1E
:101CF00001200020704700BF00B5FFF7C7FE02E0DB
:101D000010FE30F4F8D441EC100443EC112400EE42
:101D1000010410EE30F42CBF01200020704700BFFA
:101D200000B5FFF7B3FE02E010FE30F4F8D441EC4A
:101D3000100443EC112400EE010410EE30F48CBFCB
:101D400001200020704700BF38B50446094815F04F
:101D500033F9204611F03AF90546064815F01CF90A
:101D60002DB1054B2C449C4201D8284638BD034870
:101D7000FEF708FB1828002000000820D070011092
:101D800038B505460C460A4815F016F9284621468E
:101D900011F0E2FB0546064815F0FEF82DB1054BA3
:101DA0002C449C4201D8284638BD0348FEF7EAFA85
:101DB0001828002000000820D070011038B5044613
:101DC000054D284615F0F8F8204611F007F9284689
:101DD000BDE8384015F0E0B8182800209A4238BF16
:101DE00088547047704700BF2DE9F04F83B0994683
:101DF000DDE90DAB0F9B884611469A07074616D1C1
:101E0000DA453AD20C460D46ABEB0A060E442246A2
:101E10004B46414620200134B847B442F7D1294609
:101E2000BAF1000F08D1204603B0BDE8F08F0C4690
:101E3000BAF1000F10D00E4655460C9B2E449A4422
:101E40000191721B4B46013D41461AF8010D344683
:101E5000B847002DF5D101990F9B9B07E3D5651A73
:101E6000AB45E0D922464B46414620200135B847D4
:101E70005D4504F10104F5D3D5E7BAF1000FDAD1DD
:101E80000C46D0E72DE9F04F0F9FDDF824E017F066
:101E9000020F0A9C9DF82C900E9DDDE90C8629D13D
:101EA000002D6FD1B44225D2202C07F0010B00F099
:101EB000128104F1FF3C4FF0300AF44401E0202C81
:101EC0007AD00134A6420CF801AFF8D8BBF1000F6C
:101ED00010D0AC420ED2202C74D004F1FF3C4FF055
:101EE000300AF44401E0202C29D00134AC420CF833
:101EF00001AFF8D117F0100F3AD017F4806F28D146
:101F00001CBBB8F1100F00F0CA80B8F1020F00F04E
:101F1000D48030248EF800400124B9F1000F67D13D
:101F20007E0740F1AA802B260EF804600134CDE92B
:101F30000B57CDE909E4BDE8F04FFFF755BFFC06AC
:101F400040F189807C0535D42024A6426AD0AC4279
:101F500068D0B8F1100F00F08780B8F1020F5AD0A6
:101F6000202CE4D0264601344FF0300C0EF806C089
:101F7000202CD2D1CDE90B57CDE909E4BDE8F04FD3
:101F8000FFF732BF17F0010B3ED0B9F1000F47D178
:101F900017F00C0F44D1B4429BD2202C89D1202DB4
:101FA00010D8FC0657D57C0555D4202E00F0B980FA
:101FB000202D10D02024CCE7BBF1000F00F0A5802D
:101FC000202DBCD9FC0646D57C0544D4202E00F03B
:101FD000A880202D3FD12C461F26B8F1100F7FD0AE
:101FE000B8F1020FC0D14FF0620C0EF806C0B7E78F
:101FF0002D260EF804600134CDE90B57CDE909E434
:10200000BDE8F04FFFF7F0BEB442BFF473AF202C31
:102010007FF44FAFD6E7202C89D026460134E2E783
:10202000013DB8E7661ED8D1B8F1100F64D0B8F101
:10203000020F7FF46EAF62268EF8006030264446B1
:102040008EF80160B9F1000F3FF46AAFD0E7B8F144
:10205000100F7FF46CAF2024CDE90B57CDE909E4D4
:10206000BDE8F04FFFF7C0BEBE060ED4202CF2D064
:1020700078260EF80460013472E73E077FF557AF0B
:1020800020260EF80460013451E7202CE3D04FF0F5
:10209000580C0EEB040686F800C0013460E7BE065B
:1020A00017D558248EF8004030248EF801400224C1
:1020B000B9F1000F3FF434AF9AE762248EF8004084
:1020C00030248EF801400224B9F1000F3FF428AF0C
:1020D0008EE77824F2E7BBF1000F7FF462AF71E77F
:1020E00017F0200F0CBF4FF0780C4FF0580CA61EC5
:1020F0000EF806C0013C35E7BC06EAD558248EF838
:10210000004030248EF80140DDE717F0100F3FF457
:102110000EAF17F4806F9AD1202E7FF418AF1F26D0
:102120005BE734461F2658E700B9704701F0CABA8A
:1021300010B1D1E900311847704700BF000000001E
:102140002DE9F04F9FB09DED287BDDE92AA558ECE5
:10215000177B83461E460D91109243463A463846F9
:1021600041468DED087B2C9CFFF7A4FD002840F034
:10217000D880384641464FF0FF32754BFFF7D4FD0B
:10218000002840F0CE80384641464FF0FF326FF4D1
:102190008013FFF7A1FD002840F0C380DDE9087837
:1021A0000022384641460023FFF796FD002840F004
:1021B000C081CDE90A78DDE90A2390461F4614F470
:1021C000806308BF4FF0060A139304F4006258EAD4
:1021D0000703119240F0C080002A00F0A2819FED19
:1021E0005A7B00278DED0E7B4FF00009BA45CCBF1E
:1021F000AAEB070A4FF0000A4F46C8BF0AF1FF3AA0
:1022000044F480644D4594BF4FF00008A5EB0908E5
:1022100014F00203119304D0B9F1000F18BF4FF06E
:1022200000083FB1DDE90A01DDE90E23FFF79EFC5E
:10223000CDE90A01DDE9080100220023FFF74CFD8A
:1022400030B1DDE90A01024601F10043CDE90A237C
:102250009DED0A7BCDE902A8DDF834A024F40063EB
:1022600004938DED007B334651465846109A00F09A
:1022700097F98046B9F1000F4FD014F0200F0246B5
:1022800000F1010433460CBF652045205146D84774
:1022900009F1FF3087EAE77C0DF1580900224B462F
:1022A000DFF8B080ACEBE77C4FEAD77E01E0202A74
:1022B00010D0E246A8FB0C71C90801EB8107ACEB1A
:1022C00047073037BAF1090F8C4602F1010203F8D3
:1022D000017BECD805230590069300200A230D9F6F
:1022E000CDE90330CDE9012E334622463946584622
:1022F000CDF80090FFF7C6FD119B80466BB1109B97
:10230000C41AA54209D94246334639462020013431
:10231000D847A54208F10108F5D840461FB0BDE8EE
:10232000F08F9DED087B33465846109A0D998DED40
:10233000287BCDE92B54CDF8A8A01FB0BDE8F04F05
:1023400000F02EB9AFF30080000000000000000094
:10235000FFFFEF7FCDCCCCCCC7F30A50A0F2FF300B
:10236000FFF760FC8AA3D3E90023FFF7D9FB8AA318
:10237000D3E90023FFF7ACFBC7F31307CDE90E0148
:1023800047F07F51404600227B4B41F44011FFF75C
:10239000B3FB6BA3D3E90023FFF7C2FB02460B4656
:1023A000DDE90E01FFF794FBFFF760FC0746FFF73E
:1023B00039FC65A3D3E9002380468946FFF7B0FBCB
:1023C00000226E4BFFF784FBFFF750FC03464946A3
:1023D000404612935EA3D3E90023FFF7A1FB80469A
:1023E00012988946FFF71EFC5BA3D3E90023FFF791
:1023F00097FB02460B4640464946FFF77DFB0246E7
:102400000B4680468946FFF78BFB42464B46CDE99B
:102410000E0140464946FFF75BFB0022CDE914015F
:10242000DDE90E01564BFFF7A1FB0022554BFFF7EC
:102430004FFB02460B46DDE90E01FFF797FB00223A
:10244000514BFFF745FB02460B46DDE90E01FFF756
:102450008DFB42464B468046894600204FF0804126
:10246000FFF74AFB02460B4640464946FFF730FB62
:1024700002460B46DDE91401FFF778FB0022434BCF
:10248000FFF726FB129B002203F2FF3C4FEA0C539E
:10249000FFF746FB80468946DDE90A0142464B4686
:1024A000CDE90E89FFF718FC68BB4346494607F1A2
:1024B0006302C62A119A8CBF4FF005094FF0040938
:1024C000002A3FF49FAE0B433FF48EAEDDE90A01D4
:1024D00023A3D3E90023FFF713FC48B1DDE90A0188
:1024E00021A3D3E90023FFF7F7FB00287FF47CAE9C
:1024F000BAF1000F3FF486AE139B002B3FF482AE7F
:102500000AF1FF3A7EE600221E4B40464946FFF79D
:102510002DFB0A4601460346CDE90E12013F114646
:10252000C5E79FED137B17464FF004098DED0E7B39
:1025300068E608F100430A970B933CE6AFF300808E
:1025400061436F63A787D23F71A379094F930A4014
:102550001655B5BBB16B0240EF39FAFE422EE63F8D
:102560002D431CEBE2361A3F0000000080842E4110
:1025700000000000000000000000F83F0000E03F05
:1025800000002C4000002440000018400000F03FF4
:10259000FB799F501344D33FB3C8608B288AC63F52
:1025A0002DE9F04F97B0DDE92089CDE90401DDE99F
:1025B000224BCDE90623404642464B464946DDF8CC
:1025C00090A0FFF777FB002840F0C58140464946C0
:1025D0004FF0FF326FF48013FFF77EFB002840F0CE
:1025E0001D81404649464FF0FF32C14BFFF79CFB2F
:1025F000002840F0E380B8A3D3E9002340464946D1
:10260000FFF792FB002840F0CB80B5A3D3E900236D
:1026100040464946FFF760FB002840F0C180404635
:10262000494600220023FFF757FB002840F0E080D6
:102630001AF480650D9000F0E980092C40F2968133
:102640000EAB1A460C9330210023A4F10905013387
:10265000202B02F8011BA4EB030600F03A81AB42E9
:10266000F5D19FED9D7B8DED087B49464046FFF7F8
:10267000FDFA0446FFF7D6FA02460B4640464946A5
:10268000FFF73AFADDE90823FFF74AFA02460B465C
:10269000CDE90A23FFF7FCFA0746FFF7D5FA024611
:1026A0000B46DDE90A01FFF727FA02460B46CDE9A2
:1026B0000A2300228F4BFFF737FB002800F0DB8056
:1026C00001373846FFF7C0FADDE90823FFF718FBAA
:1026D00008B100270134002E40F0B1802046FFF7FA
:1026E000A1FA02460B4640464946FFF705FA00228A
:1026F000804B06460F46FFF7EFFA40B930463946A1
:1027000000227C4BFFF710FB002800F015810C9B8A
:10271000691E7948194410E080FB0462C3EBA203F0
:1027200003EB8302A4EB420404F1300201351C46A2
:1027300001F8012F002B00F0AB80202D4FEAE4734D
:10274000EAD10AF00303012B1CD1BBF1000F19D011
:102750000D9B002B40F0F9801AF00C0F40F0F58033
:10276000AB4540F2D380202D0BD030220C996B1E4C
:102770000B4401355D4503F8012F00F08D80202DBD
:10278000F7D12025DDE90623DDE904010C9CCDE924
:1027900002BA01950094FFF727FB17B0BDE8F08F50
:1027A000CDE92089DDE90623DDE90401CDE923BA7D
:1027B000229417B0BDE8F04FFFF7C2BC4F4DCDF8E3
:1027C0008CA00AF0040ABAF1000F4D4C18BF2C4639
:1027D000DDE90623DDE9040120940CBF0324042471
:1027E000CDF888B0219417B0BDE8F04FFFF7FCBAE0
:1027F0004B46424600200021FFF77EF901231AF4E0
:102800008065804689460D937FF417AF9FED367B38
:102810000EAB06268DED087B0C9326E70424DDE93C
:102820000623DDE90401374DCDF88CA0CDF888B042
:102830002095219417B0BDE8F04FFFF7D5BA0C9B57
:10284000681EDFF8C4C018440DE0ACFB0721C908BE
:1028500001EB8102A7EB42023032092F00F8012F71
:1028600027D90F461D46202D05F1010306F1FF363D
:10287000EBD120254BE70022DDE90A011D4BFFF7D4
:102880002BFA00287FF427AF002F5AD1013722E717
:102890000AF00303012B75D0202D3FF473AF0D9B7D
:1028A000BBB32D2205F158036B4403F8202C0135EE
:1028B00068E7202BDDD0AEB30C9A1E4415443022BD
:1028C00001E0B3422ED00133202B05F8012FF8D1BF
:1028D000CFE71D46C5E600BF0000000065CDCD4135
:1028E0000000000065CDCDC10000000080842E41B5
:1028F000FFFFEF7F0000E03F67666666247101100E
:102900002C71011034710110CDCCCCCC202D3FF4B2
:1029100039AF1AF0040F0DD11AF0080F3FF432AF9F
:102920002022BFE72E2103F158026A4402F8201C3E
:102930005D1CECE62B22B5E7E3077FF5E8AE01343A
:10294000E5E6FA077FF5C7AEA0E70BF1FF3BAB4525
:102950003FF609AFA0E70324DDE90623DDE9040122
:102960000A4DCDF88CA0CDF888B061E7084B26461B
:1029700003EBC40393ED007B0EAB8DED087B0025CC
:102980000C9372E6BBF1000F86D0E1E630710110C6
:10299000508101102DE9F04F9A469BB0249C964D32
:1029A0000B94964C0B1E18BF834625609AF80000C6
:1029B000934C0A9308BFA3460992002800F0BC82FA
:1029C0004FF000090AE04A46099B0A9909F10109FA
:1029D000D8479AF80000002800F0CE8025280AF198
:1029E000010AF0D10023524612F8010BA0F1200198
:1029F00010290AD8DFE801F04009093C0909090952
:102A000009090938093409093000A0F13001092900
:102A100040F28C802A2800F0F58000210C912E28AD
:102A200000F099800027A0F1680112292DD8DFE875
:102A300011F057012C0051012C0045012C002C00F5
:102A40002C002C002C002C002C0027002C002C002B
:102A50002C002C002C002700924643F00103C2E713
:102A6000924643F00203BEE7924643F00403BAE7FE
:102A7000924643F01003B6E7924643F00803B2E7EC
:102A80009AF8010043F4807301326728924600F2FD
:102A90008280242840F2C680A0F12502422A00F25A
:102AA000C180DFE812F05F01BF00BF00BF00BF00C0
:102AB000BF00BF00BF00BF00BF00BF00BF00BF001E
:102AC000BF00BF00BF00BF00BF00BF00BF00BF000E
:102AD000BF00BF00BF00BF00BF00BF00BF00BF00FE
:102AE000BF00BF00BF00260145012601BF00BF0097
:102AF000BF00BF00BF00BF00BF00BF00BF00BF00DE
:102B0000BF00BF00BF00BF00BF00BF00D301BF00B8
:102B1000BF00BF00BF00BF00BF00BF00BF00BF00BD
:102B2000D3016701D301260145012601002100E000
:102B3000013201EB810100EB410110789246A0F1D6
:102B40003004092CA1F13001F2D92E280C9102F1A8
:102B500001027FF467AF9AF801001146A0F1300638
:102B6000092E43F4806340F231812A2800F03E812F
:102B700092460027013256E74C46099B994501D3FE
:102B800003F1FF394A460020099B0A99D84720469D
:102B90001BB0BDE8F08FA0F16902D2B20F2A41D874
:102BA000012649F2410196400E4040F001810A2A77
:102BB0003FD0072A36D10B9C54F8042B002A00F092
:102BC000288143F021010DF1480E704603E0202ECC
:102BD00000F029811A4602F00F052B46092D94BFFB
:102BE000303337330F2A00F8013B06F101064FEA74
:102BF0001213ECD817E100BF95290010688100205E
:102C0000E51D00100B9C9AF8010054F8045B9246F5
:102C1000002DBDBF694243F002030C910C950B944B
:102C20000132FCE64A46099B0A9909F10109D84795
:102C3000CFE60B9951F8048B98F800201046002F2E
:102C400040F0E18072B16FF0010C0CF1010C4646CE
:102C5000C44401E0664503D016F8014F002CF9D1B9
:102C6000A6EB080613F4806C02D0BE4228BF3E4695
:102C700013F0020400F08781002A00F02B81BCF1E0
:102C8000000F00F041810B940D964A46DDE909548E
:102C90000E464F4408E02B462146D84718F8010F4E
:102CA00009F1010910B14A464F45F4D131460B9C58
:102CB0000D9E002C40F00E810B918AE69AF80100DF
:102CC0006C287FF4DFAE9AF8020043F440730AF1F7
:102CD0000302DAE69AF8010043F400730132D4E605
:102CE0009AF80100682800F0208143F08003013247
:102CF000CBE6672800F0E780472800F000814528F0
:102D000000F0FF800B9C04930C9B0734CDE9027309
:102D100024F007031C46DDE90931F4E802674A465E
:102D20005846CDE900670B94FFF70AFA814650E652
:102D300046280B9C08BF43F0200304930C9B0734E8
:102D4000CDE9027324F007031C46DDE90931F4E8FC
:102D500002674A465846CDE900670B94FFF720FC0E
:102D6000814636E64A462520099B0A9909F1010960
:102D7000D8472EE60B9A9C0702F1040709F10106D9
:102D800040F1E6801078099B4A460A99D8470C9B87
:102D9000012B40F22C81DDE90954994432462B463F
:102DA000214620200136D8474E45F7D10B9710E633
:102DB0006F2800F08B8040F26581782800F0088150
:102DC0004FF00A0823F01003C44647E0002707EB42
:102DD000870700EB4700A0F1300711F8010FA0F1C1
:102DE0003002092AF3D98A464A1C1CE60B9C9AF841
:102DF000020054F8047B0AF1020A0AF101020B9462
:102E000027EAE7770FE6002A3FF42CAF07F1FF3CF3
:102E10001BE723F0100113F4806241F021013FF41D
:102E2000D2AE0DF1480E08231020059300234A4628
:102E3000CDE9023006915846DDE90931CDE900E6D9
:102E40000497FFF71FF80B948146C2E5582879D004
:102E5000622840F051824FF00208C44613F48060AB
:102E60006DD123F00C0313F4007240F0C2800B9973
:102E700004310D9113F4807140F02E825E060B9A9E
:102E800040F1AA801278002A40F0DA8023F0100383
:102E9000002800F0D58011460DF1480E06930C9BDA
:102EA000CDF80CC0CDE90473019100234A4602938A
:102EB0005846DDE90931CDF800E0FEF7E3FF0D9B50
:102EC00081460B9385E543F400631BE74FF0080848
:102ED000C446C3E70C9B4C46B3427FF6EDAE0F46AB
:102EE0004B44A3EB0609DDE9096522463346294632
:102EF00020200134D8474C45F7D13946DCE643F46D
:102F0000006343F02003FDE60F460B94DDE909540E
:102F10004A462B462146D84718F8010F09F1010906
:102F20000028F5D139460B9CC3E69AF8020043F01D
:102F3000C0030AF10302A8E5044681461DE623F01A
:102F40000D0390E74FF0100843F02003C44685E7D7
:102F50000C9B012B45D9DDE909544E4609F1FF3898
:102F6000984432462B46214620200136D847464514
:102F7000F7D10C9B324699440B9B1878DDE9093157
:102F8000D8470B9725E50C9BB34240F2EE81CDE983
:102F90000D48DDE9095488464B449E1BCDF82CC0F2
:102FA0004A462B462146202009F10109D847B14560
:102FB000F6D14146DDF838800C9BDDF82CC00D9C25
:102FC00098F800205E1C1046002A7FF458AE73E685
:102FD0004FF01008C44641E71D064CBF1288126826
:102FE00051E713464A461878DDE90931D847B1461A
:102FF000DCE60B9C073424F007042246656852F88F
:10300000084B0B9254EA050240F02C8123F0100388
:10301000002800F0278100260DF1480E06930C9B36
:103020004A46CDE904730023CDE900E6CDF80CC093
:1030300002935846DDE90931FEF724FF8146C8E4D2
:1030400013F0200F14BF412061200DF1480E764689
:10305000A0F10A0803E020293FF420AF2246B2FB8A
:10306000FCF40CFB1425E8B2092D00F130058ABFF1
:103070004044E8B2C0B2624506F8010B01F101011B
:10308000E9D20BE723F0100269280D9240F06F811E
:1030900013F4806204D04FF4806223F011030D9387
:1030A0000D9B13F4007640D10B9B03F104080D9B9C
:1030B00013F4807040F09880590640F1C6800B9B55
:1030C00019780C46CB0F002900F0B98022460DF18B
:1030D000480E74461646DFF8A0C201E020280FD043
:1030E0003546ACFB0621C90801EB8102A6EB420282
:1030F0003032092D0E4600F1010004F8012BEDD805
:103100000D9ACDE9010306920C9ACDE904720A23C7
:103110004A4603935846DDE90931CDF800E0FEF751
:10312000B1FECDF82C80814653E40B9C073424F08B
:10313000070421460846636850F8081BDC0F0B9013
:1031400051EA030000F0C3800A46191E48DB13460B
:103150000DF1480EF4460026CDE90E94DFF81882F2
:1031600001E0202E2DD05A1842F10002A8FB02598E
:1031700029F0030505EB9905521B1C469B1A61F1CA
:10318000000508464FF0CC3101FB03F108FB0511A7
:10319000A3FB08531944052305F00109A9FB0339D2
:1031A0009B180A2C03F130034FEA550570F100001B
:1031B0000CF8013B06F1010645EAC1734FEA5101E3
:1031C000CFD2DDE90E940D9B4A4606930C9BCDE9C8
:1031D0000164CDE904730A23CDF800E0039328E7E6
:1031E000524261EB4101B2E70B9B1968CB0F0029FA
:1031F00000F0AB8081EAE172A2EBE1720DF1480EC2
:103200007046DFF874C101E0202E10D01546ACFBEB
:103210000241C90801EB8104A2EB440404F130022D
:10322000092D00F8012B06F101060A46ECD80D9A8B
:10323000CDE9016306920C9ACDE9047267E7002A92
:103240003FF445AF0DF1480E5AE713F0800F0B9B8A
:1032500000F08180B3F9001081EAE174A4EBE1741D
:10326000A4B22FE713F0200F14BF412261220DF109
:10327000480E0A3ACDE90D97CDF844B000267746BE
:10328000F3469146CDE90F3C03E0202E17D00446CB
:103290000D46294642460023204613F079FED2B25D
:1032A000092A02F1300388BF02EB09034445DBB26F
:1032B00075F1000507F8013B06F10106E5D2DE468F
:1032C000DDE90D97DDE90F3CDDF844B0A6E6002A04
:1032D00047D1134611463BE70B990968A1B923F082
:1032E000100388B10DF1480E06930C9BCDF80CC06D
:1032F000CDE904730192D8E513F480627FF4CBAE7C
:1033000023F010030D93CBE613F0200F14BF4120E0
:1033100061200DF1480E7646A0F10A0802E0202A4D
:10332000E2D02146B1FBFCF40CFB1415E8B2092DE8
:1033300000F130058ABF4044E8B2C0B2614506F8EA
:10334000010B02F10102EAD2CEE7002A3FF456AFA8
:103350000DF1480E6BE7196881EAE174A4EBE174A2
:10336000B0E600260DF1480E2DE701362BE64FF0B2
:103370000A081346C44671E5CDCCCCCC84460CB4C7
:1033800010B584B006AC54F8043B0A46009461467C
:1033900004480394FFF7FEFA04B0BDE8104002B001
:1033A000704700BFDD1D001030B594468E460546BF
:1033B0001C4683B029467246634600940248FFF7D4
:1033C000E9FA03B030BD00BFDD1D001070B59446B2
:1033D0001E4605460C4684B04FF0FF32634602A9F4
:1033E00000960348CDE90254FFF7D4FA04B070BD4B
:1033F0003121001010B5094B84B01C684CB1034654
:1034000000914FF0FF3203A90548A047012004B006
:1034100010BD00F099F9204604B010BD688100206D
:103420002921001000BEFDE7074A0346106838B1A5
:10343000064903448B428CBF4FF0FF301360704746
:10344000034908461160F3E7587D0020000008207A
:103450007082002008B5FFF7E5FF00BF38B5064CC5
:10346000064DFEF719FAAC4204D254F8043B9847D3
:10347000AC42FAD338BD00BF48700110547001103F
:103480000368084611461847437D2DE9F0478146F9
:103490000F461646002B43D0002A3BDD037D00205B
:1034A0004D1E014615F8012FDFF884800A2A01F12C
:1034B00001040ED0A6421CD02B782146A3F10D03A7
:1034C000B3FA83F315F8012F5B090A2A01F101040D
:1034D000F0D1002BEED18142A1EB000138441BDC7E
:1034E00002214046D9F800309847A64208D020462D
:1034F000E2E7864204DD311AD9F8003038449847B3
:10350000374417F8013CA3F10D03B3FA83F35B09C9
:1035100089F81430BDE8F087D9F800309847DFE724
:103520003846D9F800301146BDE8F047184700BFCB
:10353000A08101100B682DE9F041802B0D46064655
:1035400005D05A1C2B442A601E71BDE8F0810F4B38
:103550001C68A4B10E4F01F1040801E0246974B1A4
:103560002368002BFAD03B680BB1A342F6D120466A
:1035700041462A68FFF788FF2469002CF0D1002318
:1035800001222B442A601E71BDE8F081283B0020F7
:10359000387B00202DE9F04782B00D4692469946CF
:1035A0000746FDF723FF4FF0FF366FF000442F4A28
:1035B000821841F10003964274EB03013CBF32468E
:1035C00023462B4813F000FD6B1C804603D1384680
:1035D00011F0E0F90546274B274E1C68274BB9F13F
:1035E000000F18BF1E46B4B1BAF1000F1AD1DFF8B0
:1035F000909001E0246974B12368002BFAD0D9F8C7
:1036000000300BB19C42F5D120462A463946B047DE
:103610002469002CF0D1B8F1000F1FD1284602B068
:10362000BDE8F0874FF00A0ADFF8549002E0246901
:10363000002CF0D02368002BF9D0D9F800300BB162
:10364000A342F4D12A4639462046B04701222046FB
:103650000DF107018DF807A0B047E8E7044813F023
:103660009BFC284602B0BDE8F08700BF40420F0037
:1036700020280020283B00208134001089340010CD
:10368000387B00200A4A13684BB1834202D109E01B
:10369000984207D003F110021B69002BF8D101B149
:1036A000106070470029FCD1036913600161704705
:1036B000283B002008B500F0A7F900F0DDFB012051
:1036C00008BD00BFF0B583B006468DF80700FDF7D2
:1036D0008DFE4FF0FF356FF00044174A821841F11C
:1036E0000003954274EB03013CBF23462A4613486E
:1036F00013F06AFC124B07461C689CB1114D01E0A7
:1037000024697CB12368002BFAD02B680BB19C4252
:10371000F6D1204601220DF10701FFF7B5FE24691D
:10372000002CEFD117B9304603B0F0BD034813F0B9
:1037300033FC304603B0F0BD40420F00202800208B
:10374000283B0020387B002038B5044611F022F9D0
:10375000012305461A4620462946FFF71BFF084B62
:103760001C682CB163682BB198472469002CF9D1EF
:10377000284638BD2469002CF4D1284638BD00BF46
:10378000283B00202DE9F041A2B004460D46FDF78C
:103790002DFE4FF0FF376FF00046274A821841F1A7
:1037A0000003974276EB03013CBF3A463346234879
:1037B00013F00AFC00262B4607462246204801A9A2
:1037C0000196FFF703FE019B06467BB91D4B1C6863
:1037D0002CB1636843B198472469002CF9D10FBB21
:1037E000304622B0BDE8F0812469F1E7DFF854806B
:1037F000D8F80050EDB1144C01E02D6975B12B687B
:10380000002BFAD023680BB1AB42F6D12846019ABF
:1038100002A9FFF739FE2D69002DF0D1D8F800403C
:103820000195D5E7054813F0B7FB304622B0BDE857
:10383000F0810195D3E700BF40420F00202800200F
:1038400035350010283B0020387B00200FB400B530
:1038500083B004A951F8040B0191FFF793FF03B063
:103860005DF804EB04B07047B1F1000C1DDD0F4AA8
:103870000F4B126830B5D31AB3FA83F30D240D4DF4
:103880005B09411E35F913E08C4411F8010F8645A0
:1038900006D093699B06FCD461451060F5D130BD1C
:1038A00093699D06FCD41460F3E7704744820020BE
:1038B0000080074040820020224BB1F1000C10B480
:1038C0001C682EDD034600201F4A591E12689369AA
:1038D000DB0617D401309369DB06FCD413688445FA
:1038E00001F8013FF3D14CB150211346916353F8D5
:1038F000342F02F0380203F580531A6060465DF8F9
:10390000044B70474CB150211346916353F8342F48
:1039100002F0380203F580531A6078B15DF8044B69
:1039200070475CB1084B50211A681346916353F8F5
:10393000342F02F0380203F580531A606FF0020052
:10394000ECE700BFBC3A002044820020054B1B6816
:1039500033B10021044A0548126800689163184792
:10396000704700BFBC3A002044820020C43A0020C7
:10397000024B1A6893691B07FCD4704744820020ED
:10398000F8B51C4F1C4D3A681C4EAA4214BF2125A5
:1039900022250446D6F800C018B1BCF1000F10D0A3
:1039A000F8BDBCF1000FFBD0014690632846FCF740
:1039B000E7FD28461249FCF74BFF124B34601C60B0
:1039C000F8BD0B460F4A0E49306028461360FCF7DD
:1039D0001BFE01212846FCF7D3FD3A68502113460F
:1039E000916353F8342F02F0380203F580531A60C4
:1039F000F8BD00BF4482002000800740BC3A002090
:103A00004D390010C43A002010B50E490E4C0F4835
:103A10000F4A104B007821600020022112781B7899
:103A2000FCF71CFC02210120FCF718FC4FF4E131EB
:103A30002068FDF739FDBDE8104001210648FFF779
:103A400021BE00BF000007404482002090C3021046
:103A50008CC3021088C302100C1D0020704700BFE9
:103A60000022014B1A7070476C8200204B79FF2BAB
:103A70000BD1887948B9CB79012B07D1082A05D910
:103A8000034B8A7809201A7070470020704700BFE6
:103A90006C82002001207047012901D0012070476D
:103AA00008B5104B91881B78994201D0002008BDC1
:103AB0005378012B08D0022BF8D10021642208464C
:103AC000FDF728FE012008BD5188CB054BBF4A0AEF
:103AD0004A0A10464FF0FF3002F0010201F07F0168
:103AE000FDF796FE6C82002000487047908201101E
:103AF000012907D15378012B02D19388072B03D0DA
:103B000000207047012070471146A623014A01F0AA
:103B10002FBA00BFE88101100346012201481A7044
:103B2000704700BFC881011008B50B68B3F5966FE8
:103B300000D008BD00224FF0FF301146FDF768FEAF
:103B4000024A034B10601960704700BFC03A002062
:103B5000C83A0020184B70B51A68002A28D0EFF335
:103B6000108172B6D2E8CF4F0120002CFAD1C2E802
:103B7000440F002CF6D1BFF35F8F00220F4C186862
:103B800059602270C0E88F2F81F31088002400252F
:103B90000B4E3078FCF70AFD20B9002400252046A2
:103BA000294670BD3078FCF711FD2046294670BDCE
:103BB0004FF47A740025EBE78C8100206E820020A0
:103BC0006D820020014B1878FCF700BD6D8200204B
:103BD00038B5044600200D4601F0ECFAA8B30020E9
:103BE00001F0FEFA88B3FDF701FC4FF0FF3E6FF0E5
:103BF000004C174A821841F1000396457CEB030103
:103C00003CBF72466346134813F0DEF9E8B100206A
:103C100001F0D0FA58B900214FF0FF3000F000FD5C
:103C20006FF002040B4813F0B7F9204638BD0020AE
:103C300001F0D6FA0028EED021462A46002001F0F5
:103C4000DBFA04460028EDD1EAE76FF00204ECE766
:103C500040420F003882002008B5FDF7C7FB4FF047
:103C6000FF3E6FF0004C0F4A821841F10003964569
:103C70007CEB03013CBF724663460B4813F0A4F98A
:103C800070B14FF0FF30002100F0CAFC002001F0BD
:103C9000FBFA0028F5D1BDE80840034813F07CB9D1
:103CA00008BD00BF40420F00388200202DE9F843D4
:103CB00007460E46FDF79AFB4FF0FF356FF00044C4
:103CC000334A821841F10003954274EB03013CBF73
:103CD0002A4623462F4813F077F908B9BDE8F88340
:103CE000002001F067FA002848D0002E41DD0025B1
:103CF000DFF8A480DFF8A49013E02246002001F052
:103D000009FB002104464FF0FF3000F089FC002041
:103D100001F0BAFAFDF76AFBC8E900012544AE429A
:103D200027DD002001F016FB741B8442A8BF044667
:103D30007919002CE1D121464FF0FF3000F070FCE2
:103D4000204601F0A1FA204601F034FA88B120465D
:103D500001F000FB0028E2D1FDF748FBD8F8003065
:103D6000D8F8042013EB090342F1000283428A4190
:103D7000D5D20848BDE8F84313F00EB90020002161
:103D8000054BC3E90001BDE8F843024813F004B94C
:103D900040420F00388200205031002020A107004F
:103DA00030B5002185B02E4813F01EF9F0B92D4B27
:103DB0001A68CAB1EFF3108172B6D2E8CF5F01245E
:103DC000002DFAD1C2E8454F002DF6D1BFF35F8F29
:103DD000254C1D6822785960D3B201222270C5E8B3
:103DE0008F0F81F31088CBB105B030BD00214FF0AB
:103DF000FF3000F015FC002001F0F2F904461848ED
:103E000013F0CAF8002CEFD0184B1B68002BEBD036
:103E1000174A106805B0BDE830401847FDF7E8F8CC
:103E20000446FDF7E3FA4FF0FF3C6FF0004510F554
:103E30007A7241F10003944575EB030138BF2B46BC
:103E40004FF000014FF0010520460A4C38BF624692
:103E5000CDE901150094FDF7CFF805B030BD00BFE6
:103E6000388200208C8100206E820020C03A002021
:103E7000C83A0020553B00104FF0504330B585B094
:103E80001C68FDF7B5F8FDF7C9F9A04202D0002083
:103E900005B030BD294B1B7801F02EFD2848036882
:103EA000002B47D00120FCF72FFE0346254C264966
:103EB000C0B22370FCF7A8FB20780121FCF760FB5F
:103EC0000E20FCF78FFB40BB204B0125C3E900000F
:103ED000FDF78EF80446FDF789FA4FF0FF3E6FF0CC
:103EE000004C10F57A7241F1000396457CEB03011A
:103EF0004FF000012046164C3CBF72466346CDE9A8
:103F000001150094FDF778F80028C0DB0121114865
:103F1000FFF7B8FB012005B030BD0120FCF7ECFA3B
:103F200001460A48FCF74CFE00220E200A49FCF725
:103F30009BFBEBE7FCF728FEB4E700BF94C302103D
:103F4000388200206D820020A13D00108C8100206D
:103F5000553B0010241D0020C53B00100048704751
:103F60002C83011000487047D882011038B5184BD7
:103F700004461A780AB344B940F209424FF4417337
:103F8000144D6A8013482B8038BD052C1AD8124B6B
:103F9000104D53F8241028460023013903E0132B59
:103FA00020F8022F10D011F8012F0133DBB2002AC4
:103FB000F5D15B0043F44073E4E71121184600F0AB
:103FC00025F8D8E7002038BD4FF44A73DAE700BF80
:103FD00048820020003B0020C082011000B545F25D
:103FE00047308BB0FDF708FC01220346092101A8E8
:103FF0009847DDE90332044912BA1BBAC1E900232C
:104000000BB05DF804FB00BFB8810020012901F16D
:10401000FF3300F0B3805D490A784FEA121C9F2AF3
:104020008CBF0CF1370C0CF1300C012B80F800C068
:1040300000F0A78002F00F02092A8CBF373230321D
:10404000022B427000F09D804A784FEA121C9F2A92
:104050008CBF0CF1370C0CF1300C032B80F802C034
:1040600000F08F8002F00F02092A8CBF3732303205
:10407000042BC27000F085808A784FEA121C9F2AB8
:104080008CBF0CF1370C0CF1300C052B80F804C000
:1040900077D002F00F02092A8CBF37323032062B5C
:1040A00042716ED0CA784FEA121C9F2A8CBF0CF165
:1040B000370C0CF1300C072B80F806C061D002F0F1
:1040C0000F02092A8CBF37323032082BC27158D008
:1040D0000A794FEA121C9F2A8CBF0CF1370C0CF1A5
:1040E000300C092B80F808C04BD002F00F02092ACF
:1040F0008CBF373230320A2B427242D04A794FEAB3
:10410000121C9F2A8CBF0CF1370C0CF1300C0B2BBE
:1041100080F80AC035D002F00F02092A8CBF37326E
:1041200030320C2BC2722CD08A794FEA121C9F2A93
:104130008CBF0CF1370C0CF1300C0D2B80F80CC03F
:104140001FD002F00F02092A8CBF373230320E2BFB
:10415000427316D0CA7911099F2A8CBF373130318A
:104160000F2B81730DD002F00F02092A94BF303259
:104170003732102BC27318BF103002D000230370E7
:104180007047184400230370704700BFB8810020B7
:1041900070B500F02BF90C2340251B4CFF220E209C
:1041A0001A49A367FCF760FA194B002118462A4602
:1041B0000FF0D4FC0346002180200126154A5884C4
:1041C0009A60843A59605E701D831D87C2F884101E
:1041D000C2F8801002F58072DA60DA62803A83F801
:1041E000211083F83B1059629A6212F001FF4FF0E0
:1041F00000504FF480320849084B2664E064C4F84C
:104200009010DA6470BD00BF00001150A5040020BA
:104210005C7D00208400105010D00100002011505F
:1042200001210E20FCF7ACB900220248114600F033
:10423000FDB800BF7C7D0020044B197021B14FF404
:104240000032034BC3F89020704700BF6882002003
:10425000002011500B785B0602D14B78052B00D063
:1042600070474B88014ADBB2136070470000115061
:104270004FF0000C2DE9F0418878354D00F07F02B9
:104280005600CF788B8806EBD01105EB4111C4099D
:104290008870C7F30100C876C3F30A0384F00100F5
:1042A00081F803C00B83487007F00307D10084BB7B
:1042B0002848043105EB821E01EB0008CEF8088087
:1042C00041F800C082B32449D2001144CEF8041052
:1042D00022483F33016823F03F03022F204A08BFE2
:1042E0005B000B44036081EA02085340321905EB7E
:1042F0004212B3F5805FD16027D8264405EB4615FE
:104300006B6848EA876242F0004201201A60BDE80B
:10431000F081DFF840E010B2714405EB8218C8F874
:1043200028104EF830C042B900230E4A05EB441461
:104330000120E2606360BDE8F081D20002F1A0429A
:1043400002F58012C8F82420C2E7FDF79FFAD4E7EF
:104350005C7D00208000105004001050708100200F
:10436000000010500001105012F042BE8C4608B5FB
:10437000114607481A460CF07F034FEADC1C0CEB91
:10438000430C00EB4C1000F051F8012008BD00BFB9
:104390005C7D0020CB0911F07F0103D1064AC3F1F7
:1043A00002009066054803EB41034FF400620021D0
:1043B00000EB431012F004BE002011505C7D002081
:1043C00011F07F0300D17047002210B4C809064CD9
:1043D00000EB430004EB40136FF4006118465DF8F6
:1043E000044BDA7012F0ECBD5C7D00204FF080527F
:1043F00009480A4908B50A4B02600A609968C9432E
:1044000011F08051FAD14FF4805206480FF0A6FB0C
:104410000922054B5A6708BD0020024000300240C7
:1044200000000240000010500000115000234FF027
:10443000010C10B580F81AC08282C3820161044663
:1044400012F0A2FD20B14FF40032074BC3F89020C8
:10445000204612F0A9FD10B10123237710BD20469C
:10446000BDE8104012F084BD002011502DE9F0414C
:1044700000241D4E054623463278DFF878801B4F16
:104480000DE03B6813EB441325D0DB6828469847C2
:1044900032780134E4B2511CA142234606DBA24229
:1044A000A3EB0203EDD808EB4313EEE7104C5422C4
:1044B000002120460FF052FB4FF0FF33251D6360B3
:1044C000C5E90133EB6004F114002022BDE8F0419E
:1044D000FF210FF043BB4FF0E023D3F8F03DDB07A3
:1044E00000D500BEBDE8F081678200203C3400208A
:1044F000C834002040830110704700BF704700BFE0
:104500000020704700207047704700BF704700BF11
:10451000704700BF704700BF024B5878003818BF83
:1045200001207047C8340020024B1878C0F3800087
:10453000704700BFC83400202DE9F8432C4F3B786A
:10454000FF2B02D00120BDE8F8830021542206464B
:1045500028480FF003FB0022274C284B20461A70F6
:10456000FCF712FB264B27481C60274CFCF71AFB74
:10457000204601F083FD254A254B264D146063B388
:104580002846FFF7C9FA244B2A7818600024DFF880
:104590008C902346DFF880800EE0D8F8003013EBD3
:1045A000441311D05B687BB198472A780134E4B298
:1045B000511CA142234612DBA242EED89B1A09EB02
:1045C00043135B68002BEFD14FF0E023D3F8F03DAD
:1045D000DB0700D500BE0020B5E72A78D6E73046D5
:1045E0003E70FFF7D5FD3046FFF71AFEAAE700BF81
:1045F000581D0020C834002080340020698200202B
:104600001C350020501D00203C1D002020350020BE
:10461000193B0010678200203C34002040830110C9
:104620002DE9F04FDFF8C8928BB099F80030FF2BDE
:1046300000F0F180A84CA94DDFF8B0A2DFF8B4B2C9
:1046400026687369EFF3108272B6D3E8CF0F0121A9
:104650000028FAD1C3E8401F0028F6D1BFF35F8FCE
:10466000B261304607A901F057FB00237269C2E826
:104670008F3FB36983F31088002800F0CC809DF849
:104680001D30013B072B00F27D83DFE803F0A7B16B
:10469000959D8E350A04089B002BD1D00998984728
:1046A000CEE79DF8201001F07F0605EB460000EBF9
:1046B000D11090F8343023F0010380F8343090F8B2
:1046C000343023F0040380F83430002E00F0A6804C
:1046D000037D9AF80020934280F09380804A12680C
:1046E00012EB431300F090809E699DF82120099BF6
:1046F0009DF81C00B047A3E79BF80030002B00F0AA
:1047000083809BF80030013BDBB28BF800309BF8D4
:10471000003003F0FF00002B92D1704F9DF81C80F9
:104720003B7843F001033B7097F8343060F30003AB
:1047300087F8343097F8343060F3820387F83430E8
:1047400097F8353060F3000387F8353097F8353047
:1047500060F3820387F8353000F06AFC9DF8203062
:1047600003F06002602A6CD0402A7CD003F01F0363
:10477000012B00F0C180022B00F08180002B60D162
:10478000202A00F0E981002A5BD19DF82130092B15
:1047900057D8DFE813F0B001A2015600C10156005E
:1047A00095016B0156006001F4002B78D9077FF565
:1047B00047AFFFF7AFFE43E7EB78DA077FF540AF8F
:1047C0000898FFF79BFE3BE72B78D8077FF538AFBB
:1047D0002878C0F3C000FFF79BFE31E79DF81C006E
:1047E000FFF744FE00F01AFC9DF82030AB7027E77D
:1047F0009DF81C00FFF73AFE00F010FCFFF786FE64
:104800001EE7501C984211DA4FF0E023D3F8F03D38
:10481000DC0700D500BE0BB0BDE8F08F099B9DF80A
:1048200021209DF81C0000F017FC09E79B1A2D4A77
:1048300002EB431358E7FFF795FB0246002840F0D0
:1048400082814FF0E023D3F8F03DDE0700D500BEB3
:104850009DF81C000021FFF79DFD80219DF81C00A4
:10486000FFF798FDECE6204800F0E2FB012140460E
:1048700008AAFFF73DF900287FF4E2AEE8E79DF8CB
:10488000241011F0700FDCD101F07F0607EB460019
:10489000164B00EBD1101B78007D760001969842F4
:1048A0004FEAD116009659D35E1C8642C0F266814B
:1048B000C01A0C4B03EB4016002A00F063817069AC
:1048C00000F0B6FB01214046736908AA984700280A
:1048D0007FF4B6AEBCE700BF20350020C83400200E
:1048E0003C34002040830110F13A00106782002020
:1048F000581D0020698200209DF824300F2BA7D876
:10490000AE4A3B441B791278934232D3511C9942F0
:104910009EDBAB4E9B1A06EB4316706900F088FBDA
:1049200001214046736908AA984700287FF488AEA1
:104930009DF8203013F060068AD19DF821300A3BA3
:10494000012B85D800F074FB9DF821300A2B00F074
:10495000F281404608A900F0F1FA71E6994B1B6814
:1049600003EB4016002A00F00D81002E3FF470AFDB
:10497000A5E7944A166816EB4316CED168E77B7814
:104980009DF822609E4200F04F817B78002B40F022
:10499000BE817E70002E00F04581701EC0B2FFF710
:1049A000E1FA0346002800F05F814278022A40F0D5
:1049B0005B81C17903F10906C1F340121201C1F311
:1049C000801142EA41123146387820F0300002432B
:1049D0003A705A88CDF80C809A180192019B8B424C
:1049E00040F2A4814A780B2A00F0AF810123042A07
:1049F00040F03A810026019A0096521A92B2029231
:104A00006E4A049312781DE06E4B1B6813EB461838
:104A100000F02A81029AD8F810300398059198473F
:104A200008280246059906F1010303D9029890422D
:104A300080F0FF80DEB2614B00961A78531C9E42D4
:104A400000F31281009BB242A3EB0202DCD85C4B64
:104A500003EB4218DEE77B7840468DF81A300DF103
:104A60001A02012308A900F083FAE9E5BDF8220043
:104A7000030A013B020AC0B20E2B3FF6E9AE01A1C8
:104A800051F823F0994C0010354B0010D54C001014
:104A90005148001051480010B74C0010354B001021
:104AA0005148001051480010514800105148001062
:104AB0005148001051480010514800108B4C001014
:104AC00008A800F0BBFA40469DF82210FFF7ACFBA7
:104AD0003B7843F002033B70B2E5BDF82230012B76
:104AE0007FF4B6AE3B78404623F0080308A93B703C
:104AF00000F024FAA4E540463B789A0802F002024E
:104B0000C3F340131343ADF81A300DF11A02022318
:104B100008A900F02DFA93E5BDF82230012B7FF4AF
:104B200097AE3B78404643F0080308A93B7000F07D
:104B300005FA85E5022A3FF47EAEFFF7E3FC024664
:104B400000283FF485AE4046538808A900F010FACB
:104B500000287FF475AD7BE69DF824300F2B3FF6DF
:104B600077AE164A3B441B79127893421DD2154A00
:104B7000166816EB43167FF4A2AE69E6002A7FF4AE
:104B800067AE00269DF8212002F0FD03012B1BD00B
:104B9000002A7FF456AE019B009A3B44134493F8DD
:104BA00034304046C3F34003ADE7511C9942FFF651
:104BB0004FAE034E9B1A06EB431680E66782002039
:104BC000408301103C340020BDF82230B3B9012AE3
:104BD00099F8000000F08680FFF7DCFB019B009A4B
:104BE0003B44134493F8342042F0020283F834200B
:104BF00093F8342042F0010283F83420002E3FF471
:104C00001FAD706900F014FA7369012108AA4046CB
:104C10009847002000F00CFA97F83530DF073FF591
:104C20000FAD96E6FFF772FC404608A900F086F942
:104C300006E5049B012B00F09E80002B00F08A808B
:104C4000002091F8028005E08CF804605FFA80FC97
:104C500063457FD908EB000C57FA8CFC9CF804E004
:104C60000130BEF1FF0FEFD04FF0E023D3F8F03D5D
:104C7000DA0700D500BE4FF0E023D3F8F03DDB07A4
:104C800000D500BE00237B70E2E5FEF72DFF024653
:104C900000287FF458AFDBE5FFF760F902460028F3
:104CA0003FF4CFAD4046122308A900F061F9002877
:104CB0007FF4C6ACCCE5FFF723FC024600283FF4A6
:104CC000C7AD4046137808A900F052F900287FF4D8
:104CD000B7ACBDE5BDF82410FFF748F9024600283F
:104CE000EFD1B5E50293FFF76BFB019A009B3A44C5
:104CF0001A4492F83410029B63F3410182F8341095
:104D000092F8341063F3000182F8341076E7002142
:104D10004046FFF791FA4046FFF726FBBB78404636
:104D20000093FFF7A3FB009BBB7032E6DDF80C801D
:104D3000FFF7EAFB78E74046012308A90DF11A02C4
:104D40008DF81A6000F014F97AE40A78CB781144EF
:104D50004A784CE6334610480492029100F052FE25
:104D60000E4B049A02991B781144009A0133934226
:104D7000BFF634AE78E7D8F810C00948844508BFBC
:104D800002235DE74FF0E023D3F8F03DDB077FF52A
:104D900057AC00BE54E400BFDC3400206782002022
:104DA0005D5400102DE9F84FDDF82880002A3FD02F
:104DB0000C461E4615464FF0000B1F4FDFF87C9047
:104DC00017E0204699F8021000F0EAFDF8B12146FC
:104DD0005046FFF74DFA08B3A3780BF1010BDA093F
:104DE00016BF0B9A88F8003013702378AB451C442B
:104DF0001ED06378052B11D1E17801F00301B14297
:104E00000CD1A37897F800A013F0700FD9D04FF011
:104E1000E023D3F8F03DDA0700D500BE4FF0E023E1
:104E2000D3F8F03DDB0700D500BE0020BDE8F88FC9
:104E30000120BDE8F88F00BF581D0020C8340020B5
:104E400038B50E4B1D788B7813F0700F08D04FF0EB
:104E5000E023D3F8F03DDB0700D500BE002038BDCD
:104E6000074B0C460846997800F09AFD0028EED0D2
:104E700021462846BDE83840FFF7FAB9581D002002
:104E8000C83400200B46064A06481168DA09343255
:104E900003F07F0302EB4303184400F03BBD00BF67
:104EA0001C350020C83400200B46064A064811680D
:104EB000DA09343203F07F0302EB4303184400F0B5
:104EC00053BD00BF1C350020C834002010B5194C5C
:104ED00001F07F0E04EB4E0404EBD11494F834C0BF
:104EE00015481CF0010F04F13004007808D04FF091
:104EF000E023D3F8F03DDA0700D500BE002010BD56
:104F000094F804C04CF0010C84F804C0FFF72EFAAA
:104F10000028F4D14FF0E021227960F300022271E1
:104F2000227960F382022271D1F8F03DDB07E5D5EA
:104F3000E3E700BFC8340020581D002030B50B4CFB
:104F40008C46A6460546086849680023AEE803007B
:104F50009CF800102846C943C4E90233BDE830403C
:104F60001A4601F08001FFF7B1BF00BF44340020B2
:104F70002DE9F041274F4FF00008BE468C4606460B
:104F800008684968BA60AEE80300A7F80E801546C5
:104F9000BCF80620934228BF1346BB819AB11C4639
:104FA0002BB3DDB197F90030402C28BF4024002BF3
:104FB00028DB414623463046174AFFF787FF68B192
:104FC0000120BDE8F0819CF800101346C94330462B
:104FD00001F08001FFF77AFF0028F1D14FF0E023C4
:104FE000D3F8F03DDB0700D500BE0020E9E71A4604
:104FF000397801F0800123463046FFF767FF00282B
:10500000DED1EBE72246294603480FF04DFC802114
:10501000014AF0E744340020883400200022034B8A
:10502000C3E90022C3E902221A6170474434002018
:10503000014B1861704700BF4434002030B4024671
:10504000044C0025234600685168C4E9025530BC71
:1050500003C370474434002070B53C4CC909227822
:105060000646B1EBD21F1D4682B017D053B14FF0A8
:10507000E023D3F8F03DDB0702D4002002B070BD7E
:1050800000BEFAE72146FFF7E5F823691BB1224687
:10509000032130469847012002B070BD94F90030DA
:1050A000A068002B05DB0028E7D02A4628490FF02E
:1050B000FBFBE089A168E388284480B2294483424D
:1050C000E081A16016D03F2D14D9A28994F9004047
:1050D000131A9BB2402B28BF4023002C26DB9042A2
:1050E0004FF0000130D01A4A3046FFF7EFFE00289B
:1050F000D1D1BCE7236923B102213046134A984736
:1051000058B121780023C94330461A4601F0800186
:10511000FFF7DCFE0028BED1A9E701463046FFF7C5
:1051200039F980213046FFF735F9B4E7904208D0CD
:105130001A46074801930FF0B7FB8021044A019BF0
:10514000D2E780210022CFE70A46CDE74434002091
:105150008834002070B50446FFF7DEF900B970BD51
:10516000FFF7E2F905460028F9D1E378002BF6D0E5
:1051700004F11006304600F0BDFD3F28EFD9284667
:10518000E178FFF77FFE0028E9D0304600F0B2FD5D
:105190003F2808D92846E17804F512724023BDE87B
:1051A0007040FFF793BE2846E178BDE87040FFF7F6
:1051B0007BBE00BF10B50446FFF7AEF908B900206A
:1051C00010BDFFF7B1F90028F9D14FF43272034B4B
:1051D00002FB0433187900F0010010BD38280020CC
:1051E0004FF4327208B5034B02FB003000F068FD4B
:1051F00008BD00BF482800202DE9F8434FF6FF7492
:105200004FF43273A24228BF224603FB00F41D4F25
:1052100004F110053D44284692B200F0C7FD064651
:10522000FFF77AF910B93046BDE8F883FFF77CF94B
:1052300081460028F7D107EB040898F80330002BCB
:10524000F1D0284600F056FD3F28ECD9484698F8A2
:105250000310FFF717FE0028E5D0284600F04AFDAE
:105260003F2809D904F512724846402398F80310E4
:105270003A44FFF72BFED6E7484698F80310FFF7AD
:1052800013FED0E7382800202DE9F0410446FFF74F
:1052900043F910B90020BDE8F081FFF745F9064653
:1052A0000028F7D14FF4327303FB04F4DFF8608079
:1052B00004F124054544284600F002FD0028E9D009
:1052C00008EB04073046B978FFF7DCFD0028E1D091
:1052D00004F52274444428464022214600F066FD2D
:1052E000054680B1034622463046B978FFF7EEFD09
:1052F00038B94FF0E023D3F8F03DDB07CAD500BE44
:10530000C8E72846C7E7B978FFF7CEFDC2E700BF78
:105310003828002038B54FF6FF754FF43273AA4293
:1053200028BF2A460A4C92B203FB00440546204699
:1053300000F0F8FD034620461C4600F0C1FC3F2863
:1053400001D8204638BD2846FFF79EFF204638BDCD
:105350005C2800204FF4327208B5034B02FB00308A
:1053600000F0C8FC08BD00BF5C280020F0B51B4C55
:1053700083B04FF43272002120460EF0EFFB00257F
:10538000FF234FF4E1310822154804F50E7705702C
:10539000009504F110006371A160A27304F138015B
:1053A00001234FF4807200F05BFC01234FF4807204
:1053B00004F59C71009304F1240000F051FC04F505
:1053C00010763846FBF7E0FB3046FBF7DDFBC4E91F
:1053D0000757C4E90C6503B0F0BD00BF38280020B2
:1053E00040340020094B196B49B11A6A12B10022EE
:1053F000C3E907220022C3E90C22012070471A6A80
:10540000002AFAD00120C3E907117047382800208C
:10541000002210B50E4C0F48237802600271DA07A3
:1054200007D59B070BD5BDE8104001210A4800F0C5
:1054300041BE103000F022FE23789B07F3D40648CB
:1054400000F01CFEBDE810400121034800F032BE10
:1054500040340020382800205C280020F0B54B792B
:1054600083B0022B03D00025284603B0F0BD8B7912
:10547000022BF8D1244FBB787BBB8B7806463B7060
:105480000B780925CC18617824290BD1082A02D879
:105490001FE0AA421DD323781C4461782B442429A1
:1054A0009DB2F6D0052920D0042912D163790A2BA8
:1054B0000FD1164B27780193013300930223304616
:1054C0001A46E119FFF76EFC38B10E3517FA85F56B
:1054D000ADB20D48FFF73EFEC6E74FF0E023D3F82C
:1054E000F03DDB07BFD500BEBDE721463046FFF7E4
:1054F000A7FC0028F1D0A3787B7023781C442B44B0
:1055000061789DB2D0E700BF382800203A280020FB
:10551000137803F06003202B0ED170B5274C9388CD
:1055200094F800C09C4509D15378203B032B05D843
:10553000DFE803F00C18200600207047002070BD43
:1055400001292ED0032930D0012070BD01290BD0B4
:105550000329F9D11A4B002BF6D000201949FEF788
:10556000E3FAF1E70129EFD111460723154AFFF7C6
:10557000FFFCE9E7012914D00329E5D15588124839
:1055800005F0010686F00101257100F093FD0F4B37
:10559000002BD9D031460020C5F34002AFF3008084
:1055A000D2E71146FFF7CAFCCEE7094B002BCBD060
:1055B00000205188AFF30080C6E700BF38280020E4
:1055C000293B0010402800205C280020000000003B
:1055D000000000002DE9F047374E0C46F2780746F0
:1055E0008A421D4696F802C03CD08C4513D04FF03D
:1055F000E023D3F8F03DDB0700D500BE0020BDE876
:10560000F0872E4B23B12E4800F06AFB00284FD0C4
:105610002948FFF79FFDB378A34202D00120BDE8DF
:10562000F087284B13B10020AFF300800020FFF774
:105630002BFE0028F2D1244800F042FB0028EDD1D7
:10564000002DEBD015F03F05E8D13846B178FFF7D3
:1056500019FC0028E2D02B462A463846B178FFF7DD
:1056600035FCDBE79AB206F5127106F1100000F086
:1056700059FC164B002BC4D07379FF2BC1D0002DE1
:10568000BFD006F2472808EB050AA8F2372902E046
:10569000C245B6D0737918F8012F9A42F8D148461E
:1056A00000F01EFB0028F3D17179AFF30080EFE723
:1056B000AFF30080ACE700BF3828002000000000F6
:1056C00048280020000000005C28002000000000A6
:1056D00070B5154C84B04FF43372002120460EF0A3
:1056E0003DFA402600234FF48075221D029204F5F6
:1056F000E6721946CDE9002503961A4604F5D470E2
:1057000000F0ACF9002304F1440104F1A800CDE954
:105710000216009001221946019504F1840000F060
:105720009DF904B070BD00BFF035002010B5054CE8
:10573000204600F0BFF9A4F5927000F0BBF90120FB
:1057400010BD00BF98370020002310B5054C04F5AC
:10575000D870237000F092FC04F18C00BDE810407A
:1057600000F08CBCF03500202DE9F84F4B79FF2B71
:1057700002D00020BDE8F88F3A4D0E4695F8A931C9
:105780000C78002BF5D195F88570002FF1D18B782E
:105790000C442B700B79002B3ED0804604EB020B9F
:1057A00005F5D87A05F5D4796378052B09D0A3459A
:1057B00002D831E05C452FD223781C446378052B56
:1057C000F8D1A34528D921464046FFF739FB0028E8
:1057D0003FD0A378DB0923D1504600F04FFCA378DB
:1057E00095F8A81185F8A931A3884046C3F30A03A8
:1057F000A3F50073B3FA83F35B0963F3410185F802
:10580000A811494600F0C4F918B32378317901375B
:105810001C44FBB29942C7D8A11B88B2BDE8F88FDF
:10582000114800F02BFCA37895F884C085F88530EA
:10583000A3880E49C3F30A03A3F50073B3FA83F3F5
:105840005B0963F3410C002085F884C000F068F91F
:10585000DBE74FF0E023D3F8F03DDB0789D500BE4E
:1058600087E700BFF03500207C360020743600202A
:1058700070B51B4C064694F8A9C11D468C4512D044
:1058800094F885308B420CD1164B1BB10020A9B285
:10589000AFF300803046144900F042F9D0B1012046
:1058A00070BD002070BDB4F8B4315BB90F4B23B1AB
:1058B00000200F49AAB2AFF3008030460D4900F036
:1058C00067F9ECE7D4F8AC11AAB204F5D87000F08F
:1058D00029FBEBE72A463046034900F0EDF8DEE706
:1058E000F0350020000000007436002000000000A9
:1058F000F43500209837002008B50020FEF71CFE84
:1059000000B108BD4FF0E023D3F8F03DDB07F8D538
:1059100000BE08BDF8B5037813F001041AD103786E
:1059200005465A07C3F3800701D52046F8BD0E4649
:105930004FF0FF31304611F017FB2B7813F00104C4
:105940000BD12B785B0709D42B78012443F0040397
:105950002B7003E000242046F8BD3C46304611F091
:105960001BFB2046F8BD00BF70B50C4605464FF046
:10597000FF31204611F0F8FA2B78C3F380065B075D
:1059800008D52B7813F0010311BF00262A7863F3A2
:1059900082022A70204611F0FFFA304670BD00BF27
:1059A000C378828803F003000228C2F30A021FD0E2
:1059B000032803D001280AD000207047022914BF11
:1059C00040234FF48063934209D30120704702299A
:1059D00040F2FF3308BF4FF480639342F6D24FF09A
:1059E000E023D3F8F03DDB07E6D500BE002070478A
:1059F000022902D0402AE8D9F1E7B2F5007FE4D0CD
:105A0000EDE700BF0A44914226D291F801C0BCF1F3
:105A1000050F05D091F800C061448A42F5D870475F
:105A200000B591F802C00CF07F0E00EB4E0E4FEA6D
:105A3000DC1C0EF80C3091F800C061448A4209D990
:105A400091F801C0BCF1050FEBD091F800C06144A2
:105A50008A42F5D85DF804FB704700BF2DE9F0419C
:105A60008E4682B0009390F800C0089EBDF8247066
:105A70006EF3000C04461546012331463A4600F801
:105A800008CBBDF82C8000F0EBF806B13FB901203F
:105A90000A9BA4F80280636002B0BDE8F08104F1C3
:105AA0001C063046FBF770F80DB135460026C4E9F8
:105AB0000556ECE701207047F8B50746084640F266
:105AC000FF13154610F8082B0C4612F0020F0CBFFE
:105AD0003F261E4600F0F4F828B925B12E4202D127
:105AE0002378DA0701D50020F8BD38466178FFF742
:105AF000C9F90028F7D0237813F0010307D04FF03D
:105B0000E023D3F8F03DDB07EDD500BEEBE71A4606
:105B100038466178FFF7DAF90028F0D0F8BD00BF09
:105B200070B501F10805064628460C4600F0C8F895
:105B300010B12378D80701D5002070BD30466178B8
:105B4000FFF7A0F90028F7D028466288616800F0C6
:105B50002DF92378054648B1D9070ED54FF0E0233B
:105B6000D3F8F03DDA07E7D500BEE5E7DB07E3D47D
:105B700030466178FFF798F9DEE703466268304601
:105B80006178FFF7A3F90028E8D0284670BD00BF70
:105B90008A892DE9F0410B780C4605468AB9DF0762
:105BA00025D44978FFF76EF908B322786388D607C1
:105BB0003FD54FF0E023D3F8F03DDA0717D500BE0C
:105BC00015E003F0020301F10808002B40460CBF6A
:105BD00040274FF400774FF6C07618BF4FF47E464B
:105BE00000F088F8874202D82378D80702D5002031
:105BF000BDE8F08128466178FFF744F90028F6D027
:105C0000404600F077F887421FD823786288D9078A
:105C1000CFD43040904228BF104661780646E0B1AC
:105C2000626833462846FFF751F90028C1D0304654
:105C3000DEE761783BB162682846FFF747F9002844
:105C4000B7D06088D4E71A46F6E72378DB07CED4CE
:105C500028466178FFF728F9C9E70246E1E700BF67
:105C60002DE9F041B2F5004F9DF8188024D8044684
:105C7000C06817460E461D4618B14FF0FF3111F0AF
:105C800073F9206918B14FF0FF3111F06DF900225E
:105C9000C5F30E03E06843EAC83362812660A7803B
:105CA000E380228108B111F077F9206908B111F081
:105CB00073F90120BDE8F0810020BDE8F08100BF4C
:105CC000038942899BB292B28088934236BFC2EB6D
:105CD00040029B1A9B189BB2984228BF18467047F7
:105CE0000289438990B29BB2C01AB0FA80F0400991
:105CF000704700BF038942899BB2808892B2934269
:105D000036BFC2EB40029B1A9B189BB2984286BFDB
:105D1000C01A80B20020704738B5044600690D46AD
:105D200018B14FF0FF3111F01FF92189638989B251
:105D30009BB2A288994236BFC3EB4200C81A4018F2
:105D400080B250B3824209D291422CBF891A89187D
:105D50008BB29A42638103D89B1A9BB29A42FBD9B9
:105D6000E2882168C2F30E0202FB031128460EF0FE
:105D70009BFD6189012589B24B1C9BB29942A28887
:105D80000ED9002302FA05F15B1A9BB220696381E8
:105D900008B111F001F9284638BD054663899BB268
:105DA000B3EB420F4FEA4201F0DBEDE72DE9F0479C
:105DB000064600698846914618B14FF0FF3111F050
:105DC000D3F8338974899BB2A4B2B588A34236BF95
:105DD000C4EB45071F1BFF18BFB2002F4AD0BD42BE
:105DE00040D3B94528BFB946A5421FFA89F703D861
:105DF000641BA4B2A542FBD9B6F806A02B1B3168E0
:105E00009BB2CAF30E029F42924602FB041123D9B1
:105E100013FB02F31FFA83F94A4640467D1B0EF03E
:105E200043FD621912FB0AF2316808EB090092B2D5
:105E30000EF03AFD7289B58892B2D3199BB29A429C
:105E40001AD96A009B1A9BB23069738108B111F0AC
:105E5000A3F83846BDE8F087404607FB02F20EF093
:105E600023FDE7E7AB422CBF5B1B5B199CB22F46BF
:105E70007481B6E773899BB2B3EB450F4FEA4502D5
:105E8000E2DBDFE7F8B50446C0680E4618B14FF014
:105E9000FF3111F069F82589238961899BB289B2A4
:105EA000A2888B4236BFC1EB42015B1A5B189BB2E2
:105EB0009A42ADB208D8E779FF0905D1E06808B188
:105EC00011F06AF83846F8BD954219D32B469B1A53
:105ED0009BB29342FBD2E2882068C2F30E0202FB1F
:105EE000030031460EF0E0FC6B1C9BB29D42A28881
:105EF00012D9002351005B1A9BB201272381DDE7F1
:105F0000E2882068C2F30E0205FB020031460EF063
:105F1000CBFC0135A288ABB2B3EB420F4FEA420192
:105F2000EBDBE8E72DE9F04F164683B0002A4CD0B2
:105F30000546C068884618B14FF0FF3111F014F8DB
:105F4000EA792F896989D209AB88BFB289B240D179
:105F50008F4236BFC1EB4301791AC91989B2994200
:105F600041D2591A89B28E4228BF0E46B5F806A012
:105F700007EB0609A6EB030BCAF30E0A1FFA89F911
:105F80001FFA8BFB9F423C4603D3E41AA4B29C4207
:105F9000FBD21B1B28689BB2B3420AFB04004BD305
:105FA00041460AFB06F20EF07FFCAA884F454FEAF5
:105FB000420302D8B9EB420F03DBA9EB03031FFA3C
:105FC00083F9E868A5F8089088B9304603B0BDE8C1
:105FD000F08FB5F806A09E42CAF30E0A0DD3002B2F
:105FE0003FD11E4600E00026E8680028EDD010F002
:105FF000D3FF304603B0BDE8F08F8F4236BFC1EB10
:1060000043027A1AD21992B258003244A6EB030B1B
:1060100082421FFA8BFB0ADB01EB03091FFA89F9A5
:10602000A9EB0607BFB2B94218D9381A87B206EBF6
:1060300007091FFA89F9A5E713FB0AF35C4414FB6F
:106040000AF49AB2414601920EF02EFC019A286899
:1060500008EB0201A2B20EF027FCA6E7B84291DCE1
:10606000E3E7F61A01EB03090AFB06880F461E4612
:106070004FF0000B1FFA89F984E700BF10B5044602
:10608000C06818B14FF0FF3110F06EFF206918B1F1
:106090004FF0FF3110F068FF0023E0686381238137
:1060A00008B110F079FF206908B110F075FF0120E8
:1060B00010BD00BF38B50446C0680D4618B14FF09A
:1060C000FF3110F051FF206918B14FF0FF3110F08F
:1060D0004BFFE379E06865F3C713E37108B110F093
:1060E0005BFF206908B110F057FF012038BD00BFE9
:1060F0002DE9F84F374B0746984214BF4FF4002361
:106100004FF480230E46344D344C354A2B602360C7
:10611000946833EA0404FBD10620FBF7AFFA394652
:10612000022351F8042F4FEA462E4FEAD65B704502
:1061300002EA030801F5405974EB0B02C9F800307C
:1061400011D34FEA965CB20201E05246AC460233EC
:10615000B3F5807F07D01EEB020A4BEB0C05904293
:1061600074EB0C0CF1D24FF48072C3EB0324944611
:10617000013A2DD0B0FBF4F5AE42A4EB0304F6D205
:106180000CFB03FC120202243B613B4603253E68E4
:1061900001F500517240B0FBFCF002F47F4207F5BC
:1061A000805CCCF80020C1F800807E68C9F800400F
:1061B00053F8242B264082F0070202F0CF0203F5A9
:1061C0000053CCF800200E601D600C60BDE8F88F15
:1061D0009C46D8E700000840002002400030024002
:1061E000000002402DE9F047054606200C46FBF76B
:1061F00045FA294602234FF0000951F8046F4FEA8F
:10620000442E01F540524FEAD45A7045136079EBA1
:106210000A0206EA030611D34FEA945CA20201E0E7
:106220004246BC460233B3F5807F07D01EEB02081E
:106230004AEB0C07904279EB0C0CF1D24FF48072D0
:10624000C3EB032C1746013A17D0B0FBFCFEA64562
:10625000ACEB030CF6D903FB07F712022B612B689A
:1062600001F50051534003F47F4305F580552B6041
:10627000B0FBF7F00E60BDE8F0871F46EEE700BF09
:1062800038B5034606201C691D68FBF7F7F9C5F30E
:10629000072505FB0444B0FBF4F038BD70B50025BC
:1062A00001260468002BE5668446616028469DF857
:1062B00010E0E66616DD5D1E616F1029FCD000B3AC
:1062C0000021A84204BF8EF0010641EA462141F4B4
:1062D00080712161D4F88010616B490605D54FF0BB
:1062E000FF30636D8CF804E070BDA16F0029F1D020
:1062F00021690130834202F8011BF3D0DCF8004031
:10630000DAE79CF804108902DBE700BF2DE9F041D1
:106310000024012794460268B3F1000ED4660546B6
:10632000516020469DF81860D7661DDD29797740B9
:1063300089027F020EF1FF34A0420CBFB8464FF035
:1063400000081CF8013B0B4343EA08031361536B3D
:10635000D906FCD5D2F8801049B9A0421CD0013032
:1063600086454FF00001E7D12E71BDE8F0814FF076
:106370000108536D536B9B05FCD5136EB8F1000FEC
:10638000EDD069B1CB070BD411F0080F08BF4FF067
:10639000FF302E71BDE8F081002EE0D1B046E9E774
:1063A0004FF0FF30E0E700BFF8B5064605200C4689
:1063B000FBF764F900EB540CBCFBF4FC214B0CEB39
:1063C0004C02A3FB025320499F088C42ACEB93057F
:1063D00030D801F1D64101F5A10101F62C0100EB05
:1063E0004003A1FB03139B0D013300244F2A98BFE8
:1063F00001223168B0FBFCF0CC660C6801F58056D8
:1064000084F0040404F00604346088BF0D4CCD61B0
:1064100084BFA4FB024292090F62C1F8A0200A4681
:10642000012452F87C5F6B409BB202F580521360EE
:10643000CC66F8BD054900EB4003A1FB0313DB0D5F
:106440000133D2E7CDCCCCCC3F420F00893BE6559F
:106450000E4A30B4904214BF202210220C4D0D4B36
:106460000D4C2A601A60A36832EA0303FBD140F2A4
:106470006515032402680371D3661560D3639363C3
:10648000C2F8884030BCFFF78FBF00BF5C1D002002
:1064900000200240003002400000024010B49DF88D
:1064A000044001945DF8044BFFF730BF10B49DF831
:1064B000044001945DF8044BFFF7F0BE2DE9F04F66
:1064C000AC4B02681E688E46B24289B000F0AC80C8
:1064D000D3F810C0624500F0B380D3F82080424565
:1064E00000F0BA80D3F830904A4500F0C180D3F86C
:1064F00040A0524500F0C880D3F850B05A4500F093
:10650000CF801D6EAA4200F0D7801F6FBA4200F004
:10651000DF80D3F880108A42009100F0E580D3F844
:1065200090108A42019100F0ED80D3F8A0108A42C9
:10653000029100F0F580D3F8B0108A42039100F088
:10654000FD80D3F8C0108A42049100F00581D3F891
:10655000D0108A42059100F00F81D3F8E0108A42F2
:10656000069100F01781D3F8F0109142079141D0C5
:10657000002E00F01E81BCF1000F00F01981B8F16F
:10658000000F00F03281B9F1000F00F03281BAF152
:10659000000F00F02C81BBF1000F00F02E81002DC8
:1065A00000F02981002F00F02A810099002900F0D5
:1065B00028810199002900F016810299002900F034
:1065C00022810399002900F020810499002900F01C
:1065D00020810599002900F01A810699002900F010
:1065E0001A8107990F26002900F0E380002009B0E6
:1065F000BDE8F08FD3F8F4108468A142B8D1D3F885
:10660000F810046BA14208BF0F26B1D103EB0612AC
:10661000BEF1010FD1684FEA061040F0E280002978
:10662000E4D14FF48071D6E05C6881688C427FF4DD
:106630004FAF9C68016B8C427FF44AAF0026E5E7C0
:106640005C6981688C427FF448AF9C69016B8C4225
:106650007FF443AF0126D9E75C6A81688C427FF4FE
:1066600041AF9C6A016B8C427FF43CAF0226CDE7C0
:106670005C6B81688C427FF43AAF9C6B016B8C42FF
:106680007FF435AF0326C1E75C6C81688C427FF4F0
:1066900033AF9C6C016B8C427FF42EAF0426B5E7C0
:1066A0005C6D81688C427FF42CAF9C6D016B8C42D9
:1066B0007FF427AF0526A9E75C6E81688C427FF4E2
:1066C00024AF9C6E016B8C427FF41FAF06269DE7C2
:1066D0005C6F81688C427FF41CAF9C6F016B8C42B5
:1066E0007FF417AF072691E7D3F8844081688C4286
:1066F0007FF415AFD3F88840016B8C427FF40FAF65
:10670000082683E7D3F894108468A1427FF40DAF84
:10671000D3F89810046BA1427FF407AF092675E700
:10672000D3F8A4108468A1427FF405AFD3F8A81071
:10673000046BA1427FF4FFAE0A2667E7D3F8B410DA
:106740008468A1427FF4FDAED3F8B810046BA14277
:106750007FF4F7AE0B2659E7D3F8C4108468A14242
:106760007FF4F5AED3F8C810046BA1427FF4EFAE0E
:106770000C264BE780310020D3F8D4108468A14266
:106780007FF4EBAED3F8D810046BA1427FF4E5AEF2
:106790000D263BE7D3F8E4108468A1427FF4E3AE12
:1067A000D3F8E810046BA1427FF4DDAE0E262DE78E
:1067B0000126BEF1010F4FF0000C0CBF4FF48071A9
:1067C00001218768056B03EB061430011A50C4E9F8
:1067D0000175C4F80CC00344701CD96009B0BDE851
:1067E000F08F0131F7E70926E3E70226E1E7042607
:1067F000DFE70326DDE70626DBE70526D9E70726E0
:10680000D7E70826D5E70A26D3E70B26D1E70D26DA
:10681000CFE70C26CDE70E26CBE700BF2DE9F047EA
:10682000037980460D4682B0002B71D100F1680AD1
:10683000D8F82C30A91E023B99424AD2D8E914421A
:10684000B8F80A30E1FB034291464FF40072002190
:106850005046C8E918490DF081F9B8F80A305A02D3
:10686000B2F5004F154628BF4FF40045B2F5007F42
:1068700004D833E06D08B5F5007F2DD9284604F023
:1068800083FD07460028F5D02A4600210DF066F961
:10689000B8F80A606D0A8EB1002604E0B8F80A3034
:1068A0002E449E420AD2321998F8010049F10003A1
:1068B0003946009509F00CF80028EFD0384604F06E
:1068C00065FDB8F80A30F01A18BF012002B0BDE823
:1068D000F0870024A146B8E7B8F80A301E46002B1E
:1068E000F1D00026012506E0013406F1010649F148
:1068F00000099E42E7D24B4698F8010022465146D5
:10690000009508F0E5FFB8F80A300028ECD0DAE787
:106910000124D8E9182300F1680A51464078009410
:1069200008F0D6FF10BBD8F86010D8F84030D8F87F
:106930006460D8F8442088F80400D8F83000CB1AF6
:1069400066EB0202834272F10002BFF471AF98F865
:106950000330022B7FF46CAF0A180094514698F86C
:10696000010046F1000308F0B3FF61E7204602B0E2
:10697000BDE8F0870022436B10B48B60846BC36B5F
:10698000C1E9044390F821305DF8044B03F00203A1
:10699000CA61CB71704700BF2DE9F047002407683A
:1069A0008C76D0E90E32134300F0AA803B780D4676
:1069B000042B00F0CB80036D8146013325D0FA68AB
:1069C0001088D8B10226A04634B900F520539BB2F6
:1069D000B3F5006FC0F0AC8040F2B51140EA04405E
:1069E00004F0D6FCFF28C8F1FF0A40F28B80BAF110
:1069F000010F00F29F804FF0000A0CB14FF0000A27
:106A00000023AA448AF81A30AC7ED9F840201178C5
:106A1000202900F03681052908BFE521012369738B
:106A20005178202905D0052908BFE521E8184173D0
:106A300001339178202905D0052908BFE521E81800
:106A400041730133D178202905D0052908BFE521FC
:106A5000E818417301331179202905D0052908BFB1
:106A6000E521E818417301335179202905D0052922
:106A700008BFE521E818417301339179202905D039
:106A8000052908BFE521E81841730133D179202990
:106A900005D0052908BFE521E81841730133117AB3
:106AA000202909D0052908BFE5212E27581CEE18FA
:106AB0002844777302334173517A202900F0D18042
:106AC000052908BFE521E8184173917A013320298F
:106AD00000F09980052908BFE52100202B44987318
:106AE0005973002C00F095800021D37A03F03F0306
:106AF0002B73D369C5E90031D38A6B81138B2B814A
:106B0000BDE8F087E8B1BAF1000F3FF476AF01239A
:106B100005EB080290760024FA689844905B0236F0
:106B200000287FF451AFC246002C7FF467AF67E7BF
:106B30000446F3E705EB0802030A9376D0760223B6
:106B4000E9E78246002C7FF459AF59E73B6993F897
:106B50002320184612B34FF040082246264618F06C
:106B60001F0F08BF08F1020833F80800013408F1CC
:106B700002082AB900F5205189B2B1F5006F3AD365
:106B800040F2B51140EA024004F002FCFF28C6F1D1
:106B9000FF091CD9B9F1010F2FD838693F2301260D
:106BA000AB7600232E44B3766B73027902F0370183
:106BB000D20648BF1A4629735CBF836BC26BC5E916
:106BC000003283896B81C3892B81BDE8F08700285F
:106BD000E3D0B9F1000FE0D00123AA19907600228A
:106BE0001E443B6993F823101846A1424BD9B8F5CF
:106BF000187FB4D3D2E70246F4E7AB19D876000A7F
:106C000098760223EBE700212B445973002C7FF484
:106C10006BAF6B7BE3B1082405F10D010CE0192883
:106C200003F1200603D8107B044200D0F3B24B736B
:106C30004B78481C53B101462E2BA3F14100EED1F5
:106C40004B734B781024481C002BF4D14B1B0C3B8E
:106C500000212B449976137B002B7FF445AF6B7397
:106C600042E7917A20297FF435AF0020E918487374
:106C7000002C7FF439AF002BCBD13F210123A97623
:106C8000E6E70023CCE6002A88D1002E89D185E7EB
:106C9000F0B50379044683B063B92378032B2ED073
:106CA00000226078114608F04BFE003818BF012022
:106CB00003B0F0BD0125D0E9182300F16806314684
:106CC0004078009508F004FE002842D1226E236C23
:106CD000676E216B2071606CD31A67EB00008B42EA
:106CE00070F10000D9D2E378022BD6D1521800956A
:106CF0003146607847F1000308F0EAFDCDE7657999
:106D0000012DCDD104F168034FF400720021184623
:106D10000CF024FF4AF6552203460F480095A06662
:106D200060691946A4F86622C4F85402D4E90E2317
:106D3000A0690132094D43F10003C4E91823C4F8E6
:106D40005002C4F84C52607808F0C2FD0023637111
:106D5000A6E7284603B0F0BD52526141727241610C
:106D60002DE9F04115461E46D0E91823B34208BF6D
:106D7000AA4282B003D1002002B0BDE8F0810179BF
:106D80000446407891B904F16808012741462A4633
:106D90003346009708F064FD18B14FF0FF353846D0
:106DA0002E46C4E9185602B0BDE8F081012704F16F
:106DB00068084146009708F08BFDE0B9216E236C0E
:106DC000D4F864C0626CD4F830E0CB1A6CEB0202E9
:106DD000734572F1000220716078D6D2E378022BFD
:106DE000D3D111EB0E02009741464CF1000308F09D
:106DF0006FFD6078C9E73846BEE700BF2DE9F04770
:106E00000025C36A8F1E023BBB4298BF2F464FF03E
:106E1000010906469246B8463C46D6E91613220BAF
:106E2000521843F100033046FFF79AFF88BBF16A1E
:106E300004F0070309FA03F30239DBB2C4F3C80014
:106E40003218013492F86820A14202EA03024FEAA4
:106E500043039DBF00234FF400701C46DBB2013595
:106E60005AB9554511D0A7420CD0002BE8D10130BA
:106E7000B0F5007FD1D20123E2E7A7424FF0000531
:106E8000A046F2D10020BDE8F08708F10200BDE87D
:106E9000F0874FF0FF30F6E72DE9F8430778044616
:106EA000022F0D4616464DD02DD8012F62D1016C10
:106EB00005EB5508436C4FEA5822521843F1000382
:106EC000FFF74EFFE8B908F10109E907C8F3080325
:106ED000F0B204F168084FEA59224ED518F80310B1
:106EE00001F00F0141EA001108F80310236C20465D
:106EF000D218636C277143F10003FFF731FF0028BC
:106F000057D0BDE8F883033F012F33D8036CCA097B
:106F1000D218436C43F10003FFF722FF0028F0D1A1
:106F20002378AD0005F4FE75042B25441FBFAB6E1E
:106F300026F0704603F070431E430123AE662371B2
:106F40000020DEE7036C0A0AD218436C43F1000309
:106F5000FFF706FF0028D4D101226D0004F1680379
:106F600005F4FF755E552B44C6F307265E7022714B
:106F7000BDE8F8830220BDE8F88308F80300236C1D
:106F80002046D218636C277143F10003FFF7E8FE37
:106F90000028B6D1C9F3080918F80930C6F303264A
:106FA00023F00F0308EB0902334301211370217111
:106FB000C6E7C9F308024244C6F30713F5E700BF6A
:106FC00001290FD9F8B505680C46EB6A8B4201D848
:106FD0000120F8BD2B78013B032BF9D8DFE803F043
:106FE0004433210401207047D0E9043253EA0206F9
:106FF000C17948D08668002E45D00229A4EB060648
:1070000076D1013B42F1FF31580A40EAC1500023DA
:107010006A89490A0FF0BCFF8642D9D86ED0601C3D
:10702000F8BDE209D5E91013521843F100032846D0
:10703000FFF796FE20BBA30003F4FE732B44986E6B
:1070400020F07040F8BD220AD5E91013521843F120
:1070500000032846FFF784FE90B9630003F4FF7332
:107060002B44B3F86800F8BD2B6C01EB5106720A93
:10707000D2186B6C284643F10003FFF771FEC8B1CC
:107080004FF0FF30F8BD0029A2D1C369B3BBD5E9E9
:107090001013E209521843F100032846FFF760FE7F
:1070A0000028EDD1A30003F4FE731D44A86E20F068
:1070B0000040F8BD771C7A0AD5E91013C6F308061C
:1070C00052182E4443F10003284696F86860FFF7F3
:1070D00047FE0028D4D1C7F308072F4497F868303B
:1070E00046EA0320E3074CBF0009C0F30B00F8BDDC
:1070F0000329CAD18369B34291D8C6E76FF0004033
:10710000F8BD00BFF8B50568066B2B782036042B58
:1071100014BF4FF400134FF080539E42044605D332
:1071200000220023C4E90E230420F8BDD0E90E326A
:1071300053EA0201F8D0C6F3080707BB0133416BDD
:1071400042F100028363C263F9B16B89013B13EA28
:10715000562314D1FFF734FF01281DD9431C19D041
:10716000EB6A9842DCD2023B60630238984215D247
:10717000D5E914326989E0FB0132C4E90E32683581
:107180003D44002026632564F8BD2B89B3EB561FD0
:10719000F5D8C5E70120F8BD0220F8BD3B463A46C8
:1071A000EBE700BF2DE9704300214FF0FF384FF0AF
:1071B000FF39B3F1FF3F08BFB2F1FF3F82B0044691
:1071C000C0E9188901715CD14AF65523B4F86652BA
:1071D0009D421BD094F86830EB2B07D01833DBB2FC
:1071E000012B03D9032002B0BDE87083B4F87330DB
:1071F0005A1E1A42F6D1B3F5007FF3D194F87530D8
:10720000002BEFD05A1E1A42ECD12BE00B222F4953
:1072100004F168000CF0F4FB58B194F86830EB2BE3
:1072200009D01833DBB2012B05D9022002B0BDE82A
:1072300070830120D7E70822254904F1BA000CF039
:10724000DFFB0028CFD0B4F873305A1E1A42ECD1BD
:10725000B3F5007FE9D194F87530002BE5D05A1EC4
:107260001A42E2D1B4F8763023B194F87830013B79
:10727000012B17D94AF6552085420CBF0220032066
:10728000B1E701210091407804F1680116461D46DE
:1072900008F0E6FA18B10420C4E91889A3E7C4E9A4
:1072A000186591E7B4F87930002BE3D0B4F87B305F
:1072B0007F2B04D8D4F88830B3F5803FDAD3B4F804
:1072C0007E30002BD6D000208DE700BF0472011065
:1072D000107201102DE9F84F002304680B60002C98
:1072E00000F03881264602E03A2B00F02B8116F898
:1072F000013B1F2BF8D8B54B1B78B54850F82340FD
:10730000002C00F04F810C602378607802F0FE05BD
:1073100053B108F07BFAC60705D415B1410700F157
:107320003E8100200CE160780023237008F07AFA97
:10733000C20700F1128115B1430700F1308100222C
:1073400000232046FFF72EFF022800F009810428C1
:1073500000F02381012800F2F280D4E918530128BB
:1073600000F0E280B4F87320B2F5007F40F0E780CF
:10737000B4F87E00002800F0178194F8781020639C
:107380004A1E012AE17000F2DA8094F875206281C9
:10739000002A00F0D480561E164240F0D080B4F887
:1073A00079703E07278140F0CA80B4F87BC0BCF1F9
:1073B000000F01D1D4F888C0B4F87660002E00F038
:1073C000BE8000FB01F106EB171E8E44F445C0F0B1
:1073D000B680ACEB0E0C9445BCFBF2F8C0F0AF806D
:1073E0007C4A904500F2AB804FF6F57A1EEB050E15
:1073F00043F10009761943F1000CD04508F102026F
:1074000000F2338240F6F57AD04500F27E82C4E97C
:107410000E53C4E914E9C4E9106CE262002F00F0D5
:107420008E808E194FF0010102EB420302F001023F
:107430004CF1000C02EB530202F2FF12B0EB522FA0
:10744000A664C4F84CC07AD34FF0FF338022C4E95D
:10745000053362710020604D604B2A882170013233
:1074600092B2E2802A801A68E06194421A6908BFE9
:107470001860944204BF00221A611A6A944204BF41
:1074800000221A621A6B944204BF00221A631A6C1B
:10749000944204BF00221A641A6D944204BF002271
:1074A0001A651A6E944204BF00221A661A6F94423B
:1074B00004BF00221A67D3F88020944204BF002240
:1074C000C3F88020D3F89020944204BF0022C3F870
:1074D0009020D3F8A020944204BF0022C3F8A0203B
:1074E000D3F8B020944204BF0022C3F8B020D3F8F0
:1074F000C020944204BF0022C3F8C020D3F8D0209B
:10750000944204BF0022C3F8D020D3F8E020944274
:1075100004BF0022C3F8E020D3F8F020944204BF57
:107520000022C3F8F020FCE60B2204F1720101E016
:10753000402A6AD011F8010F01320028F8D00D203E
:10754000BDE8F88F2378303BDDB2092D02D8023434
:10755000A64236D00B20BDE8F88F0320BDE8F88F97
:1075600094F82A32EE2B00F0C480D4F82E22D4F8FE
:107570003E62D4F84E52D4F85E72C2B986BB002D7A
:1075800038D1002FDBD03A4600232046FFF70AFE11
:1075900001287FF6E2AE0428D1D10120D0E70A20ED
:1075A000BDE8F88F0C20CBE7D4F88C00E5E600238B
:1075B0002046FFF7F7FD01287FF6CFAE002EDED084
:1075C0000EE0012BC6DC066097E600BF6682002055
:1075D00078310020F5FFFF0F5A8200208031002013
:1075E000324600232046FFF7DDFD01287FF6B5AEC9
:1075F000002DC6D02A4600232046FFF7D3FD0128E0
:107600007FF6ABAE002F9AD0BDE7B4F8D020B2F52C
:10761000807F94D194F8D420092A90D1D4F8BC204A
:10762000D4F8B070226394F8D620D4F8B460012A5C
:10763000E27084D194F8D5108A4091B2618100291A
:107640003FF47DAFD4F8C410DFF834C361453FF692
:1076500076AF92B201FB02F20231E162D4F8C010BF
:10766000D4F8B8C0491943F1000E1CEB050CC4F85E
:1076700040C043F1000C5218C4F854E04EF1000E23
:10768000EF19C4E90E5343EB0603974273EB0E0365
:107690002165C4F844C0FFF452AF05460646D4F84D
:1076A000C830C4E91230CDB96089B0427FF647AF27
:1076B000A16CE36A0239023B99422BBF2A46D4E906
:1076C00014232B46E1FB0023B218204643F10003AC
:1076D000FFF746FB013600287FF45FAF631993F88C
:1076E000683005F12002812B00F0E280C2F308052A
:1076F000D9E7012200232046FFF732FB00287FF460
:107700004CAF04F168080C2240469A490CF078F915
:1077100000287FF414AF636FA3F15C02B2F5D27F4F
:107720003FF60DAF6FF07706234440464FF0FF3B26
:10773000914903F16805361B4EE0037803F001021E
:107740008BEA020BDF09C3F38012C3F38009C3F392
:10775000400AC3F3C00EC3F3001CC3F340138AEA0C
:107760005B0A4BF3000B0BEA010B8BEA0A0B4AF3A3
:10777000000A89EA5B090AEA010A89EA0A0A49F366
:1077800000098EEA5A0E09EA01098EEA09094EF348
:10779000000E8CEA590C0EEA010E8CEA0E0E4CF328
:1077A000000C83EA5E030CEA010C83EA0C0C43F341
:1077B000000382EA5C020B40534087EA530742F31E
:1077C00000030B407B40013047F3000707EA01024A
:1077D000A84282EA530B0AD03318032BADD80023FA
:1077E0009C469E469A4699461F461A46B7E76FEA58
:1077F0000B0BA36F9B457FF4A2AED4F8BC30802B5B
:107800007FF49DAED4F8B870802F3FF698AED4F8D0
:10781000B060D4F8B490002F3FF491AE0025DFF8AB
:1078200064A1FF0103E08035BD423FF488AE6A0ADF
:10783000921949F100032046FFF792FA00287FF4DD
:10784000ACAE05F4C07BC3441022514658460CF040
:10785000D7F80028E7D12046DBF82020DBF82430D9
:10786000FFF7A0FC0128DED877E5B4F89210C4E950
:10787000106C3943C4E914E9C4E90E53E2627FF4A1
:107880005EAE9200E16402F2FF12D4F89410B0EB05
:10789000522FA164FFF453AE4FF0FF328020B4F8B2
:1078A0009810C4E90522012960713ED00321D1E579
:1078B00004F1680635446D69012D7FF640AEE36A38
:1078C000AB427FF63CAE6389AA1E02FB03F3226D36
:1078D0009B18A365636D43F10003E36506E056F86A
:1078E00023305F1C42D09D427FF429AED4E91013AF
:1078F000EA09521843F100032046FFF731FA05F078
:107900007F0301350028EAD047E6C4E90E53C4E9F5
:1079100014E9C4E9106CE262002F3FF410AE8E1936
:107920004CF1000C0221520086E56A1C43F1000371
:107930002046FFF715FA0028B8D14AF65522B4F8C8
:10794000661260719142B1D1A26E0C4B9A42ADD1D8
:1079500003F1FF53D4F84C2203F5005320339A422D
:10796000A4D1D4E99423C4E905329FE70421C4E9F2
:1079700005336FE5208401102083B8ED5252614138
:10798000FDFFFF7F108401102DE9F047D0E90E873D
:10799000056804462A6E6B6E2E699F4208BF9045AB
:1079A00082B040F08480236C1A78852A03D00220AC
:1079B00002B0BDE8F0871F6858689968DA683760D8
:1079C000757870600135B160F2606D011F695869AA
:1079D0009969DA69A5F16003B3F5007F37617061D9
:1079E000B161F261E3D82046FFF78CFB0428DED0BA
:1079F0000028DDD1D4E90E232068FFF7B1F9002873
:107A0000D6D1236C1A78C02AD1D1D3F800C05F68D0
:107A10009868D968C6F820C096F82320F1625449C6
:107A20002C32A1FB02127762B062D3F810C05F69FA
:107A30009869D969D208B5EB421FC6F830C07763A0
:107A4000B063F163B3D306F14007354429E0002861
:107A5000AED1D4E90E232068FFF782F90028A7D120
:107A6000236C1A78C12AA2D1D3F800E0D3F804C05D
:107A70009968DA68C7F800E0C7F804C0B960FA602E
:107A8000D3F810E0D3F814C09969DA69203747F8C1
:107A900010EC47F80CCC47F8081C47F8042CBD4202
:107AA00047D02046FFF72EFB0428D0D17FE7297965
:107AB0006878A1B905F16809012349460093424657
:107AC0003B4607F0CDFE38B14FF0FF324FF0FF33A9
:107AD000C5E9182301206BE7C5E9188763E74FF074
:107AE000010A05F168094946CDF800A007F0F0FE4B
:107AF0000028EFD1D5F860C02B6C696E6A6CD5F8A0
:107B000030E0BCEB030361EB0202734572F100024B
:107B100028716878D0D2EB78022BCDD11CEB0E0205
:107B200041F10003CDF800A0494607F0D1FE687886
:107B3000C2E70346717801314901C203022B42EAD0
:107B4000500204D10523307910FA82F290B2F45C2D
:107B5000C20342EA5002013314FA82F2994290B20F
:107B6000EBD873881B1A18BF0123580020E700BF09
:107B7000898888882DE9F04FD0E90E5755EA070328
:107B80000446066885B04AD04FF0FF0B4FF0010A5B
:107B9000D84606F16809D6E91823BB4208BFAA42B5
:107BA0001CD031797078002940F08A802A463B4603
:107BB0004946CDF800A007F053FE68B14FF0FF3200
:107BC0004FF0FF33C6E91823012000220023C4E947
:107BD0000E2305B0BDE8F08FC6E91857216C0A786E
:107BE000EAB13378042B3BD0CB7AE52A03F03F038C
:107BF000A37106D02E2A04D023F02000082840F0DC
:107C000088804FF0FF08236B226820331178042905
:107C100014BF4FF400114FF080518B4201D3042068
:107C2000D3E7D4E90E5755EA0701F8D0C3F30801AA
:107C300021B168320A4423632264ACE70135616BE9
:107C400047F10007C4E90E57C9B91189B1EB531FB9
:107C5000E5D96832236355EA070322649BD175E0B6
:107C6000852A236BD0D120462365FFF78DFE00289F
:107C7000ABD133691B7903F03F03A37166E05089F0
:107C8000013810EA5320E4D12046CDE90223FFF762
:107C900097F9012840F2BE80431C95D0029AD16A20
:107CA0008842BCD20239606302388842039B46D2C4
:107CB000D2E914575189E0FB0157C4E90E57C8E7D0
:107CC0004946CDF800A007F003FE00287FF47CAF02
:107CD000D6F860C0316C736E726CD6F830E0BCEBD5
:107CE000010163EB0202714572F10002307170789C
:107CF000BFF45CAFF278022A7FF458AF1CEB0E029F
:107D00004946CDF800A043F1000307F0E1FD70788B
:107D10004CE70F2B40F005815006236B0AD591F8F4
:107D20000DB002F0BF0823654A7B5A4510D04FF0D2
:107D3000FF0869E74245F7D04FF0FF0864E70020ED
:107D40000021C4E90E01683223632264002040E769
:107D50004A8B002AEBD10A7822F04002013A02EB6A
:107D6000420002EB8002FF2AB1F80100DFD8F5687B
:107D7000570025F81200B1F803C000284CD14FF687
:107D8000FF729445D3D1B1F805E04FF6FF729645E6
:107D9000CDD1B1F807C04FF6FF729445C7D1B1F805
:107DA00009E04FF6FF729645C1D1B1F80EC04FF60B
:107DB000FF729445BBD1B1F810E04FF6FF729645C3
:107DC000B5D1B1F812C04FF6FF729445AFD1B1F8FA
:107DD00014E04FF6FF729645A9D1B1F816C04FF6E0
:107DE000FF729445A3D1B1F818E04FF6FF729645A3
:107DF0009DD1B1F81CC04FF6FF72944597D1B1F8F0
:107E00001EE04FF6FF72964591D108F1FF385FFAF8
:107E100088F8F9E60220D8E6FF2A02F1010086D0B0
:107E200025F810C0B1F805E04000BCF1000FACD05F
:107E3000FE2A3FF47CAF2844A0F802E0B1F807C066
:107E4000BEF1000FA7D0FD2A3FF471AFA0F804C027
:107E5000B1F809E0BCF1000FA3D0FC2A3FF467AFF2
:107E6000A0F806E0B1F80EC0BEF1000F9FD0FB2ACB
:107E70003FF45DAFA0F808C0B1F810E0BCF1000F0E
:107E80009BD0FA2A3FF453AFA0F80AE0B1F812C031
:107E9000BEF1000F97D0F92A3FF449AFA0F80CC00B
:107EA000B1F814E0BCF1000F93D0F82A3FF43FAFD3
:107EB000A0F80EE0B1F816C0BEF1000F8FD0F72A7F
:107EC0003FF435AFA0F810C0B1F818E0BCF1000FD6
:107ED0008BD0F62A3FF42BAFA0F812E0B1F81CC00B
:107EE000BEF1000F87D0F52A3FF421AFA0F814C0EF
:107EF000B1F81EE0BCF1000F83D0F42A3FF417AFB5
:107F0000A0F816E0097849067FF57FAFBEF1000FB3
:107F10003FF47BAFF32A3FF40AAF0021EA19518303
:107F200073E7B8F1000F48D10B78DA0142EA530247
:107F30004B781A44C2F3460343EAC2138A7852FAD2
:107F400083F3C3F3460242EAC312CB7853FA82F2B8
:107F5000C2F3460343EAC2130A7952FA83F3C3F326
:107F6000460242EAC3124B7953FA82F2C2F3460345
:107F700043EAC2138A7952FA83F3C3F3460242EA10
:107F8000C312CB7953FA82F2C2F3460343EAC21317
:107F90000A7A52FA83F3C3F3460242EAC3124B7AD7
:107FA000897A53FA82F2C2F3460343EAC21351FAC2
:107FB00083F3DBB29B453FF4C9AE4FF0FF3323653B
:107FC000C4E600BF2DE9F84FD0F8008098F80030E3
:107FD000042B14BF4FF400124FF080528A4223D971
:107FE0000C46E10620D1856806460463002D00F0AA
:107FF000A280B8F80A30B4EB432F4FEA4329C0F00F
:10800000C980012D10D04746FB6AAB420CD93B78A2
:10801000013B032B08D8DFE803F05F422F0A002260
:108020000023C6E90E2375630220BDE8F88FD6E968
:10803000043153EA0102F07900F0A480B268002A0A
:1080400000F0A0800228A5EB020A7A8940F0C480E3
:10805000013B41F1FF31580A40EAC1500023490A6F
:108060000EF096FF8245DFD800F0918001356B1C41
:1080700028D10120BDE8F88FEA09D7E9101352187A
:1080800043F100033846FEF76BFE0028F1D1AB0048
:1080900003F4FE733B449D6E25F0704510E02A0A00
:1080A000D7E91013521843F100033846FEF758FE83
:1080B0000028DED16B0003F4FF733B44B3F8685033
:1080C000012DB1D9D8F82C30AB42ADD9A4EB0904BD
:1080D000A14561D8376897E7396C05EB550A7B6C89
:1080E0004FEA5A22521843F100033846FEF738FE91
:1080F0000028BED10AF1010B396C7B6C4FEA5B2280
:108100005218CAF3080ABA4443F1000338469AF8F1
:1081100068A0FEF725FE0028ABD1CBF3080BBB44CB
:108120009BF86830EA074AEA032A4CBF4FEA1A155F
:10813000CAF30B05C4E7022B1DD8B8F80830B3EB1F
:10814000541F7FF671AFD8E9122352EA0301C6E942
:108150000D52F3633FF468AF610A891808F16808AB
:10816000C4F3080443F1000344440020C6E90F347B
:10817000B163BDE8F88FD8F84830C571002BDCD06A
:108180001D4636E700287FF44FAFF36983B16FF0E7
:10819000004597E7D8F82C30023BA91E9942BFF45E
:1081A0003EAFD8E91423B8F80A00E1FB0023CCE77E
:1081B000EA09D7E91013521843F100033846FEF7D5
:1081C000CFFD00287FF455AFAB0003F4FE733B44B2
:1081D0009D6E25F0004573E70328D6D1B3699A4513
:1081E000D3D243E700232DE9F04F19460546026834
:1081F00087B0146994F801A00AF1010A4FEA4A16FF
:10820000DA03022942EA530204D10521237913FA41
:1082100082F293B2605CDA0342EA5303013110FA4E
:1082200083F38E429BB2EBD81A0AA370E270284601
:10823000296DFFF7C7FE002840F0CE80D5E90E7902
:108240004FF0010BD5F800800390D8E918234B4577
:1082500008BFBA421DD098F8041098F80100002910
:1082600040F0818008F1680631463A464B46CDF829
:1082700000B007F0F5FA50B14FF0FF324FF0FF3386
:10828000C8E918230126304607B0BDE8F08FC8E9D9
:10829000187926686068A168E2682B6CBAF1010A57
:1082A0001E6058609960DA6026696069A169E269B8
:1082B0001E6158619961DA612E6886F804B000F099
:1082C000838032782B6B042A14BF4FF400124FF0D6
:1082D00080522033934208D300220023C5E90E23A5
:1082E0000226304607B0BDE8F08FD5E90E7957EA8F
:1082F0000902F5D0C3F3080252B90137696B49F19D
:108300000009C5E90E7951B93189B1EB531FE3D9A1
:10831000B0466836164420342B632E6495E7708986
:10832000013810EA5320F3D12846CDE90432FEF794
:1083300047FE0128D4D9431CA4D0F16A8842CBD28D
:10834000DDE90432023968630238884241D2D6E955
:108350001471B6F80AC0E0FB0C718946C5E90E79C4
:10836000D5F80080D5E708F168063146CDF800B0B1
:1083700007F0AEFA002885D1D8F84030D8F8601060
:10838000D8F84420B1EB030ED8F830C0D8F86430E8
:1083900088F8040063EB0202E64572F1000298F8E7
:1083A0000100BFF461AF98F80320022A7FF45CAFAC
:1083B00011EB0C02CDF800B0314643F1000307F099
:1083C00087FA98F801004FE7039E304607B0BDE8F2
:1083D000F08F0027B946C1E70228034628BF0223D1
:1083E000DEB250E72DE9F04F002189B00446D0F805
:1083F0000080FFF7E7FD054680BB98F80030042BAE
:1084000000F075814FF0FF0ED4F83CA04FF0FF3B19
:108410005646F146F24608F16803A76B0293C4F88A
:1084200050B00590D8E91823B34208BFBA421BD018
:1084300098F8041098F80100002940F0D780012333
:108440003A4600930299334607F00AFA50B14FF0CA
:10845000FF324FF0FF33C8E918230125284609B041
:10846000BDE8F08FC8E91876256C2B78EBB1EA7A75
:10847000E52B02F03F01A17103D0120733D50F297C
:1084800045D04FF0FF09C4F850B02568236B2A7817
:108490002033042A14BF4FF400124FF0805293424D
:1084A00008D300220023C4E90E230425284609B07E
:1084B000BDE8F08FD4E90E7657EA0602F5D0C3F393
:1084C00008025AB90137616B46F10006E663A763FB
:1084D000002967D12989B1EB531FE2D968351544CA
:1084E000236325649EE70F2911D0B9F1000F00F036
:1084F000B28094F84F30DA07C3D428460B2204F137
:1085000044010BF07DFA0028BBD1059DA6E794F845
:108510004F205706B9D45E0640F19780226B95F83C
:108520000DA003F0BF0322656A7B524540F09080A6
:108530006A8B002A40F08C8001212E78A14F06F032
:108540003F06013E06EB460206EB8206D8F80C20F9
:10855000049406920846069C07F10D02CDF80C80A3
:10856000079312E0FF2E1AD8484602F041FF8046DA
:1085700034F8160002F03CFF804506F101060ED1EA
:108580004846914A974200F0078117F8013B35F8B9
:1085900003900028E6D14FF6FF739945F2D0DDE94C
:1085A000038455E06889013810EA532096D12046AB
:1085B000CDE90332FEF704FD012840F29680431C0A
:1085C0003FF44BAFE96A8842BFF46BAFDDE9033299
:1085D000023960630238884280F0DB80D5E9147686
:1085E0006989E0FB0176C4E90E7677E70121009105
:1085F000029907F06DF900287FF42FAFD8F860508A
:10860000D8F84010D8F86430D8F84420D8F830C0F2
:10861000691A63EB0202614572F1000288F80400F6
:1086200098F80100BFF40BAF98F80320022A7FF4FA
:1086300006AF012115EB0C02009143F100030299F2
:1086400007F046F998F80100F9E699453FF46CAF58
:108650004FF0FF0919E72B786978DA0142EA5302F3
:108660000A44C2F34603A97843EAC21351FA83F3DA
:10867000C3F34602E97842EAC31251FA82F2C2F326
:108680004603297943EAC21351FA83F3C3F346023E
:10869000697942EAC31251FA82F2C2F34603A97918
:1086A00043EAC21351FA83F3C3F34602E97942EA7B
:1086B000C31251FA82F2C2F34603297A43EAC21383
:1086C00051FA83F3C3F34602697A42EAC31251FABC
:1086D00082F2C2F34603A97A43EAC21351FA83F342
:1086E000DBB29A457FF405AF0FE70225B6E6D8F86E
:1086F0000C60A94636F8020BB0B102F079FE4FEAE1
:10870000C93343EA5903C2B212FA83F3C3F34E09E1
:10871000C0F3072049EAC33910FA89F936F8020B89
:108720001FFA89F90028E8D12046FFF723FA70BB29
:10873000D8F810309A8C4A45F6D193F823B0BBF1A3
:10874000000F3CD00746402604E013F0FF0B17D083
:10875000D8F81030F10608BF0236985B02F048FEE8
:10876000D8F80C20824632F8170002F041FE82450C
:108770000BF1FF3306F1020607F10107E5D0D3E75D
:108780007F00D8F80C30DB5B002BCDD166E60546C8
:1087900064E61746164626E72A7801465006DDF8B5
:1087A0000C80079B049C06D529B1069A32F8162046
:1087B000002A7FF44DAF013B5FFA83F965E65F461F
:1087C000DFE700BF008401100D8401102DE9F04F98
:1087D0000B780D462F2B0646D0F800909BB004D0A6
:1087E0005C2B02D0D9F81C3009E02A4613781546D4
:1087F0002F2B02F10102F9D05C2BF7D000230022CD
:10880000B360F26199F80010042900F01E81287805
:108810001F2840F24F813368D3F80C8030B9002311
:10882000A8F8003006201BB0BDE8F08F0024DFF868
:1088300000A40135A8F1020B40F2B51102F0C4FD0D
:1088400007460028EED01F2816D92F2800F0D48123
:108850005C2800F0D1817F2805D8504639460BF0BE
:10886000CFF90028DED1FF2CDCD02BF8027F15F8E1
:10887000010B01340028DFD1012C4FF004070ED08A
:10888000022C40F0CC81B8F802302E2B0CD1B8F875
:1088900000302E2B08D10022A8F8042075E1B8F88A
:1088A00000302E2B00F06D8108EB440232F8023DBF
:1088B000202B01D02E2B04D1013CF7D1A8F8004089
:1088C000B0E74FF0000328F81430B8F8003008EB98
:1088D0004401202B40F0E780002208F102031846F3
:1088E00033F802CB9246BCF1200F02F10102F6D020
:1088F0000AF1020A47F003070B4601E0013C03D0EE
:1089000033F8022D2E2AF9D14FF02033B36473646B
:10891000C6F84B300188002900F05E810822284605
:108920004FF0000B25464B465C46B1464646904606
:108930000246202958D02E295FD0A0456CD8B8F126
:108940000B0F00F0048155455DD047F003075AD264
:108950004E46994696F844301546E52B08BF052348
:10896000424608BF86F84430082A00F0AD800BF07C
:108970000C030C2B04D00BF00303032B40F0AD8051
:1089800047F00207304686F84F70FFF72BFD96F848
:108990004F3078B104287FF446AF990603F0040203
:1089A00040F11C81F2B1802386F84F3000201BB0CB
:1089B000BDE8F08F5A07F9D4B379DB0640F1128194
:1089C00099F80010042900F0B180336B0329C3F338
:1089D000080209F1680313445A8B04BF9B8A42EAD8
:1089E0000342B260287816E747F0030736F81A10FA
:1089F0000AF1010A00299CD1AAE75545F4D1B8F142
:108A00000B0F00F0A4804FEA8B0BAA464FF00B0827
:108A100008245FFA8BFBE9E75545F0D07F296DD834
:108A20008148CDE9023201910BF0EAF8DDE901134A
:108A3000039A002800F0BD805F2147F0030709EB8F
:108A4000040080F844100134D0E7002B3FF4DFAE7F
:108A5000D9F82010D9F824300691C6E90813D9F8BE
:108A600028108DF81730B16223F0FF0304A8CDF869
:108A7000109009920B9208931891FFF7A3FA00281F
:108A80007FF4D1AE04A8FEF77FFF00287FF4CBAEC1
:108A9000D9F81020916BC6E9041092F8213003F048
:108AA0000203F371B3E62E2B40464FF0010A7FF428
:108AB00023AF1FE780230021304686F84F301BB0DC
:108AC000BDE8F04FFFF77EBA4FEA8B0C0CF00C03B9
:108AD0000C2B5FFA8CFB3FF453AF07F00203002B23
:108AE0007FF450AF4BF3000303F010031F431BF060
:108AF000040F1CBF47F00807FFB243E7CDE901327E
:108B0000084647F0020340F2B511039302F040FC1F
:108B1000DDE9013210F0800F014622D000F07F0124
:108B20004248415C039F002986D079E73369F27996
:108B300023F0FF0313437362B368D9F81000336264
:108B4000336D3146B362FDF715FF287863E64E4674
:108B5000994696F844301546E52B45D047F0030773
:108B600005E7FF28DED908F1FF30A04240D909EB24
:108B700004004FEA112C039F013480F844C0C9B2AD
:108B80005DE70023A8F80230202386F8453042F242
:108B90002003A6F84630A6F84C304FF020332E22A2
:108BA000B364202347F0200786F8442086F84E302F
:108BB000E8E6A1F1410080B2192803D84BF0020B7E
:108BC000C9B23CE7A1F1610080B219289CBF2039ED
:108BD0004BF0010BC9B232E78B467EE7002A08BF93
:108BE000052020E605201EE6052386F84430B5E77B
:108BF000444647F00307F9E62A46137815462F2B1B
:108C000002F10102F9D05C2BF7D01F2B8CBF00239F
:108C10000123012C4FEA83077FF432AE3FE6002C9C
:108C20007FF442AEFBE500BF287201108083011083
:108C30001C7201102DE9F84F064688460568002988
:108C40003DD1D5E90573D7B9002B00F03C812B78D5
:108C5000042B00F0F280EB6A022B40F23481A9462B
:108C600001270224D9F82C30A34224D999F80030E6
:108C7000013B032B1FD8DFE803F08FC66B11EA6AB4
:108C8000BA42E1D9002B00F01E812B78042B00F0B2
:108C9000D5807C1CA24278D9A946E3E7D6E9043105
:108CA00053EA0102F07903D0B268002A40F037811C
:108CB000002800F0198101242046BDE8F88FFEF756
:108CC0007FF901280446F6D9411C3CD0EB6A834267
:108CD000F2D8AA69002A00F0F6802A78042A00F067
:108CE000388108F101094B458CBF4C4602243046BF
:108CF0002146FEF765F90128DDD0421C23D0EB6A3E
:108D0000002840F0E280002C00F0E480A342D2D999
:108D10004FF0FF3221462846FEF7BEF888B9B8F179
:108D2000000F00F0C180B8F1010FC4D0EB6A984584
:108D3000C1D2224641462846FEF7AEF8002800F090
:108D4000B3800128B7D14FF0FF342046BDE8F88F3B
:108D5000E209D9E91013521843F100034846FDF720
:108D6000FFFF0028EFD1A30003F4FE734B449B6E7A
:108D700033F0704300F0D180012B9CD0A74200F06B
:108D8000A280EB6A0134A34254D8012F00F09B80EB
:108D90000224D6F8009065E7D9F8401004EB540A95
:108DA000D9F844304FEA5A22521843F1000348469A
:108DB000FDF7D6FF0028C6D10AF1010BD9F8401003
:108DC000D9F844304FEA5B225218CAF3080ACA4461
:108DD00043F1000348469AF868A0FDF7C1FF002858
:108DE000B1D1CBF3080BCB449BF868304AEA032A95
:108DF000E30740F1D7805FEA1A1A00F08E80BAF1DB
:108E0000010FBBD157E7220AD9E91013521843F1D9
:108E100000034846FDF7A4FF002894D1630003F443
:108E2000FF734B44B3F86830002BA5D175E07C1C70
:108E30009C42ADD2D6F8009014E7012701223946B2
:108E40002846FDF7DBFF431E033304463FF634AFED
:108E50004FF0010BA0F102094FEA1932D5E91603D0
:108E600009F0070A121843F100030BFA0AFA284620
:108E7000C9F3C8095FFA8AFAFDF772FF00287FF488
:108E800062AF05EB090393F868201AEA020F7FF43A
:108E900012AF8AEA020A83F868A085F804B0B8F134
:108EA000000F58D10223F371EB6AAA69023B9A4280
:108EB0006B7998BF02F1FF3243F001036C6198BFF8
:108EC000AA616B71F8E60024F6E66F69012F01D9FB
:108ED0009F42ACD399454C4679D3474655E7032882
:108EE00002D1B3699A452FD3F369002B7FF446AFC3
:108EF000D9E91013E209521843F100034846FDF77F
:108F00002FFF00287FF41FAFA30003F4FE734B4430
:108F10009B6E33F000437FF42FAFEB6AF6E6022836
:108F2000A4EB020AB9F80A20D9D1013B41F1FF3183
:108F3000580A40EAC1500023490A0EF029F8824538
:108F40003FF6B9AE3FF41AAF631C01337FF416AF9E
:108F5000F9E6474672E7F379022B2CD008F10102BB
:108F6000A242F36924D00BB90123F361A8EB0302F9
:108F7000511C012B0CBF2246023201297FF69BAE09
:108F80003068C36A9942BFF496AEFDF785FF0028AA
:108F90007FF4D7AEF369013BF361002BE6D10123E7
:108FA000F36181E7CAF30B03002B7FF4E5AEB4E76E
:108FB0005BB10133F4E77B1CA3423FF475AF03239D
:108FC000F371B368FB1AB361C8E70223E8E7012C29
:108FD000D6F800907FF66FAE474643E62DE9F04F96
:108FE0008B4687B000210446D0F80090FEF7EAFFD8
:108FF000074628B104284ED0384607B0BDE8F08FA8
:10900000D4F83C8009F168034746D9E9182C824618
:1090100096469846A66B0590674508BF76451FD0D3
:1090200099F8043099F80100002B40F09B8001234F
:109030003246009341463B4606F012FC50B14FF0D9
:10904000FF324FF0FF33C9E918230127384607B034
:10905000BDE8F08FB646BC46C9F86060C9F86470D8
:1090600099F80020236C042A1B7831D0E52B31D0ED
:1090700083B34FF0000A2568236B2A782033042A33
:1090800014BF4FF400124FF08052934208D30022D5
:109090000023C4E90E230727384607B0BDE8F08F48
:1090A000D4E90E6756EA0702F5D0C3F3080252B9B5
:1090B0000136616B47F10007C4E90E6799B9298948
:1090C000B1EB531FE3D96835154423632564A3E747
:1090D0001806CED40AF1010ADA45CCD1059F3846EC
:1090E00007B0BDE8F08F6889013810EA5320EAD153
:1090F0002046CDE90332FDF763FFDDE903320128A5
:10910000064660D9411CA0D0E96A884219D320469E
:10911000616BCDE90332FFF78DFD06460028BAD01A
:10912000012850D0431C90D001462846FDF776FB1D
:1091300000288AD1DDE90332E17941F00401E171CF
:10914000E96A0239B01E884266633ED2D5E9141737
:10915000B5F80AC0E0FB0C170E46D9E918ECC4E9D3
:109160000E67B0E70121724600916346414606F062
:10917000AFFB00287FF469AFD9F86050D9F84010F0
:10918000D9F86430D9F84420D9F830C0691A63EBB3
:109190000202614572F1000289F8040099F80100A9
:1091A000BFF445AF99F80320022A7FF440AF0121B4
:1091B00015EB0C02009143F10003414606F088FBD9
:1091C00099F8010033E7022716E700263746C4E77F
:1091D0002DE9F04F90F84FE09BB01EF0A00C40F04E
:1091E000028306680446D6F80CB0BBF80030002BAA
:1091F00000F062845B4633F8022F0CF1010C002A68
:10920000F9D13378042B00F009840DF1100804F132
:1092100044051EF0010F95E8070088E8070000F0FC
:10922000608140234FF0010A84F84F304FF07E09EF
:109230005B46E346A54FCDF804E0AE4698E807004C
:10924000AEE80300BAF1050F2EF8022B4FEA1242E6
:109250008EF8002040F236831A885146002A00F02A
:109260009A809C4602F0010000EB41004FEA520E4A
:10927000090448BF78400EF0010E0EEB400E910835
:10928000030448BF8EEA070E01F0010000EB4E0018
:109290001EF4004F4FEAD20118BF784001F00101DF
:1092A00001EB40014FEA121E000448BF79400EF066
:1092B000010E0EEB410E0B044FEA521048BF8EEA2E
:1092C000070E00F0010000EB4E001EF4004F4FEAC5
:1092D000921118BF784001F0010101EB40014FEA03
:1092E000D21E000448BF79400EF0010E0EEB410E75
:1092F0000B044FEA122048BF8EEA070E00F001006F
:1093000000EB4E001EF4004F4FEA522118BF784088
:1093100001F0010101EB40014FEA922E000448BF29
:1093200079400EF0010E0EEB410E0B044FEAD220F5
:1093300048BF8EEA070E00F0010000EB4E001EF45D
:10934000004F4FEA123118BF784001F0010101EBE4
:1093500040014FEA523E000448BF79400EF0010E32
:109360000EEB410E900B090448BF8EEA070E00F089
:10937000010000EB4E001EF4004F4FEAD23118BF3F
:1093800078403CF8022F01EB4001030448BF7940CC
:10939000002A7FF467AF01F00F0000F13002392A94
:1093A00088BF00F137020F294FEA111C8DF80F20FA
:1093B00040F28C820CF00F0E0EF13002392A88BF79
:1093C0000EF13702BCF10F0F4FEA11208DF80E207D
:1093D00040F2BA8200F00F0E0EF13002392A88BF37
:1093E0000EF137020F284FEA113C8DF80D2040F2A4
:1093F000F8820CF00F0E0EF13002392A88BF0EF100
:109400003702BCF10F0F4FEA11408DF80C2040F2EB
:10941000DE8200F00F0E0EF13002392A88BF0EF105
:1094200037020F284FEA115C8DF80B2040F2BD8205
:109430000CF00F000A0E00F13001392988BF00F14D
:109440003701BCF10F0F8DF80A1040F2D68202F0FE
:109450000F0202F13001392988BF02F137010022E1
:109460008DF8091011468DF8089001F168030DEB95
:10947000030010F860CC062A05F802C010F85FCC93
:1094800005EB020080F801C001F1020002F1020CBC
:109490000FD0082840F0AD812021052A05F80C10D6
:1094A00002F1030005D0C0F10802202128440AF08F
:1094B00055FB2046FEF796FF50B90AF1010ABAF1B2
:1094C000640F00F0BA83F368B7E600BF2110010013
:1094D0000428DC46DDF804E0834640F0868184F809
:1094E0004FE01EF0020F00F03982DC4B0CF10C074C
:1094F000A3FB07384FEA9808204608F10101FFF75F
:109500006DFD8346002840F070810C2F00F02E8204
:10951000216B2046A1EB4811FEF754FD834600283D
:1095200040F0638194F8442094F84510D30143EA55
:1095300052030B44C3F3460294F8461042EAC312A6
:1095400051FA82F2C2F3460394F8471043EAC21379
:1095500051FA83F3C3F3460294F8481042EAC31267
:1095600051FA82F2C2F3460394F8491043EAC21357
:1095700051FA83F3C3F3460294F84A1042EAC31245
:1095800051FA82F2C2F3460394F84B1043EAC21335
:1095900051FA83F3C3F3460294F84C1042EAC31223
:1095A00051FA82F2C2F3460394F84D1043EAC21313
:1095B00051FA83F3C3F3460294F84E1042EAC31300
:1095C00051FA83F3DBB24FF00F094FF6FD774FF6F8
:1095D000FF7A019327E0A3F803A0A3F805A0A3F85E
:1095E00007A0A3F809A0A3F80EA0A3F810A0A3F861
:1095F00012A0A3F814A0A3F816A0A3F818A0A3F82B
:109600001CA0A3F81EA040F04000187001232046C3
:109610003371FDF777FD8346002840F0E680B8F10E
:10962000010800F0A381D4E90E233046FDF798FB32
:1096300002468346002840F0D880236CF1685FFA28
:1096400088F05A83019A00F1FF3C5A730CEB4C02EC
:109650000CEB8202A3F80B9031F812C00CF1FF3E24
:109660001FFA8EFE83F801C0BE454FEA1C2C83F81A
:1096700002C04FEA420CAED8013231F812E052007B
:109680000EF1FF3B1FFA8BFB83F803E0BB454FEA6B
:109690001E2E83F804E0A0D80A44B2F802E00EF1CE
:1096A000FF3B1FFA8BFB83F805E0BB454FEA1E2EFC
:1096B00083F806E093D8B2F804E00EF1FF3B1FFAFE
:1096C0008BFB83F807E0BB454FEA1E2E83F808E0CA
:1096D00087D8B2F806E00EF1FF3B1FFA8BFB83F848
:1096E00009E0BB454FEA1E2E83F80AE03FF67BAF48
:1096F000B2F808E00EF1FF3B1FFA8BFB83F80EE097
:10970000BB454FEA1E2E83F80FE03FF66EAFB2F86E
:109710000AE00EF1FF3B1FFA8BFB83F810E0BB451C
:109720004FEA1E2E83F811E03FF661AFB2F80CE06D
:109730000EF1FF3B1FFA8BFB83F812E0BB454FEAAB
:109740001E2E83F813E03FF654AFB2F80EE00EF190
:10975000FF3B1FFA8BFB83F814E0BB454FEA1E2E3C
:1097600083F815E03FF647AFB2F810E00EF1FF3B8B
:109770001FFA8BFB83F816E0BB454FEA1E2E83F8D9
:1097800017E03FF63AAFB2F812E00EF1FF3B1FFAD6
:109790008BFB83F818E0BB454FEA1E2E83F819E0D7
:1097A0003FF62DAFB2F814E00EF1FF3B1FFA8BFB32
:1097B00083F81CE0BB454FEA1E2E83F81DE03FF600
:1097C00020AFD28A02F1FF3E9A77120ADA771FFAA7
:1097D0008EF2BA423FF617AF01EB0C02528B002A11
:1097E0007FF413AF0FE74FF0060B58461BB0BDE8F0
:1097F000F08F00F168030DEB030010F8600C052AF0
:1098000005F80C0001F1030002F1030C3FF451AE26
:10981000082808D12021042A05F80C1002F10400C0
:109820007FF441AE45E600F168030DEB030010F84C
:10983000600C042A05F80C0001F1040002F1040C8C
:109840003FF437AE08280BD12021032A05F80C106D
:1098500002F105007FF427AE2BE600BF4FECC44EAB
:1098600000F168030DEB030010F8600C032A05F803
:109870000C0001F1050002F1050C3FF41AAE0828B6
:1098800008D12021022A05F80C1002F106007FF40D
:109890000AAE0EE600F168030DEB030010F8600C51
:1098A000022A05F80C0001F1060102F106003FF45E
:1098B00000AE082931D12021012A29543FF4F9AD05
:1098C0000720F0E50AF130028DF80F2094F84420CB
:1098D0000621202A8DF80E903ED094F84520202AAB
:1098E00000F0898094F84620202A00F09280032915
:1098F00026D094F84720202A22D0042922D094F898
:109900004820202A1ED0062940F0858094F849205E
:10991000202A14BF06220522A7E501F168030DEBFA
:10992000030C1CF860CC05F800C0002A7FF4C1AD20
:10993000062914BF20229DF80F2084F84B20B8E59B
:10994000032292E5042290E57E228DF80D2094F802
:1099500044200521202AC0D1002286E5012120468D
:10996000FFF73CFB834600287FF43FAFD4E90E238A
:109970003046FDF7F5F9834600287FF436AF0146FF
:109980002022206C0AF0EAF803CD0122236C186033
:109990005960A97828889972188194F84F30216C01
:1099A00003F018030B7332711FE77E228DF80A2033
:1099B00094F84420202A08BF0221CDD094F84520F5
:1099C000202A08BF022116D0022211464DE57E2230
:1099D0008DF80B2094F844200321202A7FF47DAFDA
:1099E000BAE77E228DF80C2094F844200421202A26
:1099F0007FF473AFB0E7012237E57E228DF80920AE
:109A000094F84420202A08BF0121A5D00122114644
:109A10002BE5022229E505210A4626E58B4B0CF1B0
:109A20000E05A3FB0535ED082046A91CFFF7D6FA65
:109A3000834600287FF4D9AE236B0135A3EB45158F
:109A4000E37925655F0740F1988003F0FB03032B62
:109A5000E37134D0E369656BABB1EA1A511C012B99
:109A60000CBF4FF0FF320232012948D92068C36A87
:109A7000994244D2FDF710FA0346D8B9E369013B95
:109A8000E361002BE9D1A368002B76D0636A2268DA
:109A90008DF8173023F0FF030893236AA16A069319
:109AA000002304A809930B9304921891FEF78AFAF5
:109AB000034638B39B4698E69C46FFF7A2BBA369D2
:109AC000A568002B00F0BC80012D206817D92B441D
:109AD0005F1EC36A05F101089D4210D24246294625
:109AE000FDF7DAF903460028E4D1AF4200F0A88080
:109AF0004546206805F10108C36A9D42EED34FF048
:109B0000020B72E604A8FDF73FFF03460028D1D1FF
:109B1000D4E904124FF400771D46B6F80AC004A831
:109B2000ECFB0712170A62F3070367F30F23170C06
:109B3000C4E9041267F31743120E62F31F6332691C
:109B40009163D36363691A0A63F3070562F30F2510
:109B50001A0C62F317451B0E226963F31F65336904
:109B60009A62DD62E379326943F0010382F82130C1
:109B7000FEF738FB034600289CD137693F220021BD
:109B8000781CF46809F0EAFF4FF0000EC02285232C
:109B900087F82020F1460122402170464FF0C10A8B
:109BA0003B70C7F1040827F801A07B1812E034F8D5
:109BB00010200EF101018AB1C8B28646D6B2150A4C
:109BC00004EB400C08EB0301DD70CD069E7003F141
:109BD000020306D004EB400C002AE8D115461646D5
:109BE000F0E7BCF8005009F101030DB19946DAE73E
:109BF00009F1020987F823E087F8019034F8020B95
:109C000008B301F0F5FBEB0343EA5503C2B212FAC5
:109C100083F3C3F34E05C0F3072045EAC33510FABA
:109C200085F534F8020BADB20028EAD1EBB2280A70
:109C300087F8243087F82500D7E54FF0070BD4E5E7
:109C40000023E37106E70346F2E700BF89888888AE
:109C50002DE9F04F0129066883B01CD9F36A0C4640
:109C60008B4218D9814617466AB9B2462546D04676
:109C70009C4210D298F80030013B032B0BD8DFE850
:109C800003F09E84461B3278042A00F03081012FB5
:109C900001D0BB4203D8022003B0BDE8F08F4FF0E3
:109CA000FF3239463046FDF7F7F80028F4D1D9F8ED
:109CB00000A0DAF82C30D9E7D9E9043153EA0102DF
:109CC00099F8070000F0AE80D9F80820002A00F0CB
:109CD000A9800228A4EB020AB8F80A2040F01481F7
:109CE000013B41F1FF31580A40EAC1500023490AC3
:109CF0000DF04EF98245CED800F00D8104F1010A35
:109D0000BAF1FF3F1AD1012003B0BDE8F08FE2099C
:109D1000D8E91013521843F100034046FDF720F82C
:109D20000028F0D1A30003F4FE734344D3F868A0E5
:109D30003AF0704A3DD0BAF1010FACD03278F36AF4
:109D4000042A09D09C42A6D2002221463046FDF7C3
:109D5000A3F80028A0D1F36AB269991E8A4205D2FD
:109D60000132B261727942F00102727101345445DC
:109D700003D03278042A73D055469A4519D2D9F8BF
:109D800000805446D8F82C3072E7220AD8E9101324
:109D9000521843F100034046FCF7E2FF0028B2D11D
:109DA000630003F4FF734344B3F868A0BAF1000FF3
:109DB000C1D13378042B00F09F8000206CE7D8F8E5
:109DC000401004EB540AD8F844304FEA5A22521893
:109DD00043F100034046FCF7C3FF002893D10AF18A
:109DE000010BD8F84010D8F844304FEA5B225218E3
:109DF000CAF3080AC24443F1000340469AF868A037
:109E0000FCF7AEFF00287FF47EAFCBF3080343449A
:109E100093F86830E2074AEA032A7FD55FEA1A1A04
:109E200089D1C6E700287FF436AFD9F81C30002B63
:109E300071D1D8E91013E209521843F100034046EA
:109E4000FCF78EFF00287FF45EAFA30003F4FE73DF
:109E50004344D3F868A03AF0004A7FF46CAFA8E717
:109E60004FF0010BD6E91603A4EB0508023D2A0BBF
:109E700005F0070412180BFA04F443F10003C5F3CC
:109E8000C805E4B2511C0091304643F10001019134
:109E9000FCF766FF00287FF436AF721992F868303D
:109EA0001C423FF4F8AE6340B8F1010882F8683014
:109EB00086F804B005D117E0B8F1010882F86830DF
:109EC00012D0640014F0FF0409D10135B5F5007F0C
:109ED0004FF0010406EB050212D292F868301C42E2
:109EE00083EA0403E8D1D6E65546F36A45E7C2792A
:109EF000022A7FF4CCAEB8E6BFB989F807705CE7F8
:109F00000025DDE90023BDE703288ED1D9F81830FC
:109F10009A458AD2F2E66FF0004A0FE7CAF30B0ABD
:109F2000BAF1000F7FF407AF43E799F80730BBB9E8
:109F3000D9F808400EE021464846FDF741F80128CF
:109F400004F101047FF6A7AE431C3FF4DCAE84426B
:109F50007FF433AFBC42EED1022389F807302CE7FF
:109F6000032B7FF42AAFD9F80830BB423FF625AF68
:109F7000D9F818201344BB42EED21EE770B582B068
:109F8000CDE90010002900F0948010468C4602E0D4
:109F90003A2B00F084801CF8013B1F2BF8D8484B6B
:109FA00093F800E07246474C54F82210002964D020
:109FB0000025454B44F822501E68B14208BF1D6081
:109FC0001D69A94204BF00251D611D6AA94204BF85
:109FD00000251D621D6BA94204BF00251D631D6C79
:109FE000A94204BF00251D641D6DA94204BF0025C0
:109FF0001D651D6EA94204BF00251D661D6FA94287
:10A0000004BF00251D67D3F88050A94204BF002576
:10A01000C3F88050D3F89050A94204BF0025C3F87C
:10A020009050D3F8A050A94204BF0025C3F8A05017
:10A03000D3F8B050A94204BF0025C3F8B050D3F8FC
:10A04000C050A94204BF0025C3F8C050D3F8D05077
:10A05000A94204BF0025C3F8D050D3F8E050A9426C
:10A0600004BF0025C3F8E050D3F8F050A94204BF64
:10A070000025C3F8F05000230B70019B2BB1002189
:10A0800083F801E044F82230197008B902B070BDBD
:10A090000022684601A9FDF71DF902B070BD0A78DB
:10A0A000303A5FFA82FEBEF1090F02D802318C45C8
:10A0B00002D00B2002B070BD012AFADC73E700BFAA
:10A0C00066820020783100208031002000000000EE
:10A0D0002DE9F04F9FB00591002800F0AE8102F00D
:10A0E0003F070446164607A93A4605A8FDF7F2F8C9
:10A0F000054628B10023236028461FB0BDE8F08F35
:10A10000DDF81CA04FF48C60CDF820A001F03CF9E4
:10A110008046002800F09D8100F50073CAF80C000D
:10A120000599CAF8103008A8FEF750FB81460028B0
:10A1300040F09B809DF96F30002BC0F2AE81DFF8BC
:10A140004895089BD9F800200A99DDF850C006F020
:10A150003E0E002A00F07F819A4200F07E812A465E
:10A16000D9F81000002800F0B481984200F01B825A
:10A17000D9F82000002800F0B381984200F01F8237
:10A18000D9F83000002800F0AF81834200F023822C
:10A19000D9F84000002800F0A581834200F0278212
:10A1A000D9F85000002800F0A181834200F02B82F2
:10A1B000D9F86000002800F09B81834200F02F82D4
:10A1C000D9F87000002800F09781834200F03382B4
:10A1D000D9F88000002800F08D81834200F037829A
:10A1E000D9F89000002800F08981984200F03B8265
:10A1F000D9F8A000002800F08381984200F0468240
:10A20000D9F8B000002800F07D81984200F04A8221
:10A21000D9F8C000002800F07781834200F04E8218
:10A22000D9F8D000002800F07181834200F05282FA
:10A23000D9F8E000002800F06B81834200F05682DC
:10A24000D9F8F000002800F02D81984200F06781D5
:10A2500006F01C01002A40F02781002900F0C1828D
:10A260001225404601F092F844E716F01C0F00F06A
:10A27000EB80042840F00F81DFF80C94D9F800300F
:10A280006BB3D9F8103053B3D9F820303BB3D9F8B9
:10A29000303023B3D9F840300BB3D9F85030F3B194
:10A2A000D9F86030DBB1D9F87030C3B1D9F880305B
:10A2B000ABB1D9F8903093B1D9F8A0307BB1D9F8CF
:10A2C000B03063B1D9F8C0304BB1D9F8D03033B128
:10A2D000D9F8E0301BB1D9F8F030002BC0D108A874
:10A2E000FEF776FF002840F04C8247F008079AF806
:10A2F0000030042B00F0068205F062FB189BC3F8C7
:10A300000E00189BC3F816009AF80020189B032A29
:10A3100008BF9A8A5E8B08BF46EA02462022DA729C
:10A320000022189B5A839AF80010032908BF9A82CA
:10A33000002201231899CA618AF80430002E40F0E7
:10A34000338247F04007189E012FDAE9182394BFA3
:10A3500000210121C4E9142308A8A665FCF7AEF882
:10A36000E062002800F0B7809AF80030042B00F07B
:10A370000A82032B08BFB38A728B08BF42EA0342EA
:10A38000A260F36923610023636100269FEDBC7B1B
:10A39000BAF806303146A38004F160034FF400722E
:10A3A000184684ED127B84ED0E7BC4F800A084F87F
:10A3B0003070E66584F83160049309F0CFFBB9068C
:10A3C00040F1ED80D4E9043B53EA0B0100F0E78053
:10A3D000BAF80A70C4E90E3BA1687F029F4276EB8F
:10A3E0000B0080F0B48020460293FCF7E9FD0128C1
:10A3F0000146029B40F2A880DB1B6BF1000B421C64
:10A40000ECD120640125E36A013B0F2B3FF629AF15
:10A4100009EB0311CA681B01B2F5807F00F0F081DF
:10A4200022B1013ACA60002A7FF41BAF00224046E5
:10A4300049F8032000F0AAFF5CE6092528461FB072
:10A44000BDE8F08F4FF00609404600F09FFF4D46F3
:10A4500050E6112550E6012282E6D9F804208A420E
:10A460007FF47DAED9F8082062457FF478AE2B46A4
:10A47000BEF1000F5FD109EB0313DB68B3F5807FFA
:10A480005FD09DF82630DB067FF55DAF404600F0DB
:10A490007DFF04252EE60546E3E616F01C0FD1D01D
:10A4A0000625DEE606F01C019DF82630002900F0A6
:10A4B0008A8113F0110F06D1730706D5404600F0CC
:10A4C00065FF082516E60725CBE630077FF53BAF8D
:10A4D0000DE701224CE6404600F058FF022509E650
:10A4E00001224DE601225BE6012251E601225FE6F0
:10A4F000012265E6012273E6012269E6012277E680
:10A5000001227DE6012283E6012289E601228FE60F
:10A51000D9F8F020002AC5D09A42C3D10122D9F837
:10A52000F4308B427FF494AED9F8F83063457FF471
:10A530008FAE0F239CE716F01C0F18BF10257FF479
:10A5400090AE4FF010097FE7206402255BE7C3F36C
:10A550000800216418B3DAF82C000239023881426D
:10A56000F3D2DAE91460BAF80A70E1FB076056EA40
:10A570000001EAD05B0A43EACB539B194FF0010676
:10A5800040EB5B21C4E912311A469AF801000B46F0
:10A590000096049905F064F900287FF433AF404633
:10A5A00000F0F4FEA8E5D9F8140088427FF4E0AD8D
:10A5B000D9F8180060457FF4DBAD012358E7D9F8DE
:10A5C000240088427FF4DCADD9F8280060457FF490
:10A5D000D7AD02234CE7D9F8340081427FF4D8ADDF
:10A5E000D9F8380084457FF4D3AD032340E7D9F888
:10A5F000440081427FF4D4ADD9F8480084457FF40B
:10A60000CFAD042334E7D9F8540081427FF4D0ADB4
:10A61000D9F8580084457FF4CBAD052328E7D9F855
:10A62000640081427FF4CCADD9F8680084457FF4A2
:10A63000C7AD06231CE7D9F8740081427FF4C8AD8A
:10A64000D9F8780084457FF4C3AD072310E7D9F823
:10A65000840088427FF4C4ADD9F8880060457FF457
:10A66000BFAD082304E7D9F8940088427FF4C0AD59
:10A67000D9F8980060457FF4BBAD0923F8E600BF28
:10A68000000000000000000080310020D9F8A40084
:10A6900088427FF4B5ADD9F8A80084457FF4B0AD09
:10A6A0000A23E5E6D9F8B40088427FF4B1ADD9F8C1
:10A6B000B80084457FF4ACAD0B23D9E6D9F8C400CB
:10A6C00081427FF4ADADD9F8C80084457FF4A8ADD0
:10A6D0000C23CDE6D9F8D40081427FF4A9ADD9F896
:10A6E000D80084457FF4A4AD0D23C1E6D9F8E40079
:10A6F00081427FF4A5ADD9F8E80084457FF4A0AD90
:10A700000E23B5E6DAF810002146C4F800A0FCF7E5
:10A7100031F91E220021023009F020FA0022202106
:10A72000DAF81030C3F82620C3F82A20C3F82E2008
:10A73000C3F83220C3F83620C3F83A20DA87DAF8B3
:10A7400010301971DAF8106005F03AF90122B060A2
:10A75000DAF8103008A883F82120FDF743FD0646FB
:10A76000002841D1A16800293FF4EBAD0246204604
:10A77000FFF76EFAA668013ECAF8146000283FF49D
:10A78000E0AD05466DE50C9B9DF8272023F0FF0307
:10A79000134363620A9B214623621C9BDAF8100074
:10A7A000A362FCF7E7F8F0E53146DAE918BC08A83F
:10A7B000CDE902BCFFF74CFA8346D0B1404600F029
:10A7C000E5FD5D4696E4DA063FF560AEB6077FF537
:10A7D000BAADD8077FF5B7AD404600F0D7FD0725E5
:10A7E00088E44FF012092FE6404600F0CFFD3546D1
:10A7F00080E45046DDE90223FCF7B2FA013EBBE7F4
:10A800000022CA6012E600BF2DE9F04F002487B095
:10A810001C6050B11E460368814633B115461A7854
:10A820001AB18088DA88904205D04FF0090B58465B
:10A8300007B0BDE8F08F5878884604F0E7FFC107FD
:10A84000F3D499F831B0BBF1000FF0D199F8303062
:10A8500013F0010100F0CB80D9F81020D9F838307E
:10A86000D9F81400D41AD9F83C20D9F800A060EB2C
:10A870000200AC4270F1000038BF2546002DD6D052
:10A880001F46CDE9031BC7F30804002C63D1BAF8B7
:10A890000A30780A013B40EAC25003404FEA522195
:10A8A00041D0D9F84000DAF82C200238023A904220
:10A8B00049D2DAE91472BAF80A10E0FB017257EAD9
:10A8C000020040D0DF1942F1000BB5F5007F4FD3F5
:10A8D00003EB55228A424FEA552488BFCC1A9AF8D6
:10A8E00001003A465B464146009404F0B9FF002857
:10A8F00074D199F93030002BC0F29A806402D9F8F3
:10A9000038703368D9F83C20E71942F1000223443B
:10A910002D1B3360A044C9F83870C9F83C20B2D16F
:10A92000DDF810B083E73A4340D1D9F80800012898
:10A9300009D9421C52D0DAF82C20C9F84000023A5A
:10A9400002389042B5D302239B46584689F83130ED
:10A9500007B0BDE8F08F09F160012144C4F500742F
:10A96000AC4228BF2C464046224609F09DFFC6E770
:10A97000D9E912235B4508BFBA423BD099F93010A0
:10A980009AF80100002940DB09F1600101233A46F1
:10A9900000935B46059104F063FF0599F0B9C9E99E
:10A9A000127BD9F83870C7F30804D6E7D9F85C40B1
:10A9B0001CB3D9F80020059352890CF0E9FA6268BB
:10A9C000059B271D2AB9BEE7801A57F8082F002AD1
:10A9D000B9D09042F8D27A681044A8E703990123CD
:10A9E0008B46584689F8313007B0BDE8F08F4FF0FC
:10A9F000070B1CE709F16001D1E74846D9F8401080
:10AA00000593FCF7DDFA059B91E70121009109F11F
:10AA10006001059104F05CFF0028DFD199F8303027
:10AA2000059903F07F0389F830309AF80100ADE70B
:10AA3000D9F84800D9F84C30C01B63EB0B03A04297
:10AA400073F10003BFF45AAF4FF4007208EB4020DB
:10AA500009F1600109F028FF50E700BF2DE9F04738
:10AA600098B040B1036804462BB11A781AB18188B6
:10AA7000DA88914204D00925284618B0BDE8F0874D
:10AA8000587804F0C3FEC207F5D494F8303013F0C0
:10AA90004005F1D01B0626682FD404F091FF3378CF
:10AAA0000746042B3BD0D4E914233046FCF758F971
:10AAB00005460028E0D1A26DD37A43F02003D3727B
:10AAC000A3682168C3F307209376D0760978032919
:10AAD00000F08C8023690021D3610123C2F8167035
:10AAE000518230463371FCF7D3F894F83030054684
:10AAF00023F0400384F83030BEE70125D4E9122367
:10AB0000707804F16001009504F0E2FE0028B3D1F2
:10AB100094F8303003F07F0384F83030BDE7E379F8
:10AB2000032B3FD0E369D4F84080BBB1A8EB03020C
:10AB3000511C012B0CBF4FF0FF320232012953D9B7
:10AB40002068C36A99424FD2FCF7A6F9054600284F
:10AB500092D1E369013BE361002BE7D14FF48C60B4
:10AB600000F012FC8046002800F0938000F500738E
:10AB7000C6E903032368A16A0293236A02A8049327
:10AB8000636A16918DF80F3023F0FF0306930023BC
:10AB900007930993FDF716FA054660B3404600F0A7
:10ABA000F5FB69E7A369D4F80880002B73D0B8F1EE
:10ABB000010F206818D9434403F1FF39C36A08F133
:10ABC000010A984510D252464146FCF765F9054600
:10ABD00000287FF451AFC8455DD0D046206808F109
:10ABE000010AC36A9845EED3022545E71B0C13758D
:10ABF0001B0A53756EE702A8FCF7C6FE054600283F
:10AC0000CCD1AC462946326902A8137943F020031F
:10AC10001371E279336942F0010283F8212033692C
:10AC2000A2685A6363691A0A63F3070C62F30F2C74
:10AC30001A0C62F3174C1B0E226963F31F6C336905
:10AC40009A63C3F83CC063691A0A63F3070162F3AD
:10AC50000F211A0C62F317411B0E226963F31F6167
:10AC60003369D9629A623369DF6033695D7533692C
:10AC70001D61FDF7B7FA054600288FD13046FCF775
:10AC800007F894F83030054623F0400384F830305C
:10AC900084E71125F0E60023E37143E710B504468D
:10ACA000FFF7DCFE00B110BD3CB123682BB11A7870
:10ACB0001AB1A188DA88914201D0092010BD5878D4
:10ACC00004F0A4FD10F00100F7D1E36A013B0F2B63
:10ACD00012D80B494FEA031C01EB0313DA68B2F5F3
:10ACE000807F0BD012B1013ADA6012B9002341F82B
:10ACF0000C300023236010BD022010BDD860F5E7A2
:10AD0000803100202DE9F04F85B050B11E46036818
:10AD1000044633B115461A781AB18188DA8891420F
:10AD200004D00927384605B0BDE8F08F587804F004
:10AD30006DFDC707F5D494F83170002FF2D1D4F827
:10AD4000008098F80030042B00F07081D4F85CA0EB
:10AD5000BAF1000F00F09A80B6F1FF3F08BFB5F1DD
:10AD6000FF3F60D0D4E904914D4576EB01033CBF31
:10AD7000A946314659EA0103C4E90E91D2D019F12E
:10AD8000FF3541F1FF3123686D0A45EAC1555A8903
:10AD900028460023490A0CF0FBF8DAF804300AF1DF
:10ADA000040633B976E1C01A56F8083F002B00F0CC
:10ADB00071818342F7D973680344981E2364D8F8DD
:10ADC0002C30023B83424FD9D8E91436B8F80A1028
:10ADD000E0FB01361A4652EA060345D0C9F30803E0
:10ADE000002B9FD0013929408D1846F10006D4E987
:10ADF0001223B34208BFAA4294D094F9301098F8B5
:10AE000001000029C0F27F8104F1600A012351464C
:10AE100000932A46334604F023FD002840F00181C8
:10AE2000C4E912567EE7D146D4F808B0022259F898
:10AE300004CBBBF1000F00F0258115466646029752
:10AE40005946002705E0481C00F0EB808B4240F09B
:10AE5000398120468A46FCF7B3F80128014607F1FC
:10AE600001070AF10103EED8022384F831300227EA
:10AE7000384605B0BDE8F08FD4F85CA0BAF1000FF9
:10AE80007FF46AAF98F80030042B08D04FF0FF33FE
:10AE9000002E18BF1D464FF0000318BF1E46D4E910
:10AEA0000423D4E90E10AA4273EB060C07D294F8DF
:10AEB00030C01CF0020F40F0F08015461E46002303
:10AEC0000022C4E90E2355EA06033FF42BAFB8F87D
:10AED0000A9051EA00034FEA492955D04B1E40F130
:10AEE000FF3A681E66F100014A46029300230CF007
:10AEF0004FF84A468B4603900023514602980CF0C7
:10AF000047F8039A82427BEB01013DD3D646029972
:10AF1000C9F100020A40AD1A216CA263C4F83CA03A
:10AF200066EB0A06B9BB89468B46D4E90401904218
:10AF300071EB0E0107D294F83030C4E9042E43F0CF
:10AF4000400384F83030C2F30802002A3FF4EAAE2E
:10AF5000D4E912235B4508BF4A453FF4E3AE94F9B8
:10AF6000301098F801000029C0F2BB8004F1600A9B
:10AF70000123514600934A465B4604F071FC0028C9
:10AF80004FD1C4E9129BCDE6A168002900F08C8066
:10AF90000022964621640023A94573EB060080F049
:10AFA000FC807346039726E067694CF0400C0297DB
:10AFB000276920469742029F9F413CBFC4E9042372
:10AFC00084F830C0FDF736FE0146002800F0D68038
:10AFD0004B1C26D001297FF647AFD8F82C308B4286
:10AFE0007FF642AFD4E90E230020D14570EB0B0071
:10AFF000216480F09A80B5EB090A94F830C066F1BC
:10B00000000B19EB020243F100031CF0020F55463E
:10B010005E46C4E90E23C7D12046FBF7D1FF0146A7
:10B02000D6E701231F4684F831307BE6E369D4F884
:10B030004090002B00F0A8804046A9EB0302511C71
:10B04000012B0CBF4FF0FF32023201297FF60FAF08
:10B05000C36A9942BFF40BAFFBF71EFF002840F014
:10B060009A80E369013BE361002B3FF405AF206860
:10B07000E3E7D8F82C308B4231D82A46B446029FF9
:10B08000D4F85CA06245CAF800200BD80023C9F8A8
:10B09000003047E66FF0010090E600220023C4E98B
:10B0A0000E2314E711273DE62046FDF7C3FD0128D6
:10B0B00001463FF4D9AE421CB3D0D4E90E2EA060B5
:10B0C00020642FE70235AE42D3D34B4643F8087BCA
:10B0D000C9F804B0D8F82C20914266D299468B4624
:10B0E000AEE6012104F1600A0091514604F0F0FB44
:10B0F000002896D194F8303003F07F0384F8303084
:10B1000098F8010034E7012104F1600A00915146EA
:10B1100004F0DEFB002884D194F8303003F07F0384
:10B1200084F8303098F8010070E61AEB020243EB25
:10B130000B0E4FF0000B039FCAF30809C4E90E2E53
:10B14000B9F1000F3FF4F1AED8F82C000239023803
:10B150008142BFF489AED8E91403B8F80AC0E1FB14
:10B160000C0350EA03013FF47FAE4FEA552949EA48
:10B17000C65919EB000943EB562BD6E68146D4E9B4
:10B180000E2E8346039FD0E6D4F85CA0BAF1000FE0
:10B190007FF4E2AD83E60746C4E5AA184FF0000B42
:10B1A0004EEB060EC5F30809C8E72A46B446994691
:10B1B000029F65E7F0B585B00191002847D00546AC
:10B1C000002203A901A8FCF785F8044620B100235A
:10B1D0002B60204605B0F0BD039F4FF48C602F60BC
:10B1E00000F0D2F80646002835D000F50073C7E914
:10B1F000036328460199FDF7E9FA044600BB95F977
:10B200004F30002B0DDBAB79DB0626D53B78042BCA
:10B2100032D0296C032B4A8B04BF8B8A42EA03424B
:10B22000AA60FB8800212846AB80FCF7CBFE0446D1
:10B2300030B9AB68ABB93046EC6200F0A7F8C8E7AC
:10B24000304600F0A3F8042CC1D10524BFE709243F
:10B25000204605B0F0BD1124BBE7304600F096F85B
:10B26000F3E701462846FBF729F9E86298B930462A
:10B2700000F08CF81224AAE72B69EA7923F0FF0387
:10B28000A96813432A6D2962C5E90932294638693C
:10B29000FBF770FBC5E7304600F078F899E700BF90
:10B2A00048B3036810B504462BB11A781AB18188E7
:10B2B000DA88914201D0092010BD587804F0A6FA2E
:10B2C00010F00100F7D1E36A93B1013B0F2B14D8C2
:10B2D0000C494FEA031C01EB0313DA68B2F5807FD7
:10B2E0000DD012B1013ADA6012B9002341F80C30E6
:10B2F0000023236010BD09207047022010BDD860D4
:10B30000F3E700BF80310020F8B548B10368044678
:10B3100033B11A7822B10F46DA888188914202D07F
:10B3200009252846F8BD587804F070FAC307F7D409
:10B33000256807B34FF48C6000F026F8064600B38A
:10B3400000F50073C5E903032046FCF713FC10F079
:10B35000FB0F05460AD139462046FBF71DFB204668
:10B36000FBF7D0FE0428054608BF0025304600F054
:10B370000DF82846F8BD39462046BDE8F840FCF7F0
:10B3800021BE1125CDE700BFF6F7DEBCF6F716BDEE
:10B390007F2801D880B27047B0F5803F03D240F2D9
:10B3A000B513994201D0002070470023054A02E0FE
:10B3B0000133802BF7D032F8021B8142F8D1803361
:10B3C00098B27047FC8601107F2804D940F2B5136B
:10B3D000994201D000207047FF28FBD8034B00F1B1
:10B3E0000040803833F81000704700BFFC86011021
:10B3F000B0F5803F1ED2264B264A30B584B2B4F554
:10B40000805F38BF134604330DE08C4210D333F80D
:10B41000022C5FFA82FC0CEB010E70454FEA1222FF
:10B4200009DB043382B133F8041C1D460029ECD13A
:10B43000204630BD7047082AFAD8DFE802F0241E03
:10B440001B1815120F0C080005EB4C03DBE7A4F5E5
:10B45000E354A4B2ECE7503CA4B2E9E70834A4B248
:10B46000E6E71A3CA4B2E3E7303CA4B2E0E7203CB4
:10B47000A4B2DDE7103CA4B2DAE7631A03F00103DB
:10B48000E31A9CB2D4E7401A33F81040D0E700BF6B
:10B490004C8401100885011038B51F4D04462A68F8
:10B4A00090422BD0AB68984208BF012327D00A2CCA
:10B4B00020D00B2C13D0194B1B68A9B1194620467C
:10B4C000F5F7A2F801212046F5F75AF82B689C42BF
:10B4D0001BD0AB689C4208BF012317D038BD104B6E
:10B4E0000E4A13600029E9D1802219462046F5F75B
:10B4F000BBF8E7E70B4B094A1360DEE7002305EBD7
:10B50000C3031B79002BD2D038BD0023012205EBE9
:10B51000C3031A7138BD00BF641D00206481002080
:10B52000A91000205D10002040300BF045BD00BF89
:10B5300040300BF031BD00BF017A0346027E19B3E3
:10B5400010B54FF05044C16801201F298ABF20392F
:10B550006468A46800FA01F1214208BF002019695B
:10B56000884204D122F002021A76012010BD002484
:10B5700042F0030C5D21074A83F818C05C76064848
:10B5800004F000FA204610BD22F0020202760120EB
:10B59000704700BF30720110FC87011010B100F23B
:10B5A000B120704700487047F47C01102DE9F04746
:10B5B000DFF8D09032480BF0FFFC99F80060002EC5
:10B5C0003ED1354604F028FA0126A8423746DFF876
:10B5D000B88032D9284604F021FA044640B3036CFF
:10B5E00000F1400A002B3FD050460BF0E5FC2B4603
:10B5F00004214246277604F2B120F7F7BFFE237AF2
:10B600005BB1237D33B1617DE06889B30022012104
:10B61000F4F742FEE068F4F771FE2378012B15D0B1
:10B62000022B02D1204601F0EDFE50460BF0B4FC97
:10B6300004F0F2F90135A842CCD8012389F8003092
:10B640000F480BF0A9FC3046BDE8F087204603F018
:10B6500001FF6368186801F035FF0028204608BF25
:10B66000002603F0B1FEE0E75046F5F78DFABBE7A0
:10B670000122F4F711FEE068F4F740FECDE700BFC9
:10B68000282800206A820020487201102DE9F84F16
:10B69000044643684FF08008D3F87022D3F8501264
:10B6A000986903F51D7304F0D3FA4FF0FF3C63680B
:10B6B000454A9969D3F8444201F12F4000F56000F2
:10B6C000050DD3F8500202EA443200EBC505D3F869
:10B6D000486242EA454222F4F0324FEA841BD3E941
:10B6E000A4570BF1A04B05EB472A42EA4632D3E9B7
:10B6F000AAE942F08075CBF800A000F1040A45F0F9
:10B70000190501EB8A0ACBF804A0CBF80880CBF826
:10B710001050B501C3F8B8C2C3E9AC9ED3F81CC041
:10B7200005F1A04503F52C732B60032322F08072F2
:10B7300042F01902BCF10A0FC5F804A0AB602A61FF
:10B7400037D0BCF10B0F2AD04FF4836646F22003AA
:10B7500000EB400201EBC20201EB80052E61C2F852
:10B76000D83001231F2603FA04F4834046F2400038
:10B770002E61C2F8D8004EF20F00C2F8D8004EF287
:10B780008F00C2F8D8004FF0A0426FF00F00286180
:10B79000C2F850440A6813430B60BDE8F88F0123D8
:10B7A0004FF0A045094AB340C5F81C34C2F8143420
:10B7B000CAE701234FF0A045044AB340C5F80C3452
:10B7C000C2F80434C0E700BFFDFF01FC00200050B8
:10B7D0000123F0B54FF0A0460446456883B0D5F884
:10B7E000442293409201C6F864343244D36859012C
:10B7F000FCD40121D5F848329A01994002F1A042C7
:10B80000C6F86414D3685B01FCD4EB690A2B19D029
:10B810000B2B13D0D5F85012A869AA680125002770
:10B8200006688D4026EA050606600423009704F0AA
:10B83000C9F9636883F8887203B0F0BD034BC3F89D
:10B840001414E7E7014BC3F80414E3E70030005099
:10B85000090441EA1241120470B442F4807241F0CA
:10B860003D540BB1013B1A434FF00046134BC4F358
:10B8700007455D5DC4F3072C85EA0C055D5DC9B223
:10B880006940595CD0F84C5281EA126113F801C04A
:10B890008169C2F3074080EA0C001B5C42EA032284
:10B8A00005EB450301EBC30303F5865301EB85016B
:10B8B0001E611E610C610A6170BC704770880110C6
:10B8C0008B0000EB8101884248D2024600200146ED
:10B8D00010B503F1FF3C2CF00F0C02F120039C4447
:10B8E000103252E9044394FA84FE8EEA1E4E8EEA28
:10B8F000010E8EEA114E80EA1E301BBA80EA0E401D
:10B9000083EA134352F8081C434083EA10438EEA4B
:10B910000E5E8EEA133E09BA8EEA034E81EA1141A9
:10B9200052F8040C81EA0E0181EA1E4183EA0353B6
:10B9300083EA113300BA83EA014380EA1040584099
:10B9400080EA134381EA0151103281EA13319445B0
:10B9500083EA035081EA0341C3D110BD00200146B0
:10B96000704700BF2DE9F043B3F10008044614BF4F
:10B9700030230023406883B08946FFF769FFF5F75D
:10B9800035FD4FF47A7200230BF002FBB8F1000F83
:10B9900005460CBF012602263F4F0AE0F5F726FDBB
:10B9A00000234FF47A720BF0F3FAFB69401B9842C4
:10B9B00035D863689869D3F84C12C268CB00043359
:10B9C000DA4002F00F029642E8D8B8F1000F4AD0F0
:10B9D00000EB81010A6A314B150E5C5DC2F3074032
:10B9E00060401C5CC2F307206040185CD4B2096A56
:10B9F0006040185CC1F3072460401E5C01F0FE004B
:10BA0000864234D1A94502D0B9F1290F39D144EA8F
:10BA10000224C8F80040002003B0BDE8F083B9F16B
:10BA2000080F07D01E4BB72118461E4ACDF80090CC
:10BA300003F0A8FF64684FF00045D4F84C22A169D8
:10BA400002EB420201EBC2031946022003F58653C2
:10BA50001D611D61D4F8543203F01F03C1F8D830C2
:10BA600003B0BDE8F083083150F82130D3E70190EE
:10BA70004B46D4210C4A0A48009603F083FF03206A
:10BA8000CAE7DC23CDE900951946084A044803F0CB
:10BA900079FF0420C0E700BF781D002070880110E6
:10BAA0003C880110D87201101C73011068730110DA
:10BAB0002DE9F04F4FF0004A0446406887B0D0F8B7
:10BAC0004C62876906EB460E07EBCE0E0EF5865EDE
:10BAD000D0F844C2CEF810A0CEF810A006F1040EA3
:10BAE000083607F12F4807EB86070526734D08F542
:10BAF00060084FEA18580EEBC80E05EA4C3545EAC7
:10BB00004E454FEA8C1C0CF1A04C0DF1040B45F096
:10BB10004905CCF800709946CCF804B08823CCF8DD
:10BB20000860CCF80C50FFF793FEF5F75FFC4FF47C
:10BB30007A7200230BF02CFA4FF0A0470546604EB6
:10BB40000BE0F5F753FC00234FF47A720BF020FA68
:10BB5000336A401B984200F288806368D3F844221D
:10BB6000930103F1A04319694901EAD4012101FAC3
:10BB700002F2C7F86424DA6812F08062FBD114463E
:10BB80000199504B4FEA114C5FFA8CF0185CC1F3ED
:10BB900007277840185CCEB270401D5C6CF3070438
:10BBA000029867F30F2466F31744060E754066F398
:10BBB0001F641646C9F800405C5D1546C0F3074790
:10BBC0007C401C5D67F30702C0F307277C401C5DC7
:10BBD000C0B2444067F30F221F5D60F31742DDE9F6
:10BBE00003404FEA146C8CEA07076CF31F62C9F834
:10BBF0000420DA5DC4F307477A409A5C67F30706CE
:10BC0000C4F307277A409A5CE4B262409A5C67F317
:10BC10000F2664F31746040E62409A5C64F31F66B5
:10BC2000C0F3074462409A5C64F30705C0F307243D
:10BC300062409A5CC0B242409A5C64F30F259DF862
:10BC4000143060F3174563F31F6503F0FE039A4257
:10BC5000C9F80860C9F80C502CD1080E3F3818BF3D
:10BC60000120800007B0BDE8F08F01236468D4F89C
:10BC700044128A018B4002F1A042C7F86434D368B1
:10BC80005801FCD4D4F84C224FF00045A16902EBD6
:10BC9000420201EBC2031946022003F586531D61DF
:10BCA0001D61D4F8543203F01F03C1F8D83007B037
:10BCB000BDE8F08F032007B0BDE8F08FFDFF01FC69
:10BCC000781D002070880110F8B51F460446302307
:10BCD0004068FFF7BDFDF5F789FB4FF47A7200234A
:10BCE0000BF056F91E4E05460AE0F5F77FFB0023E0
:10BCF0004FF47A720BF04CF9736A401B984216D8D5
:10BD000063689869D3F84C32C268D9000431CA40DC
:10BD100012F00E0FE9D0002400EB83031A6A1B6AAD
:10BD20002046C3F3072343EA02233B60F8BD606863
:10BD30004FF00045D0F84C22816902EB420201EB42
:10BD4000C2031946022403F586531D611D61D0F814
:10BD50005432204603F01F03C1F8D830F8BD00BFAD
:10BD6000781D00204FF0010C2DE9F04F456883B09D
:10BD700007460E4690461C4685F888C2F5F736FB06
:10BD800000234FF47A720BF003F90023C5F88C02FC
:10BD90007D68C5E9A538C5E9A733C5F89062B8F153
:10BDA000000F17D041F2CC204FF0020C2B4600EBD5
:10BDB000C8023146284424FA0CF62A44C3F8D402B7
:10BDC00008308242C3E9B316C3F8D8C2214403F154
:10BDD0001003F3D1002605EB0812C2E9B366A86987
:10BDE000D5F8501200F12F42D5F844E2DFF8ECB05C
:10BDF00002F5600201F1040C120D0CEBC20C0BEA0F
:10BE00004E3B4BEA4C4BD5F848C24FEA8E1E2BF402
:10BE1000F03BD5F8582205F5337A05F517734BEA50
:10BE20004C350EF1A04BDE46DFF8B490DFF8B4805D
:10BE300009EA4C3949EA080845F0807501F108091A
:10BE400000EB890945F04905CBF80090CEF8046075
:10BE5000CEF80860CEF8105002254FEA8C1C0CF189
:10BE6000A04C0BF1180BCCF800A0CCF804B0CCF827
:10BE70000850CCF8108003F0EBFE78680423826849
:10BE8000D0F850128069009603F09CFE012346F220
:10BE9000400E4FF0A04C79689C40D1F85022886940
:10BEA000D1F8485202EB420100EBC10103FA05F55B
:10BEB0000F349340043240F82240C1F8D8E0D1F862
:10BEC000D02042F00042C1F8D020CCF85054026893
:10BED00013430360304603B0BDE8F08FFDFF01FC63
:10BEE000FDFF7FFC59137E002DE9F0434468804636
:10BEF000D4E9A59399450E46D4F89C5285B055D304
:10BF0000002284F88822D4F89C524D4545D25F1E09
:10BF100053B942E0D8F80440D4F89C52D4F8943293
:10BF20009D423AD2013F38D305FB06F0D4F8903257
:10BF30006A1CC4F89C2203EB80003146FFF7C0FC6A
:10BF400004EBC50303F58053D3E9B32312BA93FA84
:10BF500083FC914208BF6045DCD0D4F8A0320133A5
:10BF6000012BC4F8A032D5D1CDE902C200900191D5
:10BF70002B464FF4D771464A464803F003FD002E86
:10BF8000C8D0002310339E42FCD8D8F80440D4F81F
:10BF90009C52D4F894329D42C4D3D4F8A032002BE2
:10BFA00014BF0620002005B0BDE8F083A94588BF76
:10BFB000042706D83DE0D4F89C524D4539D2013FC4
:10BFC00037D005FB06F0D4F890326A1CC4F89C22E6
:10BFD00003EB80003146FFF773FC04EBC50303F568
:10BFE0008053D3E9B32312BA93FA83FC914208BF7A
:10BFF0006045E0D0D4F8A0320133012BC4F8A03260
:10C00000D9D12B46CDE902C200900191204A4FF4CC
:10C01000D771204803F0B6FC002316B110339E42BE
:10C02000FCD8D8F80440D4F89492D4F89C524D45EA
:10C03000C5D3D4F8483204F533729B0103F1A04311
:10C040001B68A3EB02094FEAD90909F1FF3994F8FB
:10C0500088324FEA5909C4F89492B3B1F5F7C6F99A
:10C060004FF47A7200230AF093FFD8F804200A4BA9
:10C07000D2F88C229B6A801A984238BF012092D352
:10C080004046FFF7A5FB05208DE7D4F898323AE744
:10C09000A073011020880110781D0020F8B502233C
:10C0A000456804460E46174685F88832F5F79EF92E
:10C0B0004FF47A7200230AF06BFF00230122C5F8C7
:10C0C0008C0265683046C5F89C22C5F89432C5F8E4
:10C0D000A0328021C5F89872C5F89062FFF7F0FB96
:10C0E000C5E9AA012046FFF7D1FA6468D4E9A6237E
:10C0F000934201D30020F8BDD4F890025A1CC4F832
:10C100009C2200EB43208021FFF7DAFBC4E9AA015F
:10C110000020F8BD38B51B4B04465B680D46C3F3E1
:10C1200008030BBB62681DB1D2F894325B022B602E
:10C1300092F888328BB1F5F759F94FF47A720023EF
:10C140000AF026FF6268104BD2F88C22DB6A801A54
:10C15000984238BF01200AD238BD2046FFF738FB8D
:10C16000636893F8BC0238BD0AF036FFDAE740F2A4
:10C17000C321064A064803F005FC2046FFF728FBCA
:10C18000052038BD00ED00E0781D0020F07301109F
:10C190000C880110000000002DE9F04F2DED028BFE
:10C1A0004568044695F8303008EE101A99B05BBB2C
:10C1B000A869002800F02B82EB69002B00F0E981D0
:10C1C000012103F04DFC66680121C5F84C02B069FD
:10C1D00003F046FC034665680120C6F8503203F0C0
:10C1E0002FFC03460120C5F84432656803F028FCA3
:10C1F0006368C5F8480293F82010D869FFF74CF936
:10C200000123656885F8303001234FF0A041D5F84F
:10C210004402820183400A44C1F86434D36858015F
:10C22000FCD40123D5F848028201834002F1A042E8
:10C23000C1F86434D3685B01FCD40123A869D5E953
:10C240009315026803FA01F122EA01020260026812
:10C25000AB4022EA0303036003F09AFC6368D04911
:10C26000986903F019FCDFEDCF7A78EE277A4FF466
:10C2700040330246BCEEE77A6568D5E900610809FB
:10C280000A9320F4782343EAC03323F4787343EA13
:10C29000401323F0F87343F07E4343F4F84343EA3A
:10C2A000005323F4F843B002360943EA86230C9383
:10C2B000CB0300F4F84003F47823034301F01F009C
:10C2C0000343480100F47870034343F0105343F4F0
:10C2D00080130B9302F11100D301090643EA0033E6
:10C2E00001F0F85123F0FE430B4317EE101A89B208
:10C2F000C5F85422002900F04A8107EE101AB8EE62
:10C30000477ADFEDA96A77EEC77A67EEA67AFCEE88
:10C31000E77ACDED037A9DF80C00000240EA014176
:10C3200043F00203CDE90813A8690491D5F84C1233
:10C3300001259FED998B08AB03F08AFC63684FF0F1
:10C34000000A1A68D3F84C1298692B46009503F03E
:10C3500039FC636895499869D3F84C32026805FA4C
:10C3600003F31343036003F097FB4FF4402B6FF488
:10C3700078230DAA8DED128B91466668CDE914BA2B
:10C3800003F0FF33C6F858020793031DC00112AF34
:10C3900040EA03330693B846BE460FCF05974F4693
:10C3A0000FC74FF0FF30069B38600E93B9E80F00BF
:10C3B000A8E80F0040464FF0FF3806F5177CC0F89C
:10C3C00000800397BEE80F00ACE80F00D6F8643297
:10C3D000B2686FF31D4343F44033C6F86432D6F8B5
:10C3E0006832049962F3D333C6F86832079B1209A6
:10C3F00043EAC232C6F85C12C6F86C22B0696C49D6
:10C4000003F04AFBCDE914BA6FF4782B8DED128B53
:10C4100066680BF0FF3300F1080B0DF1480A0DF1CF
:10C420003409C6F870024FEA0B3B0530D646C846C1
:10C43000D44606934BEAC01BBAE80F00A9E80F00E8
:10C440004FF0FF39039A06F51D77C2F80090CDF83A
:10C4500038B0B8E80F00AEE80F000598C0F80090BB
:10C46000BCE80F000FC7D6F818C05248B168844521
:10C4700014BF4FF006084FF00708D6F880224E4F41
:10C4800061F3D33261F34912049B1740F268C6F896
:10C49000743205FA02FED6E9003005FA00F205FA18
:10C4A00003F31343069A4FEA111942EAC93222F400
:10C4B000787242EA491222F01F0242EA0902C6F8E3
:10C4C000842205FA01F9326943EA090343EA0E03BB
:10C4D00005FA02F21343726901F01F0105FA02F234
:10C4E0001343D6F87C220F436FF31D4242F400320F
:10C4F000C6F87C22DCF8382047F0825713434146C7
:10C50000C6F88072CCF83830F3F7A8FE636841466D
:10C510001868F3F7A3FE636841469868F3F79EFE38
:10C5200063684146D868F3F799FE63684146186925
:10C53000F3F794FE636841465869F3F78FFE63682A
:10C5400029465868F3F7BCFE636829461868F3F774
:10C55000B7FE636829469868F3F7B2FE6368294618
:10C56000D868F3F7ADFE636829461869F3F7A8FEAB
:10C57000636829465869F3F7A3FE636893F8282097
:10C58000E2B9012019B0BDEC028BBDE8F08F08467E
:10C59000C4E60A23EB6113E60000010000F001008D
:10C5A000A08901100000003B000080438C8901102D
:10C5B0007089011000003050E0FF0FE093F82A105E
:10C5C0005868F3F78BFE636893F829101868F3F73F
:10C5D00085FE636893F82B109868F3F77FFE636815
:10C5E00093F82C10D868F3F779FE636893F82D1050
:10C5F0001869F3F773FE6368586993F82E10F3F720
:10C600006DFE012019B0BDEC028BBDE8F08F044B2C
:10C610001846AB61EB69002B7FF4D2ADB9E700BFE0
:10C6200000002050F8B505460024FEF77DFF2B7E64
:10C630006A6843F001032B766C76176844EC40700F
:10C6400044EC4470224621463846F3F725FE38462E
:10C650001F21F3F703FE6B685F6844EC407044EC05
:10C660004470224621463846F3F716FE38461F210D
:10C67000F3F7F4FD6B689F6844EC407044EC447041
:10C68000224621463846F3F707FE38461F21F3F7C6
:10C69000E5FD6B68DF6844EC407044EC4470224672
:10C6A00021463846F3F7F8FD38461F21F3F7D6FD4B
:10C6B0006B681F6944EC407044EC4470224621468C
:10C6C0003846F3F7E9FD38461F21F3F7C7FD6B68DD
:10C6D0005F6944EC407044EC447022462146384681
:10C6E000F3F7DAFD38461F21F3F7B8FD2846BDE819
:10C6F000F840FEF71DBF00BF30B5037E044613F0BF
:10C70000010383B011D1426801930D21926B01ABFB
:10C71000FFF728F900280CBF0120002003D0237E5A
:10C7200043F00103237603B030BD0520F4F7A6FFE4
:10C7300007EE900A9FED127AF8EE677AC7EE877AD5
:10C74000204617EE901AFFF727FD0028EBD00023B4
:10C7500000251A4619462046FFF704F901AB4FF4AD
:10C76000D572082120460195FFF7FCF8019BB3F52F
:10C77000D57F0ABFB0FA80F02846400903B030BD2B
:10C780000050C349837E9B091AD0012B01D00020A1
:10C790007047002211461A3001F1300CA0EBDC0387
:10C7A000DB7B0CF0070C43FA0CF303F001038B4026
:10C7B0000131162942EA0302EED10132900270479C
:10C7C00000B590F8211090F822C090F8203001F0C8
:10C7D000010ECCF3801242EA8E0203F0010E4FEA02
:10C7E000EC1C42EA8E2242EA4C024FEA810C0CF029
:10C7F000080C42EA0C024FEA810C0CF0100C42EAE1
:10C800000C024FEA810C0CF0200C42EA0C024FEAB9
:10C81000810C0CF0400C42EA0C024FEA810C0CF047
:10C82000800C42EA0C024FEA810C0CF4807C90F8F8
:10C8300024E042EA0C02C91190F823C0980200F4E7
:10C84000006042EA412318430CF001034FEA4C0216
:10C850005B0043EADE1302F00402134302330130AB
:10C8600098405DF804FB00BF2DE9F0432DED028BED
:10C87000044687B00520F4F701FF07EE900A9FED0C
:10C88000A47AF8EE677AC7EE877A204617EE901AF8
:10C89000FFF782FC38B3052500260120F4F71EFDC2
:10C8A000002320461A4619460596FFF75BF84FF419
:10C8B000D5720821204605ABFFF754F818B9059B3F
:10C8C000B3F5D57F15D0013DE7D1059DB5F5D57FF1
:10C8D00000D170B176218F4BCDE901058E4A184603
:10C8E000009103F04FF8002007B0BDEC028BBDE8CB
:10C8F000F083F4F77BFD4FF47A7200230AF048FBD3
:10C900000646864FDFF82C82D4F8049000223721A7
:10C91000204605ABFFF726F889F8400098B17E2243
:10C920007E25636893F84040DA63082C96BF7C4B01
:10C930007C4B53F824304921CDE900547A4A7B4896
:10C9400003F020F8CFE7D4F804903A462921204696
:10C9500009F13403FFF7B8F9054689F8400060B1E2
:10C960007F2263687F2593F84040DA63082C96BFE6
:10C970006B4B6C4B53F82430DDE7F4F737FD0023A5
:10C980004FF47A720AF004FBD8F83030801B9842DA
:10C9900047D8D4F80490D9F83430002BB6DA2A46B8
:10C9A0000221204604F12A03FFF782F8024689F8A3
:10C9B000400098B190226368902493F84000DA63B5
:10C9C000082896BF564B574B53F820300190492109
:10C9D000554A0094554802F0D5FF84E76568032165
:10C9E000204605F13803FEF7BDFF85F84000F0B999
:10C9F000666804F11A052B4609212046B26BFFF741
:10CA000057F886F84000F8B1A1226368A12493F892
:10CA10004000DA63082896BF414B424B53F8203060
:10CA2000D4E78721424A3B4802F0ACFF5BE79922FA
:10CA30006368992493F84000DA63082896BF384B5E
:10CA4000384B53F82030C1E7A37E9B0900F0AF803C
:10CA5000012B00F0EF806568E06307212046AA6B98
:10CA600005ABFEF77FFF85F8400060B1AB2263683D
:10CA7000AB2493F84000DA63082896BF284B294B73
:10CA800053F82030A2E765683721AA6B204605AB32
:10CA9000FEF768FF024685F8400060B1BA2263687D
:10CAA000BA2493F84000DA63082896BF1C4B1D4B4C
:10CAB00053F820308AE72A21204605AB6568FEF747
:10CAC00051FF85F8400060B1BB226368BB2493F836
:10CAD0004000DA63082896BF114B124B53F8203000
:10CAE00074E7656837212046AA6B05ABFEF73AFF6D
:10CAF00085F8400000B3C3226368C32493F8400064
:10CB0000DA63082896BF064B064B53F820305DE7E2
:10CB10000050C3496C8A011020740110000004D039
:10CB2000CC890110107401106C740110608A01101E
:10CB30008C740110781D002002220621204605ABCE
:10CB40006568FEF70FFF85F8400060B1C422636896
:10CB5000C42493F84000DA63082896BF4F4B504B2B
:10CB600053F8203032E74FF400721021204605AB15
:10CB70006568FEF7F7FE85F84000002873D162680B
:10CB8000536A002B6AD09B0008EE103A0520F4F798
:10CB900075FD07EE100AF8EE487AB8EE477AC7EE50
:10CBA000277A204617EE901AFFF7F6FA9CE694F8DB
:10CBB000212094F8220094F8201002F00105C0F31F
:10CBC000801343EA850301F00105C01143EA852380
:10CBD00043EA40038802910001F008010B439100F1
:10CBE00001F010010B43910001F020010B43910073
:10CBF00001F0400195000B4305F080052B439500A3
:10CC000005F4807594F82310D2112B4343EA422394
:10CC100000F4006018434A0001F0010394F8241066
:10CC20005B0002F0040243EAD113134301300233E4
:10CC3000984010E7034603F13001A5EBD102D27B07
:10CC400001F007010A4102F001029A400133162B5C
:10CC500040EA0200EFD101308002FCE6114B9FED6B
:10CC6000128A536292E7C9226368C92493F840008C
:10CC7000DA63082896BF094B094B53F8203001901E
:10CC800049210A4A00940A4802F07CFECB21094B54
:10CC9000094A1846009102F075FE24E6CC8901107D
:10CCA0001074011080969800005A62026C74011092
:10CCB000608A01106C8A0110B07401102DE9F041F6
:10CCC0000446FEF731FC2046FEF736FC237E13F0C7
:10CCD000020566D1DB0764D5636865764FF001060F
:10CCE0001F6846EC407046EC447001212A463846E5
:10CCF000F3F7D2FA38460721F3F7B0FA63685F68B2
:10CD000046EC407046EC447001212A463846F3F761
:10CD1000C3FA38460721F3F7A1FA63689F6846EC27
:10CD2000407045EC447001212A463846F3F7B4FAC6
:10CD300038460721F3F792FA6368DF6846EC4070E3
:10CD400045EC447001212A463846F3F7A5FA3846E7
:10CD50000721F3F783FA63681F6946EC407045ECDE
:10CD6000447001212A463846F3F796FA38460721DF
:10CD7000F3F774FA63685F6946EC407045EC447001
:10CD800001212A463846F3F787FA38460721F3F798
:10CD900065FA2046FFF768FD18B1237E23F00103F2
:10CDA00023762046FEF7C4FB207EBDE8F08100BF5D
:10CDB0000022F0B5466885B00D4603AB0C2186F81D
:10CDC000C4220446FEF7CEFD86F8400080BB15B9AC
:10CDD000012005B0F0BDF4F709FB4FF47A7200238F
:10CDE0000AF0D6F84FF050470126054606E0636882
:10CDF0007A689B6806FA03F31A420DD1F4F7F6FA43
:10CE00004FF47A7200230AF0C3F8401BC728EED90A
:10CE100001236268926893404FF0504252681A4270
:10CE2000D6D140F21111104A104802F0ABFD17E0C4
:10CE30004FF4817263684FF4817493F84000DA63B1
:10CE4000082898BF0A4B019098BF53F820304FF044
:10CE5000490188BF074B084A0848009402F092FD38
:10CE6000002005B0F0BD00BFD4740110448A011049
:10CE7000CC890110107401106C740110608A0110CB
:10CE800038B50546FEF750FB6B6893F8C44224B9E9
:10CE90002846FEF74DFB204638BD01212846FFF706
:10CEA00087FF80F00103DBB22846DC01FEF740FB80
:10CEB000204638BDF0B54768044697F8C4320E46A0
:10CEC000154685B0002B5ED1AB0764D132461821E0
:10CED000204602ABFEF746FD87F84000B8B14FF49C
:10CEE0009A7263684FF49A7493F84000DA630828E2
:10CEF00096BF2E4B2E4B53F82030019049212D4ADE
:10CF00002D48009402F03EFD002005B0F0BD2946FA
:10CF1000012220466568FFF7C1F885F8400018BB7C
:10CF20006568204603A9FFF7F5F885F840006568B5
:10CF300095F840000128F4D088B1082896BF1B4B13
:10CF40001B4D53F8205040F241113346CDE90050BB
:10CF50001A4A1B4802F016FD636893F84000B0FAC5
:10CF600080F0400905B0F0BD40F23512636840F230
:10CF7000351493F84000DA63082896BF0B4B0C4B2E
:10CF800053F82030B9E70121FFF712FF0028BBD08A
:10CF9000AB0767689AD0294607F144004FF4007246
:10CFA00007F082FC676807F144058FE7CC89011020
:10CFB000107401106C740110608A0110F874011073
:10CFC000308A01102DE9F0431F46930705460C46B1
:10CFD00087B011D0002F5BD016460F4401E0A74266
:10CFE00056D0324621462846FFF764FF013406F545
:10CFF00000760028F3D12DE04668904696F8C432BA
:10D0000043B1D6F8C8328B425BD00121FFF7D0FE86
:10D0100000B36E680DF114094B46224619212846CB
:10D02000FEF7A0FC86F84000B0B14FF4AE724FF4AA
:10D03000AE746B6893F84000DA63082896BF354BEE
:10D04000354B53F8203001904921344A344800943C
:10D0500002F098FC00201CE041463A4628466E68E3
:10D06000FFF71CF886F84000A8BB6E6849462846C2
:10D07000FFF750F886F840006E6896F840100129D6
:10D08000F4D049B901233C44C6F8C84286F8C432FA
:10D09000012007B0BDE8F083082996BF1D4B1E484C
:10D0A00053F821000291CDE90070234640F2691146
:10D0B0001C4A1D4802F066FC01212846FFF778FE55
:10D0C000C8E711463A46FEF7E9FF86F8400088B9FE
:10D0D0000DF11409C9E740F25D126B6840F25D146E
:10D0E00093F84000DA63082896BF0A4B0A4B53F8BE
:10D0F0002030A8E74FF4AA726B684FF4AA7493F833
:10D100004000DA63082896BF024B034B53F82030E7
:10D1100099E700BFCC890110107401106C740110E4
:10D12000608A011024750110188A0110F8B51C4698
:10D1300005460F461646FEF7F7F9012C0FD0234699
:10D140003A4631462846FFF73DFF04462846FEF79B
:10D15000EFF984F00100800200F47C40F8BD3A460B
:10D1600031462846FFF7A6FE0446EFE72DE9F041D9
:10D170004568044695F8C4320F46164684B0002B25
:10D180006FD1B3070CBFB04605F144084FF40073EC
:10D19000012241462046FEF7E5FD85F84000C0B17A
:10D1A0004FF4C57263684FF4C57493F84000DA63B6
:10D1B000082896BF2E4B2F4B53F820300190492161
:10D1C0002D4A2E48009402F0DDFB002004B0BDE89B
:10D1D000F0813A461121204603AB6568FEF7C2FB99
:10D1E00085F8400070BB656880212046FEF77CFE14
:10D1F00085F84000656895F840000128F4D078B1C2
:10D20000082896BF1A4B1B4A53F820200190009221
:10D210003B464FF4CB711A4A1A4802F0B3FB6568DB
:10D22000B04507D005F144014FF40072304607F0D5
:10D230003BFB656895F84000B0FA80F0400904B007
:10D24000BDE8F08140F28B12636840F28B1493F8D2
:10D250004000DA63082896BF054B064B53F8203090
:10D26000ACE70121FFF7A4FD0028AED0656888E790
:10D27000CC890110107401106C740110608A0110C7
:10D2800058750110048A01102DE9F0411F464368CA
:10D29000064693F8C4320C46904686B0002B3ED129
:10D2A00018F0030F454610D0002F34D0274401E07A
:10D2B000BC4230D02A4621463046FFF757FF0134A2
:10D2C00005F500750028F3D123E0F36BE2199A42CB
:10D2D000EAD241464FF400733A4630467568FEF78D
:10D2E00041FD85F8400000B340F2B71240F2B71498
:10D2F000736893F84000DA63082896BF2B4B2C4BD9
:10D3000053F82030019049212A4A2B48009402F01A
:10D3100039FB002000E0012006B0BDE8F0810121CA
:10D32000FFF746FD0028BBD1F3E722461221304625
:10D3300005AB7568FEF716FB85F8400008BB7568FD
:10D3400080213046FEF7D0FD85F84000756895F8DD
:10D350004020012AF4D01AB3082A96BF134B144870
:10D3600053F822000292CDE90070234640F2C31127
:10D37000124A134802F006FB01213046FFF718FD60
:10D38000C7E74FF4DC7273684FF4DC7493F8400025
:10D39000DA63082896BF054B054B53F82030B1E7F8
:10D3A00001213046FFF704FDB6E700BFCC8901102C
:10D3B000107401106C740110608A011084750110E2
:10D3C000F0890110F8B51C4605460F461646FEF7D3
:10D3D000ABF8012C0ED023463A4631462846FFF7DB
:10D3E00053FF04462846FEF7A3F884F00100C0B2BC
:10D3F000C001F8BD3A4631462846FFF7B7FE04465D
:10D40000F0E700BF2DE9F0434FF001094268DFF873
:10D4100054809368DFF850E003F11E0101F01F0112
:10D420001160DFF848C003EB09010A4F0A4E0B4DAB
:10D430000B4CD160991C033311615361C0E9AE8E6E
:10D44000C0E9B0C7C0E9B26580F81890C0F8D04212
:10D45000BDE8F083C5D3001081CE001085C7001051
:10D46000F9C60010BDCC001025C600102DD100104B
:10D4700070B500680C46F8F703FF0646E000F4F7C5
:10D48000E3FB044630460D46F4F7DEFB02460B464E
:10D4900020462946F4F76AFBF4F7B6FB9FED086ACD
:10D4A00007EE100AF7EE086A27EE067AF1EE007A28
:10D4B000E7EE267AFCEEE77A17EE900A70BD00BF21
:10D4C00000007A44F8B50446754809F075FD94F8F3
:10D4D0003830002B73D1236B04F13005002B00F0A2
:10D4E000B380284609F068FD2068002800F0D48049
:10D4F0002369002B00F0B7806A49F8F7F9FD6369EA
:10D50000032B00F28C80DFE803F08A5F027422684C
:10D510000227134653F8041F02F5805003F54056C6
:10D5200037601268394082F0470203F5005302F079
:10D53000CF020260196001216068F2F78FFE0121BD
:10D54000A068F2F78BFE0121E068F2F787FE012167
:10D55000E068F2F7B5FE637E002B40F09480227EF7
:10D56000002A00F08B80237F002B71D0206A02F00C
:10D570005DFA606A02F05AFA616A4B4B2068226ACF
:10D5800098424FF00103284615BF4FF4401C4FF45A
:10D59000501C4FF448154FF4581584F83830434B5D
:10D5A00003EA423203EA413342EA0C022B4342F0DF
:10D5B000110243F00103C4E90A2309F0EDFC3848E5
:10D5C00009F0EAFC0120F8BD22680227134653F84F
:10D5D000041F02F5805003F5405637601268394049
:10D5E00082F0870203F5005302F0CF020260196057
:10D5F000A1E722680226134653F8041F02F5805063
:10D6000003F5405CCCF800601268314082F0C7023C
:10D6100003F5005302F0CF02026019608BE7226825
:10D620000227134653F8041F02F5805003F54056B5
:10D6300037601268394082F0070203F5005302F0A8
:10D64000CF020260196076E72846F3F79DFA48E7B3
:10D65000012002F0F5F903460120236202F0F0F9FF
:10D660000146606289E70520F4F708F80346104A8E
:10D670002068A2FB0323DB0823613DE701216068EA
:10D68000F2F70AFE6FE7A17EA068F2F727FEE17EBF
:10D69000E068F2F723FE62E7064B1846236027E7AF
:10D6A00030280020A086010000800840FDFF01FC1A
:10D6B000ABAAAAAA00000840002238B5037E416840
:10D6C00043F001030376427604464868431C00D1C8
:10D6D00038BD1546F2F736FE63685B6845EC4430AA
:10D6E00038BD00BF0A4B0278417813F802C0827837
:10D6F00081EA4C01595C82EA410213F802C0C17808
:10D70000027981EA4C01595C82EA4102985C7047D7
:10D71000AC9C01102DE9F041054682B08846F3F734
:10D7200065FE4FF47A72002309F032FC0746204E62
:10D73000FF238DF806308DF80730F3F757FE4FF4CE
:10D740007A72002309F024FC04460AE0F3F74EFE47
:10D7500000234FF47A7209F01BFC7369001B984296
:10D760001ED26B681B681868C3689B07EED501233F
:10D770000DF107020DF1060109F01AFC9DF80730C2
:10D78000FF2B11D0F3F732FE4FF47A72002309F029
:10D79000FFFBC01B4045CBD3002002B0BDE8F081A9
:10D7A0006B681B681868E2E7012002B0BDE8F081F1
:10D7B000781D002000232DE9F043894641F0400107
:10D7C00061F30703110E85B061F30F23110C8DF87F
:10D7D0000C2061F31743120A62F31F63044602A888
:10D7E0000293FFF77FFF430043F001034A4E02AF6D
:10D7F0008DF80D300DF10E0817F8013B8DF807304C
:10D80000F3F7F4FD4FF47A72002309F0C1FB0546EB
:10D810000AE0F3F7EBFD00234FF47A7209F0B8FB4E
:10D820003369401B984244D263681B681868C36818
:10D830009907EED501220DF1070109F0DDFBB8458E
:10D84000DAD1B9F10C0F3FD010274FF0FF08324E5C
:10D850008DF80780F3F7CAFD4FF47A72002309F0C0
:10D8600097FB05460AE0F3F7C1FD00234FF47A72F7
:10D8700009F08EFBF368401B984216D263681B6860
:10D880001868C3689B07EED50123FF210DF107023D
:10D8900009F0A6FB9DF907309DF80700002B01DA7F
:10D8A000013FD5D105B0BDE8F08363681B681868F7
:10D8B000EAE7636801221B680DF10701186809F0A7
:10D8C0009BFBB84598D1BCE7FF238DF80730F3F7F1
:10D8D0008DFD4FF47A72002309F05AFB0E4E054677
:10D8E0000AE0F3F783FD00234FF47A7209F050FB4E
:10D8F0003369401B98420BD263681B681868C36881
:10D900009A07EED501220DF1070109F075FB9BE79F
:10D9100063681B681868F5E7781D0020F0B5036C94
:10D92000044683B0002B00F0B2802046FDF7FCFDDA
:10D9300063681868303009F03FFB63685B685A1C05
:10D9400027D04FF0000242EC4030FF238DF8073023
:10D95000F3F74CFD4FF47A72002309F019FB4E4E99
:10D9600005460BE0F3F742FD00234FF47A7209F00D
:10D970000FFB3369401B984280F0858063681B6809
:10D980001868C3689F07EDD501220DF1070109F062
:10D9900033FB217E11F001053CD129462046FFF7DB
:10D9A000B9FE00285AD1012763685A68511C27D054
:10D9B0004FF0010343EC4020FF238DF80730F3F7CD
:10D9C00015FD4FF47A72002309F0E2FA324E054653
:10D9D0000AE0F3F70BFD00234FF47A7209F0D8FA4E
:10D9E0003369401B98424AD263681B681868C36851
:10D9F0009B07EED501220DF1070109F0FDFA6368DE
:10DA00001868303009F0C8FA2046FDF791FD384615
:10DA100003B0F0BD00252046657601F05BFD204691
:10DA200001F060FD29462046FFF774FEA0B11A4EB2
:10DA300073681BB910E07368AB420DD90022204611
:10DA40001146FFF7B7FEFF2805F10105F3D0AAE75D
:10DA5000237E43F0010323760027A5E70E4E73686B
:10DA60001BB9F5E77368AB42F2D900220D212046BD
:10DA7000FFF7A0FEFF2805F10105F3D093E76368E7
:10DA80001B681868B6E763681B6818687CE7403055
:10DA9000F3F77AF849E700BF781D00202DE9F0433D
:10DAA00085B004460A2601F015FD4FF001084FF03D
:10DAB00000074B4D63685B68581C23D048EC40302E
:10DAC000FF238DF80430F3F791FC4FF47A720023B2
:10DAD00009F05EFA81460BE0F3F788FC00234FF46F
:10DAE0007A7209F055FA2B69A0EB0900984263D2CB
:10DAF00063681B681868C3689907EDD5012201A9FE
:10DB000009F07AFA4FF0FF33CDE90133ADF80C306C
:10DB1000F3F76CFC4FF47A72002309F039FA81466E
:10DB200060680A23002201A9006809F069FAF3F786
:10DB30005DFC4FF47A72002309F02AFA8145EFD098
:10DB400063685B685A1C24D047EC4030FF238DF893
:10DB50000330F3F74BFC4FF47A72002309F018FA04
:10DB600081460BE0F3F742FC00234FF47A7209F090
:10DB70000FFA2B69A0EB0900984221D263681B6859
:10DB80001868C3689B07EDD501220DF1030109F068
:10DB900033FA686858B14FF0000900222046114658
:10DBA000FFF708FEFF280FD010F07E0F12D0013EC5
:10DBB00080D105B0BDE8F08363681B6818689DE7F5
:10DBC00063681B681868DFE76B6809F1010999450C
:10DBD000E3D3ECE70128EAD105B0BDE8F08300BF4C
:10DBE000781D00202DE9F047054682B0894692460F
:10DBF000F3F7FCFB4FF47A72002309F0C9F94FF0F8
:10DC0000FF080746514E8DF80780F3F7EFFB4FF4FE
:10DC10007A72002309F0BCF904460AE0F3F7E6FB48
:10DC200000234FF47A7209F0B3F9F368001B9842AD
:10DC30001ED26B681B681868C3689907EED501236C
:10DC4000FF210DF1070209F0CBF99DF80730FE2BFB
:10DC500012D0F3F7CBFB00234FF47A7209F098F956
:10DC60003368C01B9842CED3802002B0BDE8F08755
:10DC70006B681B681868E2E76B684A461868002101
:10DC8000534609F0BDF90028EED0FF238DF8073088
:10DC9000F3F7ACFB4FF47A72002309F079F92B4EBD
:10DCA00004460AE0F3F7A2FB00234FF47A7209F06E
:10DCB0006FF9F368001B984240D26B681B681868C4
:10DCC000C3689A07EED50123FF210DF1070209F081
:10DCD00087F9FF239DF807708DF807303F02F3F7AF
:10DCE00085FB4FF47A72002309F052F9174E04466F
:10DCF0000AE0F3F77BFB00234FF47A7209F048F94E
:10DD0000F368001B98421DD26B681B681868C368D3
:10DD10009B07EED501230DF10702FF2109F060F901
:10DD2000514648469DF8074001F062FD3C43201AE9
:10DD300018BF0120000202B0BDE8F0876B681B68C5
:10DD40001868C0E76B681B681868E3E7781D002057
:10DD5000FF23F0B587B004460F468DF816208DF8E6
:10DD60001730F3F743FB4FF47A72002309F010F9F0
:10DD70006D4E05460BE0F3F739FB00234FF47A7242
:10DD800009F006F97369401B984280F0BB80636814
:10DD90001B681868C3689B07EDD501230DF11702B6
:10DDA0000DF1160109F004F99DF81730002B00F071
:10DDB000A48062684FF4007339461068002209F0AD
:10DDC00007F94FF40071384601F012FD63684FF413
:10DDD000007107461868FFF74BFB63680146186837
:10DDE00009F0CAF8002800F088803B0A8DF8173047
:10DDF000F3F7FCFA4FF47A72002309F0C9F84A4DA0
:10DE000006460AE0F3F7F2FA4FF47A72002309F0BB
:10DE1000BFF82A69831B93427AD263681B6818682B
:10DE2000C3689907EED501220DF1170109F0E4F856
:10DE30008DF81770F3F7DAFA4FF47A72002309F0CD
:10DE4000A7F806460AE0F3F7D1FA00234FF47A72F6
:10DE500009F09EF82B69801B984261D263681B68A9
:10DE60001868C3689A07EED501220DF1170109F071
:10DE7000C3F8FF238DF81730F3F7B8FA4FF47A722E
:10DE8000002309F085F806460AE0F3F7AFFA00230D
:10DE90004FF47A7209F07CF8EB68801B98423BD211
:10DEA00063681B681868C3689B07EED50123FF21D0
:10DEB0000DF1170209F094F89DF8176006F01F03A2
:10DEC000052B23D02046FDF769FBC6F340070397D7
:10DED0000096C6F38007C6F3C0060346019640F2DB
:10DEE0000641124A1248029701F04CFD4FF4806639
:10DEF00020462968FFF70EFC08B94FF480663046CB
:10DF000007B0F0BD63681B68186846E70026EFE7B6
:10DF100063681B68186886E763681B681868C5E74C
:10DF200063681B6818689FE7781D0020F076011071
:10DF30007C8A011070B53F4D04462968FFF7EAFB63
:10DF400060B16B6800265BB1002209212046FFF713
:10DF500031FCFF2826D010F07E0F01D0002070BDCC
:10DF600004F11A05102229462046FFF73BFE00283F
:10DF7000F4D1A37E9B091AD0012BEFD1024602F106
:10DF80003001A5EBD103DB7B01F007010B4103F06E
:10DF9000010393400132162A40EA0300EFD1013019
:10DFA000800270BD6B6801369E42CDD3D6E794F8EF
:10DFB000211094F8220094F8203001F00105C0F3FC
:10DFC000801242EA850203F00105C01142EA85226F
:10DFD00042EA4002880000F008000243880000F096
:10DFE00010000243880000F020000243880000F087
:10DFF00040000243880000F080000243880000F4E3
:10E00000807094F82350024394F82440C911980278
:10E0100000F4006042EA4123E40918436B0005F074
:10E02000010544EA450203F00403134302330130BF
:10E03000984070BD781D0020F0B5044683B0FDF710
:10E0400073FA63681868303008F0B6FF63685B687D
:10E050005A1C26D04FF0000242EC4030FF238DF8CE
:10E060000730F3F7C3F94FF47A72002308F090FFFA
:10E070002D4E05460AE0F3F7B9F900234FF47A7202
:10E0800008F086FF3369401B984244D263681B68DE
:10E090001868C3689F07EED501220DF1070108F04B
:10E0A000ABFF2046FFF746FF636807465A68511CDE
:10E0B00027D04FF0010343EC4020FF238DF80730B9
:10E0C000F3F794F94FF47A72002308F061FF164ECB
:10E0D00005460AE0F3F78AF94FF47A72002308F054
:10E0E00057FF3269431B934219D263681B68186853
:10E0F000C3689B07EED501220DF1070108F07CFFF4
:10E1000063681868303008F047FF2046FDF710FAC2
:10E11000384603B0F0BD63681B681868BCE76368E5
:10E120001B681868E7E700BF781D00202DE9F0475D
:10E130000C290E46044690461F46A04D84B001D0DF
:10E14000002950D16B684FF00009002B62D0424685
:10E1500031462046FFF72EFBFF2803464CD007B17F
:10E16000386001070FD5172E40F07C81410700F180
:10E17000928110F0120F59D04FF4007007B13B603C
:10E1800004B0BDE8F087420700F1818110F0120F62
:10E1900042D04FF40078262E37DC072E37DD083EBC
:10E1A0001E2E34D8DFE816F055003300330033005C
:10E1B0004C00FC00330033003300330033003300E5
:10E1C00033003300330033003300330033003300B7
:10E1D00033003300330033003300330033003300A7
:10E1E000330033004C002968FFF794FA0028A9D1C6
:10E1F000802004B0BDE8F0876B6809F101099945FA
:10E20000A5D3002FF4D03860F2E73A2E23D01FFABE
:10E2100088F0B3E707B13B6013F0600F14BF4FF015
:10E2200001084FF000084FEA8808B4E710F0600FCB
:10E2300014BF4FF001084FF000084FEA8808AEE71E
:10E24000204629680193FFF765FA019B1FFA88F0C1
:10E2500094E702236376FF238DF80F30F3F7C6F8B7
:10E260004FF47A72002308F093FE06460BE0F3F7B2
:10E27000BDF800234FF47A7208F08AFEEB68801B29
:10E28000984280F0F48063681B681868C3689A0736
:10E29000EDD50123FF210DF10F0208F0A1FEFF23B0
:10E2A0009DF80F908DF80F304FEA0969F3F79EF84B
:10E2B0004FF47A72002308F06BFE06460BE0F3F78A
:10E2C00095F800234FF47A7208F062FEEB68801B29
:10E2D000984280F0D48063681B681868C3689B0705
:10E2E000EDD50DF10F020123FF2108F079FEFF2289
:10E2F0009DF80F308DF80F2049EA0349F3F776F8BF
:10E300004FF47A72002308F043FE06460BE0F3F761
:10E310006DF800234FF47A7208F03AFEEB68801B28
:10E32000984280F0B08063681B681868C3689907DA
:10E33000EDD50123FF210DF10F0208F051FEFF235F
:10E340009DF80FA08DF80F304FEA0A2AF3F74EF828
:10E350004FF47A72002308F01BFE06460BE0F3F739
:10E3600045F800234FF47A7208F012FEEB68801B28
:10E37000984280F0808063681B681868C3689A07B9
:10E38000EDD50123FF210DF10F0208F029FE9DF8C4
:10E390000F301FFA88F043EA09034AEA0303EDE667
:10E3A0004FEA0329FF238DF80F30F3F71FF84FF4DE
:10E3B0007A72002308F0ECFD06460CE0781D002080
:10E3C000F3F714F800234FF47A7208F0E1FDEB68DC
:10E3D000801B984261D263681B681868C3689B07FA
:10E3E000EED50123FF210DF10F0208F0F9FD9DF894
:10E3F0000F3053EA09033FF40AAF980200F480603B
:10E40000990748BF40F020005A0748BF40F4806099
:10E410001E0748BF40F48060DD0648BF40F48060BE
:10E420009C0648BF40F02000590648BF40F40070E9
:10E430001A0648BF40F004009E0548BF40F4007033
:10E440001D0548BF40F48070DC0448BF40F40070F4
:10E45000990448BF40F004005A0448BF40F004004B
:10E4600080B28BE64FF4807004B0BDE8F08763683B
:10E470001B6818680DE763681B68186881E76368A4
:10E480001B6818682DE763681B68186851E7082E39
:10E4900001D104236376022072E663681B68186862
:10E4A0009FE700BF0021FD2370B5426882B004469B
:10E4B00011738DF80430F2F799FF4FF47A7200234C
:10E4C00008F066FD144E05460AE0F2F78FFF0023C0
:10E4D0004FF47A7208F05CFD3369401B984217D202
:10E4E00063681B681868C3689B07EED5012201A901
:10E4F00008F082FD31682046FFF70CF900226568BC
:10E500000D21204601AB6A61FFF710FE02B070BD1D
:10E5100063681B681868E9E7781D0020F0B50446B9
:10E5200083B0FDF701F863681868303008F044FDE7
:10E5300063685A68511C5FD04FF0000343EC4020E1
:10E54000FF238DF80730F2F751FF4FF47A72002362
:10E5500008F01EFD314E05460AE0F2F747FF0023A2
:10E560004FF47A7208F014FD3369401B98424CD284
:10E5700063681B681868C3689F07EED501220DF118
:10E58000070108F039FD63681F7B002F37D15A68F7
:10E59000511C27D04FF0010343EC4020FF238DF89E
:10E5A0000730F2F723FF4FF47A72002308F0F0FCF3
:10E5B0001A4E05460AE0F2F719FF4FF47A7200236B
:10E5C00008F0E6FC3269431B934222D263681B6861
:10E5D0001868C3689B07EED501220DF1070108F00A
:10E5E0000BFD63681868303008F0D6FC2046FCF755
:10E5F0009FFF384603B0F0BD1F7B002FF2D02046AE
:10E60000FFF750FF63680746C1E763681B68186837
:10E61000B4E763681B681868DEE700BF781D002058
:10E620002DE9F0430E46804617469946096883B0A7
:10E630000CE031683B6801F50071013331603B60EB
:10E64000D9F80040013CC9F8004064B3FC224046C0
:10E65000FFF77EFB05460028EBD0D8F80430224CAB
:10E6600040465E69FFF71EFF40462168FFF752F8FB
:10E67000A8B16368002703B3002237214046FFF7A3
:10E6800099F821684046FFF745F8002216214046D8
:10E69000FFF790F8FF2821D010F07E0F0DD028460C
:10E6A00003B0BDE8F08301222846D8F80430396869
:10E6B0001A73196103B0BDE8F083042240460DEBE4
:10E6C0000201FFF78FFA019B1BBA0028E7D1284609
:10E6D000F61AC9F8006003B0BDE8F083636801373B
:10E6E0009F42C9D3DBE700BF781D00202DE9F04F22
:10E6F00004468BB0CDE902320791FCF715FF636841
:10E700001868303008F058FC63685B685A1C00F0E9
:10E7100003824FF0000242EC4030FF238DF8273097
:10E72000F2F764FE4FF47A72002308F031FCB24E27
:10E7300005460BE0F2F75AFE4FF47A72002308F018
:10E7400027FC3269431B934280F0E28163681B68B7
:10E750001868C3689B07EDD501220DF1270108F069
:10E760004BFC73680493039B5A020592029A13446C
:10E770000693237E9F0740F0E681029B002B00F06A
:10E78000E281E36B069A9A4200F2DD8163681B7BAB
:10E79000002B40F0D080029A637E012A00F0D780DF
:10E7A000059D039A20463168032B08BF1546FEF7E6
:10E7B000B1FF002800F0AC807368002B61D0002707
:10E7C0002A4612212046FEF7F5FFFF28034600F0F7
:10E7D000EC801D0700F1AC80580700F1038113F0B5
:10E7E000120F4AD04FF4007573680027002B00F019
:10E7F000958000220C212046FEF7DCFFFF2800F068
:10E80000CE8010F00C0F00F0BF80802563685A683E
:10E81000511C27D04FF0010343EC4020FF238DF81B
:10E820002730F2F7E3FD4FF47A72002308F0B0FBD3
:10E8300007460BE0F2F7DAFD4FF47A72002308F096
:10E84000A7FB3269C31B934280F0CE8063681B68CC
:10E850001868C3689B07EDD501220DF1270108F068
:10E86000CBFB63681868303008F096FB2046FCF755
:10E870005FFE28460BB0BDE8F08F13F0600F40F04C
:10E8800062814FF0000A4FF0FF085546DDF808B0EE
:10E89000DDF81C90CDF804A0F2F7A8FD4FF47A72D1
:10E8A000002308F075FB82468DF82780F2F79EFD65
:10E8B0004FF47A72002308F06BFB07460BE0F2F787
:10E8C00095FD00234FF47A7208F062FBF368C01BD9
:10E8D000984280F08D8063681B681868C368990748
:10E8E000EDD50123FF210DF1270208F079FB9DF8FA
:10E8F0002730FE2B00F08280F2F778FD00234FF4E2
:10E900007A7208F045FB3368A0EB0A009842CBD33B
:10E91000736880250027002B7FF46BAF3168204699
:10E92000FEF7F8FE049B013B04937FF422AF6DE7F2
:10E930004FF4807558E72046FFF7B4FD05460028E0
:10E940007FF452AF029A637E012A7FF429AF059DBE
:10E95000039A20463168032B08BF1546FEF7DAFEFE
:10E960000028D5D07368002B8BD000272A461121B0
:10E970002046FEF71FFFFF2803467FF42AAF736887
:10E9800001379F42F2D3C3E710F0120F316802D172
:10E9900010F0600FC3D02046FEF7BCFE35E7736869
:10E9A00001379F42FFF425AF2FE7736801379F427D
:10E9B000FFF406AFACE7DDE901A3012B00F09E8078
:10E9C0007268002A00F0968000220C212046FEF793
:10E9D000F1FEFF28024600F0A9800507A8D45007E1
:10E9E00040F19C800225FFE663681B68186833E7E6
:10E9F00063681B68186874E7781D002063684A46DE
:10EA0000186800214FF4007308F0E2FA3DB128467F
:10EA10004FF4007100F0ECFE019B984288D16368CE
:10EA20004FF400711868FEF723FD6368014618680B
:10EA300008F0A2FA00283FF46BAF8DF82780F2F7B8
:10EA4000D5FC4FF47A72002308F0A2FA05460AE0DA
:10EA5000F2F7CCFC00234FF47A7208F099FAF368CD
:10EA6000401B98423ED263681B681868C3689A07C7
:10EA7000EED50123FF210DF1270208F0B1FA9DF830
:10EA800027708DF827803F02F2F7B0FC4FF47A72BE
:10EA9000002308F07DFA05460AE0F2F7A7FC002300
:10EAA0004FF47A7208F074FAF368401B98421DD252
:10EAB00063681B681868C3689B07EED50123FF21B4
:10EAC0000DF1270208F08CFA9DF82730BBF1010BFD
:10EAD00043EA070301934D4609F500733FF46BAF1A
:10EAE0009946D9E663681B681868C2E763681B68C3
:10EAF0001868E3E731682046FEF70CFE48464FF4FD
:10EB0000007100F075FE82457FF412AF00257DE6AE
:10EB100063681B6818681FE60C4E22E612F0120F9D
:10EB200031680AD02046FEF7F5FD5BE673680BF10D
:10EB3000010B9B45FFF448AFEAE612F0600FDAD014
:10EB40002046FEF7E7FD04254EE600BF781D0020B5
:10EB50002DE9F04186B0CDE902210193002800F0B3
:10EB6000A980017E044611F0030740F0A3801D46F2
:10EB7000002B00F09F80C16B13449942164640F26F
:10EB80009980FCF7D1FC63681868303008F014FAFB
:10EB900061684B68581C27D047EC4030FF238DF844
:10EBA0001430F2F723FC4FF47A72002308F0F0F9E6
:10EBB000DFF8108207460CE0F2F718FC00234FF450
:10EBC0007A7208F0E5F9D8F81030C01B984280F04E
:10EBD000B58063681B681868C3689907ECD505A9F8
:10EBE000012208F009FA6168012D0B7B00F0AA8070
:10EBF000DFF8D081D8F804700B7B029E4BB10B6913
:10EC00009E4200F088802046FFF74CFC0546002815
:10EC100062D1637E032B00D076022046D8F8001024
:10EC2000FEF778FD002870D0D8F804300025002BBE
:10EC300048D0324619212046FEF7BCFDFF285FD0A0
:10EC4000060754D54FF4807563685A68511C26D066
:10EC50004FF0010343EC4020FF238DF81430F2F70E
:10EC6000C5FB4FF47A72002308F092F9554F06461F
:10EC70000AE0F2F7BBFB00234FF47A7208F088F940
:10EC80003B69801B984255D263681B681868C3684B
:10EC90009B07EED5012205A908F0AEF96368186854
:10ECA000303008F079F92046FCF742FC284606B0DF
:10ECB000BDE8F0810425284606B0BDE8F08110F0DB
:10ECC000600F25D16268019B2046536103A901AB07
:10ECD00002AAFFF7A5FC05466368B5F5806F1946E3
:10ECE000B3D1013FB1D0019A002A85D1ADE74507E4
:10ECF0001DD410F0120FE2D04FF400756368A4E742
:10ED0000D8F8043001359D4293D3802563689CE791
:10ED10000425636899E74B69019A204613444B61C7
:10ED200002AA01AB03A9FFF77BFC0546D4E7022545
:10ED300063688AE763681B681868ABE763681B68E9
:10ED400018684CE7039F83BB637E032B00D07602D9
:10ED5000DFF870802046D8F80010FEF7DBFC0028B2
:10ED6000D3D0D8F8043093B100253246182120467C
:10ED7000FEF720FDFF281FD002073FF563AF4307D2
:10ED8000D5D410F0120FB7D110F0600FC0D1FE2211
:10ED900039462046FEF7DCFF05AB00220D21204658
:10EDA000FFF7C4F9636805464FE72046FFF77AFB93
:10EDB00005460028C8D0ACE7D8F8043001359D429C
:10EDC000D3D3A2E7781D00202DE9F043044683B099
:10EDD000FCF7AAFB2046FCF7AFFB237E13F00202F0
:10EDE00040F02281D90740F11F816368627618687C
:10EDF0001546303008F0E0F863685B685A1C24D090
:10EE000045EC4030FF238DF80430F2F7EFFA4FF471
:10EE10007A72002308F0BCF8B04E05460BE0F2F71A
:10EE2000E5FA00234FF47A7208F0B2F83369401B18
:10EE3000984280F0AC8163681B681868C3689F07BC
:10EE4000EDD5012201A908F0D7F82046FEF726FEED
:10EE5000012840F0F08000254FF4D57208212046AB
:10EE600001AB0195FFF762F9002800F01781022835
:10EE700040F0E7800326994D20462968FEF74AFCBA
:10EE800068B16B686BB1002701223B212046FEF779
:10EE900091FCFF2800F02D8210F07E0F01D0013E82
:10EEA000EAD100223A21204601ABFFF73FF90028C2
:10EEB00040F0C780019BD80240F1FB80667EA6F13E
:10EEC0000206B6FA86F67609B607F2F78FFA4FF41D
:10EED0007A72002308F05CF80746D5F800804146B6
:10EEE0002046FEF717FC002800F012816B68002B0B
:10EEF00000F005824FF00008002237212046FEF77F
:10EF000059FC29682046FEF705FC32462921204697
:10EF1000FEF750FCFF2800F001810107019000F08E
:10EF2000010340F1E5804FF480795BB1F2F75EFABE
:10EF30004FF47A72002308F02BF8D5F80080C01B3C
:10EF40004045CCD3B9F1000F40F00D82019E002E58
:10EF500040F0D781637E022B00F014820123637698
:10EF600020462968FEF7D6FB00286AD06B68B3B14B
:10EF7000002237212046FEF71DFC29682046FEF7B7
:10EF8000C9FB00222A212046FEF714FCFF2800F0CE
:10EF90000D8210F01E0F54D110F0600F51D1637E1E
:10EFA00013F0FB0F00F0C480204600F08DFA2046DD
:10EFB000FEF7C0FFE063002800F072812046296858
:10EFC000FEF7A8FB80B16B680026002B00F0EA80FA
:10EFD00000220A212046FEF7EDFBFF2800F0CC813D
:10EFE00010F07E0F00F0DE8063685A68511C17D065
:10EFF0004FF0010343EC4020FF238DF80430F2F77B
:10F00000F5F94FF47A72002307F0C2FF06465EE07E
:10F0100063681B681868012201A907F0EDFF6368A7
:10F020001868303007F0B8FF2046FCF781FA207EE0
:10F0300003B0BDE8F08340F29551294A294800F019
:10F04000A1FC40F26D61284A284800F09BFC6368EF
:10F050005A68511CE4D04FF0010343EC4020FF23D9
:10F060008DF80430F2F7C2F94FF47A72002307F0FA
:10F070008FFF1A4E05460AE0F2F7B8F900234FF465
:10F080007A7207F085FF3369401B9842C0D26368EB
:10F090001B681868C3689F07BDD4EDE7637E022B29
:10F0A0007FF4E8AE019BC3F30B03B3F5D57F3FF4C8
:10F0B000E1AE04236376C4E7F2F798F900234FF436
:10F0C0007A7207F065FF2B69801B9842A0D26368B3
:10F0D0001B681868C3689F079DD4EDE7781D002062
:10F0E0003C770110888A011090770110988A0110EE
:10F0F000420700F1D28010F0120F50D110F0600FD3
:10F1000014BF4FF001094FF000094FEA89090CE7DD
:10F11000019B4FF0800903F0010306E76B6808F1DB
:10F1200001089845FFF4E8AE4FF080090190FDE634
:10F1300040F27561A04AA14800F024FC63685A6857
:10F14000511C3FF46DAF4FF0010343EC4020FF230F
:10F150008DF80430F2F74AF94FF47A72002307F081
:10F1600017FF06460BE0F2F741F900234FF47A72DD
:10F1700007F00EFF2B69801B9842BFF449AF63680C
:10F180001B681868C3689F073FF545AFEBE76368E6
:10F1900001221B6801A9186807F02EFF55E64FF4FD
:10F1A0000079C2E61022204604F12A01FEF71AFD7A
:10F1B0000646002840F0AE8020462968FEF7AAFAED
:10F1C000002841D06B6853B14FF4007210212046E3
:10F1D000FEF7F0FAFF2833D010F07E0F34D1237EF3
:10F1E000626823F0010323765368581C26D04FF041
:10F1F000010242EC4030FF238DF80430F2F7F6F8BC
:10F200004FF47A72002307F0C3FE06460BE0F2F7D4
:10F21000EDF800234FF47A7207F0BAFE2B69801BD9
:10F22000984280F0BF8063681B681868C3689B07BA
:10F23000EDD5012201A907F0DFFE62681068F0E653
:10F240006B6801369E42BFD363685A68511C3FF415
:10F25000E7AE4FF0010343EC4020FF238DF804306C
:10F26000F2F7C4F84FF47A72002307F091FE0646D5
:10F270000BE0F2F7BBF800234FF47A7207F088FE38
:10F280002B69801B9842BFF4C3AE63681B68186883
:10F29000C3689A073FF5BFAEEBE74FF0020944E6BB
:10F2A00063685A68511C3FF4BBAE4FF0010343EC56
:10F2B0004020FF238DF80430F2F798F84FF47A726B
:10F2C000002307F065FE06460BE0F2F78FF80023F7
:10F2D0004FF47A7207F05CFE2B69801B9842BFF4F2
:10F2E00097AE63681B681868C3689F073FF593AEC5
:10F2F000EBE76B6801379F42FFF4C6ADCFE50193A2
:10F3000024E6042340F2C5512D4A63762D4800F0CF
:10F3100039FB44E663685A68511C3FF481AE4FF0F4
:10F32000010343EC4020FF238DF80430F2F75EF830
:10F330004FF47A72002307F02BFE06460BE0F2F73B
:10F3400055F800234FF47A7207F022FE2B69801BD8
:10F350009842BFF45DAE63681B681868C3689F0776
:10F360003FF559AEEBE7042340F2C551144A6376EA
:10F37000144800F007FB64E66B6801369E42FFF418
:10F3800027AE31E632463A21204601ABFEF7CEFEEB
:10F3900000287FF4E5AD019B58007FF5E1AD032324
:10F3A0006376DDE563681B68186842E76B680136C1
:10F3B0009E42FFF4DDAD44E6AC770110988A01105F
:10F3C00074770110888A0110F0B50446436883B051
:10F3D0001868303007F0F0FD2046FEF75FFB6368E9
:10F3E00007465A68511C27D04FF0010343EC4020D8
:10F3F000FF238DF80730F1F7F9FF4FF47A720023FD
:10F4000007F0C6FD124E05460AE0F1F7EFFF4FF494
:10F410007A72002307F0BCFD3269431B934212D27B
:10F4200063681B681868C3689B07EED501220DF15D
:10F43000070107F0E1FD63681868303007F0ACFDA4
:10F44000384603B0F0BD63681B681868EEE700BF7C
:10F45000781D0020F8B50446144A154D1549C0E939
:10F46000B052DFF860C04268134F144E144BC0E92D
:10F47000B376C0F8BCC2C0F8C8125068C4F8B8323D
:10F48000431C0DD0F0F73AFF62684FF0010350685B
:10F4900043EC400043EC440043EC4000137A03B9D2
:10F4A000F8BD517ABDE8F840F0F718BFEDE600105E
:10F4B00051EB00101DE5001039E000101DD90010BF
:10F4C000C9ED0010B9D6001043681B6819691868A7
:10F4D000F6F788BE436802491B681868F6F782BED3
:10F4E000801A060043685B685A1C3FD070B51F2B1A
:10F4F00004464FF050414FF0010284B02FD9896883
:10F50000A3F1200082400A4214BF012600264FF0DA
:10F51000010242EC40304FF0FF33CDE90133ADF84A
:10F520000C30F1F763FF4FF47A72002307F030FDDF
:10F53000054660680A23002201A9006807F060FD03
:10F54000F1F754FF4FF47A72002307F021FD854252
:10F55000EFD063685B6846EC403004B070BD49682A
:10F560009A400A4214BF01260026D0E7704700BF28
:10F57000BFF34F8F0549064BCA6802F4E06213439C
:10F58000CB60BFF34F8F00BFFDE700BF00ED00E091
:10F590000400FA05002110B4064C421E733012F824
:10F5A000013F83EA41039042E15CF8D108465DF8EF
:10F5B000044B7047AC9C01100546144C08B57822EA
:10F5C0000021204604F0CAFA1149124B2160D3E908
:10F5D0000023C4E902232B68204623616B68636122
:10F5E000AB68A361EB68E3612B6923626B696362BB
:10F5F000AB69A362EB69E362FFF7CCFF84F87400A8
:10F60000BFF34F8F00BEFFF7B3FF00BF1001002014
:10F61000BEBAFECA802C002004205FEA0E01084218
:10F6200002D0EFF3098001E0EFF308804169FFF7B2
:10F63000C3BF00BF002800F0CA80002900F0CA80C4
:10F6400010F007022DE9F043054600F0C5800020C8
:10F65000654C01E06B070DD015F8012B030282EA1F
:10F66000102234F812009BB2013980EA0300F1D174
:10F67000BDE8F08342BA21F0070E92B2CB08AE4447
:10F6800001F00704002B45D005EBC30C5749A5F149
:10F690000800ACF1080C50F8083F45685A4002F0E9
:10F6A000FF032E0EC2F3072803F5E06331F816704E
:10F6B00008F5C068C2F3074631F8133031F81890E6
:10F6C00006F5A066120E31F816807B4002F58062C6
:10F6D00005F0FF0631F8127083EA0903C5F307222B
:10F6E00006F5407683EA080302F5007231F81660E9
:10F6F000C5F3074531F812807B4005F5807531F878
:10F700001520734083EA0803534084459AB2C2D15E
:10F7100052BA90B2002CABD09EF80020324B82EA55
:10F72000102233F81220012C82EA002290B29FD0DE
:10F730009EF80120022C82EA102233F812204FEAB0
:10F74000002080B280EA020092D09EF80220032CB2
:10F7500082EA102233F812204FEA002080B280EAB9
:10F76000020085D09EF80320042C82EA102233F890
:10F7700012204FEA002080B280EA02003FF478AF06
:10F780009EF80420052C82EA102233F812204FEA5A
:10F79000002080B280EA02003FF46AAF9EF80520A4
:10F7A000062C82EA102233F812204FEA002080B2A1
:10F7B00080EA02003FF45CAF9EF80610020281EA84
:10F7C000102133F8110092B25040BDE8F0834FF69B
:10F7D000FF7070470846704721F0070E8644CB083B
:10F7E000104601F007044DE7AC9A0110AC8A0110F5
:10F7F000FFF720BF13289ABF024B53F8200002489E
:10F80000704700BFAC9D0110CC77011010B500F01F
:10F8100005F920B10446FBF78FFE207E10BD0420C1
:10F8200010BD00BF70B50446FBF7C0FEA0B1204676
:10F8300000F0F4F8054688B1204600F0EFF80446E1
:10F8400020B1FBF779FE207E830706D42846D5F841
:10F85000B832BDE870401847032070BD042070BD69
:10F8600038B50D46144600F0D9F800B3174A2946BA
:10F870001268049B2244D0F8C442A04720281CD818
:10F88000202812D8DFE800F02011131113111111F4
:10F890001511111111111111151111111111111150
:10F8A00011111111111111111700012038BD04207F
:10F8B00038BD032038BD022038BD4028F9D080284B
:10F8C00014BF0120032038BD002038BD4C7D00202E
:10F8D00038B50D46144600F0A1F800B3174A294682
:10F8E0001268049B2244D0F8C042A04720281CD8AC
:10F8F000202812D8DFE800F0201113111311111184
:10F9000015111111111111111511111111111111DF
:10F9100011111111111111111700012038BD04200E
:10F9200038BD032038BD022038BD4028F9D08028DA
:10F9300014BF0120032038BD002038BD4C7D0020BD
:10F9400038B50C46154600F069F860B1012C0CD0B2
:10F95000032C05D03CB9D0F8C8329847002038BDF8
:10F9600001232B60FAE7042038BDD0F8CC32984749
:10F9700000220346B0FA80F06A602B60400938BD6F
:10F98000704700BF0CB470B54FF48075C2B046AC80
:10F9900054F8046B2A46002102A804F0DFF823463D
:10F9A0003246294602A80194F3F7FEFC044602A859
:10F9B000FFF7E6FF204642B0BDE8704002B0704756
:10F9C00010B58EB000F0E0F920B3684600F0D2F92F
:10F9D00005A9684604F0AEF9DDE907320A9C100477
:10F9E000A4F1500C00F4F810DB029BB2069940EA37
:10F9F0004C601843059A099B490101F4FC6102EB34
:10FA0000D27201330843C2F344025B05104303F092
:10FA1000F07318430EB010BD01207047024B002850
:10FA20000CBF184600207047B01D00200146024A56
:10FA30000248F0F7DBBC00BFD87A01105C820020DE
:10FA400010B5054C82B001460F23002200940348F4
:10FA5000F0F7F8FC02B010BDFC7A01105C820020C7
:10FA600010B5044604F12F4404F56004084B240D3E
:10FA700082B0A40000932246E31C0648F0F7E2FCA3
:10FA80008442CCBF4FF0FF30001B02B010BD00BF5E
:10FA90001C7B0110D43A00202DE9F0478946054629
:10FAA000F0F788FC012399F8042099F905C005F1C5
:10FAB0002F4EDFF8D8800EF5600E93404FEA1E5EA1
:10FAC000BCF1000F58F82E7003F1FF3346DBC2F192
:10FAD00020018C45644631DC03FA0CF139422DD10A
:10FAE0006646D5F868A199F80710BAF1000F2CD036
:10FAF000C9072CD4BCF1000F01DB664527D1B34008
:10FB00001F423CD1D9F8001082B1B44601EB420942
:10FB100031F8022B0CF1120AB2F5005F38BF9219CE
:10FB200049450CF1010C45F82A20F1D13B4348F836
:10FB30002E30F0F751FC2046BDE8F0874FF0FF343F
:10FB4000F0F74AFC2046BDE8F0874907D2D56FF0B0
:10FB50000A04F0F741FC2046BDE8F087D2F120040A
:10FB60000DD403FA04F13942264603D1B9E73942EC
:10FB70002646B6D0013C661C03FA04F1F7D16FF0BB
:10FB80000804F0F729FC2046BDE8F087E4350020A2
:10FB900010B50446F0F70EFC002304F12F4208498B
:10FBA00002F56002120D41F8223003F1120244F80E
:10FBB00022300133202BF8D1BDE81040F0F70CBC07
:10FBC000E43500202DE9F041D0F868419DF8186037
:10FBD000121B1F2A38D84EF29F044EF280054FF4B4
:10FBE000003801EB410C002E18BF254600EBCC0479
:10FBF00004F5435400EBCC0C052BDCF8DC704FEA29
:10FC0000410EDCF8CC60C4F80C800CD95401053BE3
:10FC100044F0A0540532052BCCF8DC4002F01F0262
:10FC2000CCF8D850F2D8714400EBC1010020520149
:10FC300042EA8363C1F8DC30C1F8D850C1F8DC7007
:10FC4000C1F8CC60BDE8F0816FF00400FAE700BFB6
:10FC50004FF0010C2DE9F04104680CFA01FC24EA94
:10FC60000C040460002B3DD01D69DFF804E1EC4377
:10FC70009E681F6801EB41080EEA141E00EBC808DD
:10FC800004EA5404C8F8C87014EA0E0FC8F8D0602B
:10FC9000D0F868614FEA410C0EEA55050AD03543A9
:10FCA00062D15D68DC680CEB010300EBC303C3F8B1
:10FCB000CC5010E0002D4DD1DF685D683C46002E31
:10FCC000F1D04FEA1E5385EA0375C8F8CC504FEACD
:10FCD0000E3E87EA1E240CEB010300EBC303C3F8BE
:10FCE000DC4015E04FF440264FF480374FF4F835F0
:10FCF00001EB410400EBC404C4F8C870C4F8D06040
:10FD0000D0F868614FEA410CC4F8CC50C4F8DC303C
:10FD10004FF0013601244FF000478C4400EBCC0338
:10FD200003F586530D1D01F1080E8E401F6100EB97
:10FD3000CC0C1F6104FA05F5866004FA0EF400F598
:10FD4000005005600460002002F01F02CCF8D820AB
:10FD5000BDE8F08146B15C68DF684FEA1E5384EA73
:10FD60000373C8F8CC30B2E76FF00A00F0E700BFC9
:10FD70002184100010B5044600F00EF82246F1F779
:10FD800083FB012010BD00BF024BD3F88800C0F3F5
:10FD90004000704700001040034B196F0A46586F2F
:10FDA000196F8A42FAD170470000104008B505204B
:10FDB000F1F764FC014B186008BD00BFA8320020B9
:10FDC00003BD00BF10B50446F1F776FD2346BDE83C
:10FDD00010401847F0B5054687B0192017460E4663
:10FDE000F0F7E4FB002104461920F0F7C9FB0021DD
:10FDF000CDE9046503970026002701224FF0504308
:10FE00008C46CDE900670292B9B11A6D9507FCD511
:10FE1000596540BF1A6DD00703D420BF1A6DD207B1
:10FE2000FBD59A6D8A420DD04FF0000C06AA02EB6A
:10FE30008C0252F8181CE7E79A6D1A6DD607FBD4AE
:10FE400040BFE2E70CF1010CBCF1060FEED12146F8
:10FE5000192007B0BDE8F040F0F792BB0C4B0D4AFB
:10FE600093420ED39C4603F2F4710B4A9268CCF88D
:10FE7000F4070A48CCF8F837CCF8FC070848FFF735
:10FE8000A9BF4FF0FF3340F2F3719C46EDE700BF8E
:10FE9000000808200000082000ED00E0C5FD00106B
:10FEA000C1FD00108E4B1A68002A00F00381034642
:10FEB0002DE9F04F8B4CDFB004EB03234FF6FF74BA
:10FEC0004FF48C71884A18A8F3F758FA8749884884
:10FED0004A88002309880068009402F0D7FB41207B
:10FEE00002F006FC002002F0F5FB002002F0C8FC46
:10FEF0000122804818A9FAF7EBF87F4C206000280F
:10FF000040F0D58036227B4809AB0AA9FAF77CFC81
:10FF10002060002840F0C580099B362B40F0C1804E
:10FF20009DF82830422B40F0B6809DF829304D2BAB
:10FF300040F0B180BDF844707049DDF83A000F80A0
:10FF40006F49DDF83E3008606E49182F9A46DDF89B
:10FF5000322006900B6002D0202F40F0B480002B9E
:10FF6000AEBF0023C3F1000A0123624805930023BA
:10FF7000FAF7C8FE604B0446FF081860002840F0FE
:10FF80009C80069B07FB03F909F1030929F003098B
:10FF90004846F1F7D9FE0290002800F09A80069BAF
:10FFA0002046C3F14C0303EBD3735B100793CAF5F0
:10FFB0008E7303EBD3735B10049302F061FCBAF110
:10FFC000000F4CD04FF00108DFF83CB1CDF80CA089
:10FFD0000CE0049B08F1FF361E44B6F58E7F1BD360
:10FFE000039A08F10103904539D098464A46029990
:10FFF000404809ABFAF708FC00283ED1099B994517
:020000041001E9
:100000003BD1059B002BE4D1039BA3EB0806049B8B
:100010001E44B6F58E7FE3D2069B002BE0DD079AE7
:10002000029D1446B6B202EB030A4B2CA0B20DD8C7
:100030006978AB78C90001F4FC612A780BEA0323E4
:100040000B4343EAD202314602F080FB01345445AF
:100050003D44EAD1039A08F101039045C5D10298C5
:10006000F1F7ACFE2348FAF719FE214B186801F0AE
:10007000E7F800205FB0BDE8F08F03461E4A029803
:100080001360F1F79BFE1B48FAF708FE6FF00600BD
:100090005FB0BDE8F08F1748FAF700FE6FF002007E
:1000A000E8E71448FAF7FAFD6FF00100E2E74FF0D5
:1000B000FF30DFE74FF0FF3070470E48FAF7EEFDF4
:1000C0006FF00400D6E70B48FAF7E8FD6FF0030085
:1000D000D0E70848FAF7E2FD6FF00500CAE700BF75
:1000E000343B0020383B0020407B01108032002050
:1000F0003C7B0020882C0020407B00206082002078
:10010000487B0020447B002000F8FFFF002370B5EF
:100110003D4CDEB068463D492360FBF74BF80028B4
:100120006AD13B4D684616A9FBF7EEF800285ED170
:100130009DF87230002B5AD09DF86430DB06F1D464
:100140000DF1720004F026FC032804D90DF16E03B2
:100150001B5C2E2B21D00DF1650004F01BFC032845
:10016000E0D90DF161031B5C2E2BDBD10DF1620395
:100170001B5C03F0DF03422BD4D10DF163031B5C46
:1001800003F0DF034D2BCDD119AB1B5C03F0DF0374
:10019000502BC7D10DF1650115E00DF16F031B5C0C
:1001A00003F0DF03422BD6D11CAB1B5C03F0DF0353
:1001B0004D2BD0D10DF171031B5C03F0DF03502BED
:1001C000C9D10DF1720126683F2EABDC05EB062389
:1001D000FF22184603F07CFD0022013680F8FF2044
:1001E00016A968462660FBF78FF80028A0D068465D
:1001F000FBF756F85EB070BD68460649FAF7DAFFBD
:1002000000288ED05EB070BD343B0020487B0110CA
:10021000383B00204C7B01102DE9F04F2DED028B77
:100220006420A1B002F0F4FCAF48F3F78DFA02F0BD
:100230002FFD30B14FF0FF3021B0BDEC028BBDE897
:10024000F08FAA4C054602F0BBFE012000F0F6FB41
:100250002388608803FB00F04000F1F775FDA44B94
:100260001860002800F0D083A248F3F76DFAA24886
:1002700000F0E6FF00F0CCFF322002F091FD40F6E6
:10028000B83002F0C5FCFBF791F9002840F08181FD
:100290009A48F3F759FA14AB05930EAB07931AABD0
:1002A00006939748F3F750FA01F0AAF8002800F0F7
:1002B00039819448F3F748FA01F0A8FA012304932E
:1002C0004FF6FF758A4862882188002300680095F0
:1002D00002F0DCF9412002F00BFA002002F0FAF9FA
:1002E000284602F0CDFA4FF21044002101201823D5
:1002F0004C22CDE901000094084602F033FB0025B2
:1003000004210194322408467F4B804A009502F074
:10031000A9FB7F4EDDF81490A3B21A46A3F1120791
:10032000A2F11208023B022DBFB29BB21FFA88F85D
:10033000A2F1020249F8044B18DC012344F630779D
:1003400041460220CDE90133009793B23E2202F0EC
:1003500009FB002301970093414603206A4B56F89E
:10036000042B02F07FFB01352A34D5E70122CDE9C9
:10037000012242F295523946022000923E2202F0BA
:10038000F1FA4FF0000B42F29553CDE900B3032090
:1003900039465D4B56F8042B013502F063FB062D00
:1003A00004F12A04B8D1524BDFED5A8A186800F0E4
:1003B00047FF049B9FED588A012B079E4AD00AAA4B
:1003C00031460BA8CDF828B001F050FB0B9A0C9BDE
:1003D0001A921B930D9A0E9B1C921D930F9A109BC1
:1003E0001E921F93069C059FDFF834910DF1800A41
:1003F00054F8040B06F0C4FD4A46CDE90001102173
:100400003046F2F7BBFF01234FF6FF75CDE901330C
:10041000009557F8041B4C221FFA81F808F10E03CF
:10042000022041469BB202F09DFA4146324604202A
:100430003A4B0195CDF800B002F014FBA245D7D19C
:100440002B4B186800F0FCFE642002F0E1FB049BDB
:10045000012BB4D10DF1260209A90DF1220001F002
:1004600091F832460BA90AA800F0D6FFBDF9223058
:1004700005EE103ABDF92430B8EEC55A05EE903AB3
:10048000BDF92630F8EEE55A06EE103ABDF92830EF
:10049000B8EEC66A06EE903ABDF92C30F8EEE66A80
:1004A00007EE103ABDF93830B8EEC77A07EE903A49
:1004B000F8EEE77A25EE285A65EEA85A26EE286A65
:1004C00066EE886A27EE087A67EE887A8DED1A5A0A
:1004D000CDED1B5A8DED1C6ACDED1D6A8DED1E7A9A
:1004E000CDED1F7A7EE700BFA87B0110803200208F
:1004F0003C7B0020F47B0110149E0110147C011041
:10050000B47D0110CC7D0110E8200020287E011070
:10051000FC9D011000007A3D90C1F93CE0200020D4
:10052000307E011001F078FB0546002840F0D480B1
:100530004FF6FF76B94FBA48F3F706F9009662888E
:1005400021882B46386802F0A1F8412002F0D0F84B
:10055000284602F0BFF84FF4784002F091F94FF4CA
:1005600078440121AF4B0846AF4ACDE9006402F060
:1005700079FA01201021CDE90064AA4BAB4A02F0C0
:1005800071FA386800F05CFE4FF47A7002F040FBBC
:10059000FAE7A74B28461D60FFF744F90546A54832
:1005A0002946F3F753F915F0020040F09380012635
:1005B000A14D0022294600230096FFF751F920B9EA
:1005C00095F8C231EE2B00F08D8101229B499C48A9
:1005D000F9F7D4FC0546FFF70DF92946024699487C
:1005E000F3F734F9002D7DD1DFF8B492FFF78EFDDB
:1005F000D9F800109448F3F729F9D9F800308DF8AC
:100600006850002B40F35081904A14AE92E80300EA
:10061000ADF83C10090C0E908DF83E1030461821B4
:100620008B4A05964FF6FF77F2F7A8FE4FF6FF7359
:100630007A480093628800232188006802F026F837
:10064000412002F055F8002002F044F8384602F04C
:1006500017F904210220734B7E4ACDE9005702F0BE
:1006600001FA0EAA1E2102206E4BCDE90057079217
:1006700002F0F8F96B4B2E210220CDE90057059AC4
:1006800002F0F0F99DF86830002B40F020811AABA1
:100690000693624B186800F0D3FD4FF47A6002F0C5
:1006A000B7FAD9F80030002B7FF7FBAD4FF0000808
:1006B000C246694BDFF8ECB104934046FFF7F2FB0A
:1006C000C31D072B00F2A481DFE803F0A6A4A2A0BB
:1006D0009E9C510E6148DCE56148F3F735F8022332
:1006E0000493EDE55F48D4E540F6B8300AF1010A1D
:1006F00002F08EFA049BD9F8002008F1010803F5F6
:10070000807342450493D8DC002A7FF7CAADBAF162
:10071000000F7FF4C6AD4FF6FF75404E628821880A
:1007200053463068009501F0B1FF412001F0E0FF31
:10073000504601F0CFFF1F2002F0A2F81F27012131
:10074000CDE900570846374B474A02F08BF9102194
:10075000344B464A0120CDE9005702F083F9306856
:1007600000F06EFD40F2DC5002F052FA99E5404D87
:10077000404E18213388404A0093DBF80030069839
:10078000F2F7FCFD3D4B41461B68049A03933C4B3A
:10079000224F1B683B48029333884FF6FF76019344
:1007A000DBF8003000932B46F3F750F80096628890
:1007B00021880023386801F069FF412001F098FF8B
:1007C000002001F087FF4FF4784002F059F84FF411
:1007D000784701212A460846CDE90067114B02F00F
:1007E00041F9CDE900670D4F10210E4B069A01200B
:1007F00002F038F9386800F023FD40F6B83002F016
:1008000007FA77E7204DB3E7204DB1E7204DAFE77A
:10081000204DADE7204DABE7204DA9E73C7B002004
:10082000F47D0110E0200020187E01101C7E0110D4
:100830004C7D0020507C0110BC380020DC7C011075
:10084000E82E0020E07C0110F87C0110107D0110E2
:10085000247D0110307D0110383B0020707C011098
:10086000E07D01103C7D01106C7B0110A87D011022
:100870005C7B011060820020647D0110447B0020BD
:10088000487B0020707D0110507B0110687B0110B7
:10089000707B01107C7B0110887B01109C7B011018
:1008A000343B0020407B00205A4B5B4A93E8030016
:1008B0000B0C8DF83E3014AB0E90ADF83C10059348
:1008C00007CA03C34FF6FF751F271A70AEE61AABAF
:1008D0001A4606933E210220CDE900574F4B02F005
:1008E000C1F8D6E62946012200230096FEF7B8FF9C
:1008F00000287FF46AAE4A4B2A689A427FF465AEBC
:1009000003F150536A6803F50F2303F60B339A4241
:100910007FF45BAED5E914230492A3F18002B2F513
:10092000C07FAE6C3FF651AE4FF40072B2FBF3FAEB
:1009300000270AF1FF32D3469A4606F10801DFF894
:10094000F890059106920123009300233246184641
:100950003449FEF785FF00287FF437AE049BBB4285
:100960007FF633AEB8462F4D28E06B784BBBAB78A3
:100970003BBBEB782BBB2B791BBB6B790BBBAB79F0
:10098000FBB9EB79EBB92B7ADBB96B7ACBB9AB7AE4
:10099000BBB9EB7AABB92B7B9BB96B7B8BB9AB7BD0
:1009A0007BB9EB7B6BB9069B3B44984526D0049BF7
:1009B00008F10108434555447FF607AE2B78002B1C
:1009C000D3D02A6A002AEED001230093002349469F
:1009D00018460792FEF744FF0028E4D199F8FE314B
:1009E000079A552BDFD199F8FF31AA2BDBD10E4B9B
:1009F00011460E481A60F2F729FFE6E5059B01361D
:100A0000B3425F449FD1E0E50948F2F79DFE11E44F
:100A1000084DADE6107D0110187D0110E02000208A
:100A200045464920BC3800204C7D0020B47C011094
:100A3000C87B0110947B01104C7B002070B5D44C16
:100A400006460121208802F059F8642002F0E0F8FF
:100A50000021208802F052F86420CE4D02F0D8F830
:100A60000121208802F04AF8CB4C642002F0D0F833
:100A70002888002102F042F80021208802F03EF888
:100A8000112002F041F80121208802F037F8782087
:100A900002F0BEF82888002102F030F800212088FA
:100AA00002F02CF8B22002F02FF82088012102F089
:100AB00025F82888012102F021F80021208802F081
:100AC0001DF80C2002F020F82088012102F016F811
:100AD0002888012102F012F80021208802F00EF887
:100AE0000C2002F011F82088012102F007F8288874
:100AF000012102F003F80021208801F0FFFF00200F
:100B000002F002F82088012101F0F8FF2888012175
:100B100001F0F4FF0021208801F0F0FF332001F004
:100B2000F3FF2088012101F0E9FF2888012101F06D
:100B3000E5FF0021208801F0E1FF332001F0E4FF10
:100B40002088012101F0DAFF2888002101F0D6FF7A
:100B50000021208801F0D2FFB02001F0D5FF2088CD
:100B6000012101F0CBFF2888012101F0C7FF0021FE
:100B7000208801F0C3FF002001F0C6FF208801217A
:100B800001F0BCFF2888012101F0B8FF0021208876
:100B900001F0B4FFE02001F0B7FF2088012101F04F
:100BA000ADFF2888002101F0A9FF0021208801F075
:100BB000A5FF3A2001F0A8FF2088012101F09EFF47
:100BC0002888012101F09AFF0021208801F096FF7A
:100BD000052001F099FF2088012101F08FFF28886E
:100BE000002101F08BFF0021208801F087FFB72052
:100BF00001F08AFF2088012101F080FF288801216F
:100C000001F07CFF0021208801F078FF452001F0F1
:100C10007BFF2088012101F071FF2888002101F06D
:100C20006DFF0021208801F069FFBB2001F06CFFFF
:100C30002088012101F062FF2888012101F05EFF78
:100C40000021208801F05AFF1D2001F05DFF20885F
:100C5000012101F053FF2888002101F04FFF0021FE
:100C6000208801F04BFFC02001F04EFF20880121B9
:100C700001F044FF2888012101F040FF0021208875
:100C800001F03CFF2C2001F03FFF2088012101F002
:100C900035FF2888002101F031FF0021208801F074
:100CA0002DFFC22001F030FF2088012101F026FF36
:100CB0002888012101F022FF0021208801F01EFF79
:100CC000012001F021FF2088012101F017FF288871
:100CD000002101F013FF0021208801F00FFFC32045
:100CE00001F012FF2088012101F008FF288801216E
:100CF00001F004FF0021208801F000FF192001F01D
:100D000003FF2088012101F0F9FE2888002101F06D
:100D1000F5FE0021208801F0F1FEC42001F0F4FE70
:100D20002088012101F0EAFE2888012101F0E6FE79
:100D30000021208801F0E2FE202001F0E5FE20885D
:100D4000012101F0DBFE2888002101F0D7FE0021FF
:100D5000208801F0D3FEC62001F0D6FE20880121B4
:100D600001F0CCFE2888012101F0C8FE0021208876
:100D700001F0C4FE0F2001F0C7FE2088012101F020
:100D8000BDFE2888002101F0B9FE002106E000BF69
:100D90006C3100206431002060310020208801F097
:100DA000ADFED02001F0B0FE2088012101F0A6FEAA
:100DB0002888012101F0A2FE0021208801F09EFE7A
:100DC000A42001F0A1FE2088012101F097FE2888CF
:100DD000012101F093FE0021208801F08FFEA12067
:100DE00001F092FE2088012101F088FE2888002170
:100DF00001F084FE0021208801F080FED62001F061
:100E000083FE2088012101F079FE2888012101F06C
:100E100075FE0021208801F071FEA12001F074FE12
:100E20002088012101F06AFE2888002101F066FE79
:100E30000021208801F062FEE02001F065FE20889C
:100E4000012101F05BFE2888012101F057FE0021FD
:100E5000208801F053FED02001F056FE20880121A9
:100E600001F04CFE2888012101F048FE0021208875
:100E700001F044FE102001F047FE2088012101F01E
:100E80003DFE2888012101F039FE0021208801F073
:100E900035FE212001F038FE2088012101F02EFED0
:100EA0002888012101F02AFE0021208801F026FE79
:100EB000142001F029FE2088012101F01FFE28885E
:100EC000012101F01BFE0021208801F017FE1520F2
:100ED00001F01AFE2088012101F010FE288801216E
:100EE00001F00CFE0021208801F008FE2D2001F009
:100EF0000BFE2088012101F001FE2888012101F06C
:100F0000FDFD0021208801F0F9FD412001F0FCFDEC
:100F10002088012101F0F2FD2888012101F0EEFD79
:100F20000021208801F0EAFD442001F0EDFD208839
:100F3000012101F0E3FD2888012101F0DFFD0021FE
:100F4000208801F0DBFD4F2001F0DEFD208801212B
:100F500001F0D4FD2888012101F0D0FD0021208876
:100F600001F0CCFD282001F0CFFD2088012101F007
:100F7000C5FD2888012101F0C1FD0021208801F074
:100F8000BDFD0E2001F0C0FD2088012101F0B6FD5D
:100F90002888012101F0B2FD0021208801F0AEFD7A
:100FA0000C2001F0B1FD2088012101F0A7FD288867
:100FB000012101F0A3FD0021208801F09FFD1D20EB
:100FC00001F0A2FD2088012101F098FD288801216F
:100FD00001F094FD0021208801F090FD1F2001F018
:100FE00093FD2088012101F089FD2888002101F06E
:100FF00085FD0021208801F081FDE12001F084FDC4
:101000002088012101F07AFD2888012101F076FD78
:101010000021208801F072FDD02001F075FD2088AC
:10102000012101F06BFD2888012101F067FD0021FD
:10103000208801F063FD0F2001F066FD208801216A
:1010400001F05CFD2888012101F058FD0021208875
:1010500001F054FD1B2001F057FD2088012101F013
:101060004DFD2888012101F049FD0021208801F073
:1010700045FD0D2001F048FD2088012101F03EFDD5
:101080002888012101F03AFD0021208801F036FD79
:101090000D2001F039FD2088012101F02FFD288865
:1010A000012101F02BFD0021208801F027FD2620E1
:1010B00001F02AFD2088012101F020FD288801216E
:1010C00001F01CFD0021208801F018FD422001F0F4
:1010D0001BFD2088012101F011FD2888012101F06C
:1010E0000DFD0021208801F009FD542001F00CFDC8
:1010F0002088012101F002FD2888012101F0FEFC79
:101100000021208801F0FAFC502001F0FDFC20882D
:10111000012101F0F3FC2888012101F0EFFC0021FE
:10112000208801F0EBFC3E2001F0EEFC208801213C
:1011300001F0E4FC2888012101F0E0FC0021208876
:1011400001F0DCFC1A2001F0DFFC2088012101F015
:10115000D5FC2888012101F0D1FC0021208801F074
:10116000CDFC182001F0D0FC2088012101F0C6FC44
:101170002888012101F0C2FC0021208801F0BEFC7A
:10118000222001F0C1FC2088012101F0B7FC288851
:10119000012101F0B3FC0021208801F0AFFC2520E3
:1011A00001F0B2FC2088012101F0A8FC00211548C3
:1011B0008E42154B08BF0346144A2888167114BF87
:1011C0000E46E026136001F099FC0021208801F012
:1011D00095FC362001F098FC2088012101F08EFC5E
:1011E0002888012101F08AFC0021208801F086FC7A
:1011F000304601F089FC20880121BDE8704001F0F3
:101200007DBC00BF1C014C004C001C018032002042
:1012100010B5094B094C1888002101F06FFC002122
:10122000208801F06BFC292001F06EFC2088012150
:10123000BDE8104001F062BC643100206031002044
:101240002DE9F8436B4C6C4D6C4E0021074620880D
:10125000B6F80090B6F8028001F050FC0021288812
:1012600001F04CFC2A2001F04FFC0121288801F0FC
:1012700045FC0121208801F041FC0021288801F073
:101280003DFC002001F040FC0121288801F036FCE3
:101290000121208801F032FC0021288801F02EFC79
:1012A000522001F031FC0121288801F027FC09F1CE
:1012B00051090121208801F021FC1FFA89F9002140
:1012C000288801F01BFC4FEA192001F01DFC0121C8
:1012D000288801F013FC0121208801F00FFC002177
:1012E000288801F00BFC5FFA89F001F00DFC012168
:1012F000288801F003FC0021208801F0FFFB002179
:10130000288801F0FBFB2B2001F0FEFB012128883F
:1013100001F0F4FB0121208801F0F0FB0021288876
:1013200001F0ECFB002001F0EFFB0121288801F027
:10133000E5FB0121208801F0E1FB0021288801F074
:10134000DDFB122001F0E0FB0121288801F0D6FB33
:1013500008F111080121208801F0D0FB1FFA88F85C
:101360000021288801F0CAFB4FEA182001F0CCFBCD
:101370000121288801F0C2FB0121208801F0BEFB79
:101380000021288801F0BAFB5FFA88F001F0BCFB6D
:101390000121288801F0B2FB0021208801F0AEFB7A
:1013A0000021288801F0AAFB2C2001F0ADFB0121CF
:1013B000288801F0A3FB0121208801F09FFB002178
:1013C000288801F09BFB73886BB10024318801FBF6
:1013D00004F0490007EB400001F0A6FB01347288DD
:1013E000A3B29A42F2D828880121BDE8F84301F05F
:1013F00085BB00BF643100206031002080320020B6
:10140000002108B5682001F0ADFBA0F1EA00B0FAB8
:1014100080F0400908BD00BF2DE9F8430D4656494C
:1014200006460B88682001330B803421144601F0F6
:1014300099FB33218046682001F094FB0346362156
:10144000682048EA032801F08DFB35210746682013
:1014500001F088FB382147EA0027682001F082FB71
:1014600037218146682001F07DFB444B49EA00208A
:101470001A4693F800E00FFA88F80EF1010902F815
:10148000029B22F81E8093F800E09A7C0EF0070E73
:1014900083F800E002F1010E83F812E0B3F9048052
:1014A000B3F902E003F1140CC644B3F906803FB26D
:1014B000C644B3F908803249C644B3F90A80C64429
:1014C000B3F90C80C644B3F90E80C644B3F910805A
:1014D0002CF812709A7C93F824C002F007029A74D8
:1014E0000CF1010283F82420C644B3F91420B3F9A7
:1014F000168003F126074244B3F918804244B3F939
:101500001A804244B3F91C804244B3F91E8042441D
:10151000B3F920804244B3F9228027F81C0093F8E5
:101520002400B3F926C000F0070083F82400B3F9C3
:101530002800B3F92A708444BC44B3F92C7008889D
:10154000BC44B3F92E70C0EBEE00BC44B3F930706C
:101550004244BC44B3F93270B3F934303080488827
:10156000BC44C0EBE2022A808A886344C2EBE303F6
:101570002380BDE8F88300BF648200200082002041
:10158000507D00202DE9F84306460D4668202E21A7
:10159000144601F0E7FA2D218046682001F0E2FAB6
:1015A00003463021682048EA032801F0DBFA2F21A6
:1015B0000746682001F0D6FA322147EA0027682062
:1015C00001F0D0FA31218146682001F0CBFA3D4B81
:1015D0000FFA88F81A46197803F1140C01F1010E7C
:1015E00002F802EB22F8118019789A7C01F00701C9
:1015F0001970511C9974B3F904E0B3F902103FB2A9
:101600007144B3F906E049EA00207144B3F908E0F7
:101610007144B3F90AE07144B3F90CE07144B3F9D1
:101620000EE07144B3F910E02CF812709A7C93F834
:1016300024C002F007029A740CF1010283F82420FE
:10164000B3F91670B3F9142071443A44B3F9187021
:1016500003F1260E3A44B3F91A70C9103A44B3F9AB
:101660001C703A44B3F91E703A44B3F920703A44FE
:10167000B3F922702EF81C0093F82400B3F926C0A9
:1016800000F0070083F82400B3F928003A448444AA
:10169000B3F92A00D2108444B3F92C008444B3F97E
:1016A0002E008444B3F930008444B3F93200B3F916
:1016B000343084446344DB1031802A802380BDE8C9
:1016C000F88300BFC881002070B506460D46144659
:1016D0007F213022682001F02FFA3246072168204E
:1016E00001F02AFA2A460821682001F025FA22464C
:1016F0000A21682001F020FA81220921682001F0E6
:101700001BFA00227F21682001F016FA03216820CD
:1017100001F028FA044644F020020321D2B26820E6
:1017200001F00AFA0520EFF7D9FD04F0DF020321EA
:10173000682001F001FA30227F21682001F0FCF9D5
:101740000521682001F00EFA05210246682001F00B
:10175000F3F9BDE8704000227F21682001F0ECB968
:1017600038B530227F21682001F0E6F98C22032170
:10177000682001F0E1F900220421682001F0DCF981
:1017800082220521682001F0D7F900227F216820FC
:1017900001F0D2F90321682001F0E4F9044644F095
:1017A00020020321D2B2682001F0C6F90520EFF72C
:1017B00095FD04F0DF020321682001F0BDF93B2113
:1017C000682001F0CFF93C210546682001F0CAF9F4
:1017D000302204467F21682001F0AEF905216820FF
:1017E00001F0C0F905210246682001F0A5F9682042
:1017F00000227F2101F0A0F9482D05BFA4F10900C6
:10180000B0FA80F00020400938BD00BFF0B50025D7
:1018100083B000227F21682001F08EF9802206210A
:10182000682001F089F90A20EFF758FD012206210E
:10183000682001F081F920227F21682001F07CF9E5
:1018400007220021682001F077F935220121682064
:1018500001F072F907221121682001F06DF931229F
:101860001421682001F068F900227F21682001F02E
:1018700063F96420EFF732FD20242E462F460DF148
:10188000060201A90DF10200FFF7C6FDBDF9063001
:10189000BDF90210BDF904200A201D440F4416446E
:1018A000EFF71CFD631E13F0FF04E8D1084B7F1116
:1018B00076116D111F805E809D80FFF751FF04221D
:1018C00031210C2003B0BDE8F040FFF7FDBE00BFA2
:1018D000507D002070B510280D4682B032D03028DF
:1018E0002BD038B34FF4805145F020050524184A19
:1018F000012B08BF45F08005164E11808DF807506A
:101900002A460321307801F04BF9013CF8D1052536
:101910000123062130780DF1070201F057F98DF807
:10192000074000220621307801F03AF9013DF8D154
:1019300002B070BD4FF48041D8E74FF4006145F02C
:101940003005D3E74FF4005145F01005CEE700BF56
:101950005E820020DC20002070B530280D4682B069
:101960004AD02AD810283ED0202837D078B340213A
:101970000D430524224A012B08BF45F08005214E66
:1019800011808DF807502A460421307801F008F9BB
:10199000013CF8D105250123062130780DF107021D
:1019A00001F014F98DF8074000220621307801F08B
:1019B000F7F8013DF8D102B070BD602818D070284A
:1019C00008D05028D3D1202145F05005D1E74FF45D
:1019D0008061CEE7082145F07005CAE74FF48071B9
:1019E00045F02005C5E74FF4007145F01005C0E74C
:1019F000102145F06005BCE7802145F03005B8E7CF
:101A000062820020DC2000202DE9F0410524DFF86F
:101A100058800023012298F80210064698F8010029
:101A2000FFF758FF0023012298F8041098F80300EC
:101A3000FFF792FF98F8077098F80630094D1F439A
:101A40003A460521287801F0ABF8013CF8D105248D
:101A500032460721287801F0A3F8013CF8D1BDE80F
:101A6000F08100BFDC200020A03200202DE9F041F1
:101A700005460C4684B0002A75D016463C4F0DF141
:101A80000408032342463021387801F09FF89DF87E
:101A900005309DF8060037491B0243EA00439DF8D4
:101AA00004000A6803439A4224BFC2F180729B1863
:101AB0000B6033600C2342463521387801F086F8FC
:101AC0002D4B9FED2E5A1B8805EE903A2C4BF8EECD
:101AD000E55A1B8807EE903ABDF90430F8EEE77A34
:101AE00006EE103ABDF90830B8EEC66A06EE903A36
:101AF000BDF90A30F8EEE66A03EE903ABDF90C3013
:101B000026EE056A04EE103ABDF90E3066EE856ADF
:101B100004EE903ABDF90630F8EEE33A07EE103ADB
:101B2000B8EEC77AB8EEC44AF8EEE44A27EE057A72
:101B300083EEA53AC4EE253A84EEA54AC6EE275AAE
:101B400086EEA76AC7EE276AC5ED005A85ED026AE0
:101B5000C5ED016A84ED013AC4ED003A84ED024A14
:101B600004B0BDE8F081024F0DF10408A2E700BF08
:101B7000DC2000205C8100206282002000007A448A
:101B80005E8200202DE9F0410578044615F0080832
:101B900037D1E80711D42B46990717D45B071ED419
:101BA0001C4E052405F00F052A460821307800F068
:101BB000F7FF013CF8D1BDE8F0814346A17801224E
:101BC0006078FFF787FE23789907E7D50023012285
:101BD0002179E078FFF7C0FE23785A07E0D5E7794E
:101BE000A37905240B4E1F433A460521307800F0B7
:101BF000D7FF013CF8D1B8F1000FD2D045F0030572
:101C0000CFE74079FFF700FF23785E07E7D4014E66
:101C1000F4E700BFDC200020002346F66A326A2089
:101C20002DE9F041534D82B0534E01AF0DF105083F
:101C30008DF801308DF80230ADF8042005242870AD
:101C4000012300210DEB030200F0C0FF30469DF898
:101C50000110F1F7FBFD9DF80130052B08D0013C88
:101C600001D02878ECE7B84502D017F8010FE5E776
:101C70000123287819460DF1020200F0A7FF9DF814
:101C80000140052C06D03D48F1F75EFD002002B072
:101C9000BDE8F08122469DF8023029783848F1F7F6
:101CA000D5FD60220221287800F07AFF013CF8D1AE
:101CB0003448354A354BC0E90023FFF763FF0DF187
:101CC00003020123287802218DF8034000F07EFFF3
:101CD0009DF803102E48F1F7B9FD032101230DEB08
:101CE0000102287800F072FF9DF803102948F1F7EF
:101CF000ADFD0DF1030201232878042100F066FFF9
:101D00009DF803102448F1F7A1FD0DF10302012312
:101D10002878052100F05AFF9DF803101F48F1F7BD
:101D200095FD0DF1030201232878062100F04EFFF6
:101D30009DF803101A48F1F789FD0DF10302012304
:101D40002878072100F042FF9DF803101548F1F7AD
:101D50007DFD012328780DF10302082100F036FFF4
:101D60009DF803101048F1F771FD012002B0BDE8A5
:101D7000F08100BFDC200020687E0110A87F0110E8
:101D8000887E0110A03200200320034003070300D7
:101D9000C87E0110E87E0110087F0110287F011025
:101DA000487F0110687F0110887F011030B4484CD3
:101DB000E389B42B49D008D87BB15A2B43D123896E
:101DC000013B5B1A014698B207E0B3F5877F3AD131
:101DD0006389013B1B1A084699B2238A032B32D828
:101DE000DFE803F049423C02B4F80AC023890CF151
:101DF000FF3CACEB010103F1FF3CACEB000089B20E
:101E000080B283421FD363898B421CD3E38A102B99
:101E10004ED032D8022B3DD0042B14D16FF0C0032A
:101E2000B4F812C02568C0F38F0401FB0C4102F026
:101E3000030200F00300920140006C5C0341024188
:101E4000234013436B5430BC70472389013B181A5D
:101E5000638980B2013B5B1A99B2BEE76389013B9B
:101E6000591A89B22389CCE7238903F1FF3CACEBF3
:101E7000000080B2C5E72389C3E7412BE3D1638A21
:101E8000400001FB03002368110A1954236803442E
:101E90005A70D8E7638AC0F3CF0201FB0322802384
:101EA000216800F007008C5C034123438B54CAE790
:101EB000B4F812C0256802F00F02C0F34F0400F01E
:101EC00001006FF0F00301FB0C4112018000B4E748
:101ED000883200202DE9F04F9B4685B09B88029008
:101EE000BBF80600203A894600FB02F113F0070216
:101EF00018BF0122BDF83840DBF8007002EBD302B6
:101F000001FB0277BDF83CE00194002852D04FF667
:101F1000FF7296454FF000064FD04A464FF0800AB8
:101F2000B946DFF818811746CDF80CE0002B41D0F8
:101F30000025029C009616E0A4450AD3B8F80620B6
:101F4000BA4206D339462046019AFFF72FFFBBF865
:101F50000430072E01D109F101090135AAB201347B
:101F60009342A4B217D999F8002005F007064AFA5F
:101F700006F01042B8F804C0DED1A445E9D3B8F8A1
:101F80000620BA42E5D339462046039AFFF70EFFF2
:101F9000BBF80430DDE75907009EBBF8062001D0EE
:101FA00009F101090136B6B2B24203D9791C8FB2E8
:101FB000002BBDD105B0BDE8F08FB0461846DFF864
:101FC0007CA00028F6D049460025C1468026B846A8
:101FD000029C98F8002005F0070746FA07F31A421A
:101FE0000FD0BAF80430A3420BD3BAF806308B42B4
:101FF00007D32046019A0091FFF7D8FEBBF80400F2
:1020000000990135072FABB204F1010408BF08F1B4
:1020100001089842A4B2DCD84746C846BBF806205F
:1020200008F1010E43071FFA8EF818BF01379045DB
:10203000C0D201F101091FFA89F9C2E788320020F4
:102040002DE9F04FA54C89B0A788814687420D46FF
:102050000592C0F035811E46E3888B42C0F0308186
:102060007700013F002F57DD11464FF0000A02F0C4
:102070000F021201A5EB060C069201F00302920179
:102080001FFA8CFB079280465246D946831B9BB2AF
:10209000CDF810C04244B24235DB049A002A32DB4C
:1020A00008EB0A0292B2039249460022D346CDE9D8
:1020B0000178B4F804E09E4567D3E088884264D391
:1020C000E08905EB0208B4281FFA88F800F0A38025
:1020D00000F28F80002800F09B805A2855D19C4642
:1020E000208901383044A0EB080080B2B4F8108099
:1020F000B8F1030F49D8DFE808F01A731262DA4624
:102100000746DDF808800AF1010A0FFA8AFA01335E
:10211000BA4552469BB2BDDB09B0BDE8F08FB4F8BA
:102120000A8008F1FF38A8EB0C081FFA88FCB4F805
:102130000880404529D8B4F80A80E04525D3B4F892
:102140001680B8F1100F00F0898074D8B8F1020F32
:1021500000F09E80B8F1040F17D16FF0C00A678AB3
:10216000C0F38F080CFB078800F00300079F4000B6
:1021700047FA00FC27684AFA00F017F808A000EABE
:102180000A0040EA0C0007F808000198013212B278
:102190008242B4DA5019B042C0F28E8001319E45BD
:1021A00089B286D2DDE90178DA4601E0B142AADBE4
:1021B000013212B2974205EB0201F7DCA3E7B4F853
:1021C0000AA0B4F808800AF1FF3AAAEB0C0A1FFA39
:1021D0008AFC08F1FF3AAAEB000A1FFA8AF0A8E786
:1021E000B4F8088008F1FF3AAAEB000A1FFA8AF057
:1021F0009FE7B0F5877FC8D1B4F80AC003980CF107
:10220000FF3CB444ACEB000C1FFA8CFC08466DE7B5
:102210008C4618466AE72089B4F80AC0039F013843
:102220000CF1FF3C3044B444C01BACEB080C80B252
:102230001FFA8CFC5AE7B8F1410FA6D1B4F812800E
:1022400040000CFB0800059F4FEA172C276807F891
:1022500000C027683844059F477096E76FF0F00785
:10226000B4F812A0C0F34F0800F0010080000CFB8E
:102270000A8847FA00FC069F47FA00F0276817F81B
:1022800008A00CEA0A0C4CEA000C07F808C07CE72E
:102290004FF0800A678AC0F3CF080CFB0788D4F898
:1022A00000C000F007004AFA00F01CF808A040EA5D
:1022B0000A000CF8080068E7DA46DDE9017822E751
:1022C0003A4649460648F1F7C1FA29460548E288E8
:1022D00009B0BDE8F04FF1F7B9BA00BF883200206D
:1022E000BC7F0110E07F01102DE9F04F95B0BDF8E3
:1022F00078408146254609944FF6FF74204688466B
:1023000019464A4588BF01204FF0000A1093A2EBFE
:1023100009030F9283EAE372A2EBE372A1EB0803D5
:10232000139083EAE370A0EBE3700D92121A56004B
:10233000414594BF4FF0FF31012106965646CA46EB
:102340009DF87CB005F00F052D010E954FEA4B0569
:102350006F1E9DF8805043420B9511901291079289
:102360000A93731CDEB20B9B012B3FD103F1AA33FE
:10237000A3FB062323F0010202EB5302B21A12F070
:10238000FF0233D1099B002B00F06E815B46414672
:102390005046FFF755FE00260A9B069A934212DC30
:1023A0000F9B534500F06881079B119A9A1A139B63
:1023B000079253441FFA83FA1346520006920D9A6D
:1023C000B2EB430FCDDB109B434500F05581079BDB
:1023D0000D9A134407935B000693731C129ADEB2A6
:1023E0000B9B9044012B1FFA88F8BFD0A44CA28805
:1023F000924500F22F81E3884345C0F02B81002FE6
:10240000CADD4FF00009099AA8EB0B0E02F0030297
:1024100092011FFA8EF50C92AC464A46AAEB0B03CA
:102420009BB2CDF814E052445A45C0F28380059A1D
:10243000002A7FDB0AEB090292B20492CDF80CA0CD
:1024400061460022B246CDE90179A6889E4255D365
:10245000E088884252D3E08908EB020EB4281FFAC4
:102460008EFE00F09A8000F28A80002800F09280B0
:102470005A2843D11D46208901385844A0EB0E004C
:1024800080B2B4F810E0BEF1030F37D8DFE80EF0E9
:102490000A6E025DB4F80AE00EF1FF3EAEEB050EE7
:1024A0001FFA8EF5B4F808E0704527D8B4F80AE0B2
:1024B000AE4523D3B4F816E0BEF1100F00F09980BA
:1024C00078D8BEF1020F00F0AC80BEF1040F15D138
:1024D0006FF0C009678AC0F38F0E05FB07EE00F0AE
:1024E00003000C9D27684000054149FA00F017F8E9
:1024F0000E9000EA0900284307F80E000198013207
:1025000012B282426EDA02EB08005845C0F29C809B
:1025100001319E4289B298D2DDE901795646DDF853
:102520000CA001E0594505DB013212B2BA4202EBC0
:102530000801F7DB09F101090FFA89F90133B945FF
:102540004A469BB2FFF66FAF26E7B4F80A90B4F89C
:1025500008E009F1FF39A9EB05091FFA89F50EF129
:10256000FF39A9EB00091FFA89F09DE7B4F808E0EC
:102570000EF1FF39A9EB00091FFA89F094E7B0F5D5
:10258000877FBBD165890498013D5D442D1AADB2AA
:10259000084676E70D46184673E72089049D013802
:1025A0005844401B658980B2013D5D44A5EB0E0592
:1025B000ADB266E7BEF1410FA0D1B4F812E0400021
:1025C00005FB0E002568099F0895089D4FEA172E08
:1025D00005F800E0256801320544019812B28242F4
:1025E0006F7090DB56460746DDF80890DDF80CA0CA
:1025F000A0E7B4F81290C0F34F0E05FB09EE6FF0A0
:10260000F0050E9F00F001008000054147FA00F040
:10261000276817F80E9005EA0905054307F80E50DC
:102620006CE74FF08009678AC0F3CF0E05FB07EE19
:10263000256800F0070049FA00F015F80E9040EA0E
:10264000090005F80E0059E75646DDE90179DDF885
:102650000CA06FE751460B48F1F7F8F84146E288C5
:102660000948F1F7F3F897E65B464FF6FF724146EB
:102670005046FFF7E5FC8EE615B0BDE8F08F00BFD1
:1026800088320020BC7F0110E07F011010B5104C93
:1026900011F0070F20604FEAD10018BF01304FF052
:1026A000020C60820020BDF808E0A4F816C0A4F86F
:1026B0000CE021816281A282E381208223B108465D
:1026C000B42B1CBF11460246E280A18010BD00BFA2
:1026D0008832002030B15A2804D0B42802D0B0F596
:1026E000877F01D1014BD881704700BF883200201D
:1026F000102816D00DD802281BD0042822D1124B46
:102700001989D88288074FEA910208D001325A828B
:102710007047412815D10C4B1A89D88252005A8231
:102720007047094B1989D8824A08C907EED45A82E2
:102730007047054B1989D882CA084907E6D15A82E1
:1027400070477047704700BF8832002030B44B4C50
:10275000A388834244D3E3888B4241D3E389B42BDB
:1027600058D04ED833B15A2B3AD12389013B5B1A4A
:10277000014698B2238A032B32D8DFE803F04039B0
:102780003302B4F80AC023890CF1FF3CACEB010121
:1027900003F1FF3CACEB000089B280B283421FD34F
:1027A00063898B421CD3E38A102B57D049D8022B64
:1027B00039D0042B14D16FF0C003B4F812C02568CF
:1027C000C0F38F0401FB0C4102F0030200F0030090
:1027D000920140006C5C03410241234013436B545F
:1027E00030BC70476389013B591A89B22389D5E708
:1027F000238903F1FF3CACEB000080B2CEE72389D4
:10280000CCE7B3F5877FEBD16389013B1B1A084600
:1028100099B2AFE72389013B181A638980B2013B63
:102820005B1A99B2A6E7638AC0F3CF0201FB0322C9
:102830008023216800F007008C5C034123438B5404
:10284000CEE7412BCCD1638A400001FB0300236813
:10285000110A1954236803445A70C1E7B4F812C02E
:10286000256802F00F02C0F34F0400F001006FF082
:10287000F00301FB0C4112018000ABE7883200201D
:10288000374B70B5DA8A102A48D025D9412A22D18F
:102890009A8A02B34FF0000C1A894FEA102E65464F
:1028A000C0B2C2B100215C8A4A000CFB04221E683F
:1028B000013106F802E01E688CB2324450701A8969
:1028C000A242F0D8998A0135ADB2A94203D90CF1E0
:1028D000010C002AE6D170BD022A01D0042AFAD1E7
:1028E0009A8A002AF7D04FF0000CE6465C8AC0B204
:1028F000002CF0D0002219680CFB041188545C8A6B
:10290000013291B28C42F6D89A8A0EF1010E1FFA6A
:102910008EFE7245DFD90CF1010CE9E79A8A002A94
:10292000D9D04FF0000CE6465C8A002CD3D00022B0
:10293000196800F00F000CFB041100EB00148C541C
:102940005C8A013291B28C42F2D89A8A0EF1010E61
:102950001FFA8EFE7245BED90CF1010CE5E700BFEF
:10296000883200202DE9F04F3D4F85B0B7F804C004
:10297000BDF8389084459DF83CA09DF840B029D31F
:102980001E46FB880C468B4224D39445904621D3A7
:10299000B3421FD30546BBF1000F1ED0B14219D27E
:1029A0004FF0000B01E0B7F804C065450ED8FB8876
:1029B000A3420BD3E04509D8234642462146284688
:1029C000CDE901ABCDF80090FFF78EFC0134A4B245
:1029D000A642E8D105B0BDE8F08F0B46CDE901ABCA
:1029E000CDF80090FFF780FCBB889D420FD8FA8895
:1029F00094420CD896420AD833462A4621462846A5
:102A0000CDE901ABCDF80090FFF76EFCBB8898458F
:102A1000E0D8FA889642DDD894420FD800222346A7
:102A20000292314642464046CDE9009AFFF75CFCEF
:102A3000BB889845CED8FA88B242CBD39D42C9D83C
:102A4000002433462A4631464046CDF83CA0CDF816
:102A50003890109405B0BDE8F04FFFF745BC00BFBB
:102A6000883200202DE9F04F0746DFF88C8085B0D2
:102A7000B8F804B0BDF83800BB450390BDF83C0081
:102A800037D39A46B8F8063089468B4231D316467A
:102A9000127872B30D46DE46BAF80410D3463C46AF
:102AA000824603E0B8F804E0B8F8063004EB010C05
:102AB000F445BBF8060002DD3C460544ADB22844AF
:102AC0009842C4BF3C464D4674450CD89D420AD836
:102AD00003995B46009120462946CDF804A0FFF7F4
:102AE000F9F9BBF8041016F8012F0C44A4B2002A1F
:102AF000D8D105B0BDE8F08F88320020003918BF6A
:102B0000012141EC40007047034600B583B001222B
:102B10000DF1070103488DF8073004F06DFA03B09A
:102B20005DF804FB0080084003460A460148194648
:102B300004F062BA0080084030B5054600248E4695
:102B4000944685B00223294603AA009404488DF8D0
:102B50000CE08DF80DC0F3F7A1FC05B030BD00BF4F
:102B60005C1D002070B5044601250C4E86B02B4636
:102B70000DF10F028DF80F10304621460095F3F746
:102B80008DFC00222B460092214630460DF11702A3
:102B9000F3F78CFC9DF8170006B070BD5C1D00209B
:102BA00030B5054600248E46944685B0022329465A
:102BB00003AA009404488DF80CE08DF80DC0F3F7DB
:102BC0006DFC05B030BD00BF5C1D0020F0B54FF0BE
:102BD000010C04460D4F85B015461E460DF10F023F
:102BE0006346CDF800C08DF80F1038462146F3F744
:102BF00055FC4FF0000C33462A4621463846CDF8A6
:102C000000C0F3F753FC05B0F0BD00BF5C1D002011
:102C1000EEF764BB1A4B2DE9F0411D884FF001041B
:102C20002846EDF76BFB44EC4450164F3D88284690
:102C3000EDF764FB44EC4450134D2E883046EDF71D
:102C40005DFB44EC4460114EB6F800804046EDF761
:102C500055FB44EC4480B5F800804046EDF74EFB50
:102C600044EC44802B8844EC40304FF000033A8819
:102C700043EC4020328843EC4020BDE8F08100BFA7
:102C80006C31002064310020603100205831002078
:102C90002DE9F0410A24F0F70DFD1C211723324ADB
:102CA000324E1460324A1D2511601E201F2125223C
:102CB000336024232F4CDFF8E4802F4F25602F4C06
:102CC0002F4DC8F8000039602E482F4922602B6034
:102CD000F3F70EFAD8F800000121EDF7BFFA3868D3
:102CE0000121EDF7BBFAFFF795FF30680421EDF7FE
:102CF000B5FA012732684FF0640E4FF0400C002601
:102D00001F2A8ABFC2F34102C2F3420208321F499E
:102D100002EB82039B000A6003F1804202F5282245
:102D200016601B4996601B48D660C2F810E0C2F8D6
:102D300004C01760F3F78CFB28680321EDF78EFAC7
:102D400020680321EDF78AFA324639462868EDF704
:102D5000A3FA324639462068EDF79EFA0E48F0F79E
:102D6000F3FC3046BDE8F0816C3100205831002082
:102D70006431002060310020683100207031002073
:102D8000743100200080084080969800C4810020A3
:102D9000E09304005C1D0020088001105C310020DD
:102DA000642802D90F48F0F7CFBC0F4B0F4A1968BF
:102DB0004B081F298ABF03F0030303F007030833FE
:102DC00003EB83039B001A44CB0758BF4FF6FF71F8
:102DD000136844BF06490004434002F580520B408B
:102DE0001360704720800110583100200C800A4089
:102DF0000000FFFF70B530498AB004462F48FCF749
:102E00004BFE062105462046EDF728FA012322460F
:102E1000002100932948FCF7D5FE4FF48032EB1CCB
:102E20000592EA0142EA0332A302254903F4F8437A
:102E3000A40143F0005322F0C042052064F4F8449A
:102E4000CDE9083407910692EEF718FC07EE100A58
:102E50009FED1C6AB8EE477ADFED1B6AC7EE067A73
:102E600077EEA67ABCEEE77A17EE103A9BB203B380
:102E700007EE103AB8EE477ADFED146A77EEC77ABC
:102E800067EEA67AFCEEE77ACDED037A9DF80C406A
:102E900024020A4E44EA03442A4605AB0021304688
:102EA0000594FCF7D5FE336843F0010333600AB0A4
:102EB00070BD1C46EDE700BF2057021000002050F7
:102EC000000006700024F44A0000003B000080432C
:102ED0002DE9F04F334EDFF8D4B0DFF8D480324C18
:102EE00083B000217F2308468A46DFF8B89000258A
:102EF0000AF1010AABFB0A72AAEB020702EB5702C6
:102F00009708C7EBC707AAEB070707EB4707374444
:102F1000CDF804A07A78121A05FB02F288FB02CEE3
:102F20004FEAE27C3A78CCEB6E1CD21A05FB02F237
:102F30008444B87888FB02AE401A05FB00F0D21733
:102F4000C2EB6E121A4488FB003EC317C3EB6E132C
:102F5000D2B25FFA8CFC12020B4442EA0C42DBB2A2
:102F60001A4312026368DB03FCD40A202261013594
:102F7000EEF7B4F9642D06D099F8003099F8010005
:102F800099F80210C6E7DDF804A0BAF1070FA8D03F
:102F900099F8033099F8040099F8051009F103092C
:102FA000A5E700BF085702100000205025499224D1
:102FB0001F85EB51192008B5FFF71CFFFFF788FFAD
:102FC0000148FCF74BBF00BFB52F0110024B014673
:102FD000186800F00BB800BF08250020024B01461E
:102FE000186801F061BD00BF0825002001F10B0346
:102FF000162B2DE9F04F074683B023D8102900F295
:10300000AF8000F09DFA102518230220BC4E3344F7
:103010005C68A3F10802944200F08081636838463E
:1030200023F00303D4E902122344CA6091605A6872
:10303000083442F001025A6000F088FA204603B0DA
:10304000BDE8F08F002B23F00705C0F28980A9426C
:1030500000F2868000F074FAB5F5FC7FC0F0B48110
:103060006B0A00F08180042B00F27E81AB0903F132
:10307000390003F1380EC300A14E3344A3F1080C0C
:103080005C68A44507D10DE0002AE16880F2328136
:103090008C450C4606D0636823F003035A1B0F2AA5
:1030A000F2DD7046DFF870823469444500F0E78055
:1030B000636823F0030CACEB05030F2B00F3948142
:1030C000002BC6E9048880F28381BCF5007FD6F826
:1030D00004E080F029814FEADC0301224FEA5C1C06
:1030E000013302FA0CF256F833104EEA020E06EBE8
:1030F000C302083AC6F804E0C4E9021246F83340B5
:10310000CC6083104FF0010C0CFA03FCF44531D86D
:103110001CEA0E0F07D120F003004FEA4C0C0430DC
:103120001CEA0E0FF9D006EBC00A8146D646DEF83F
:103130000C300BE05A681C46DB6822F00302511B7E
:103140000F2900F31D81002980F231819E45F1D1C4
:1031500009F101090EF1080E19F0030FE7D167E13B
:103160000C233B60002469E74FF4007340204FF0CC
:103170003F0E81E7B468636823F00309A9EB0503F8
:103180000F2B02DDA94580F0A4805E4B08201B6850
:1031900003F1100804EB0903009301F03BFA5A4ACB
:1031A000A84483461368013305D008F1FF38434231
:1031B000804403EA08084146384601F00BFAB0F1B2
:1031C000FF3F8246504A79D0009B83425AD9B4428D
:1031D00074D14E4B0BF1FF3C186800EB080EC3F89E
:1031E00000E01168013100F07381009AAAEB02023D
:1031F00072441A601AF00702CDE9002300F0428100
:10320000C2F10802384692445A44D04408EA0C01FC
:10321000521A02EA0C0B594601F0DCF9421C019BE0
:1032200000F06E81A0EB0A0000EB0B08196848F073
:103230000102B442C6F808A05944CAF80420196033
:1032400032D0B9F10F0F40F20C816068A9F10C0285
:103250004FF0050C22F0070200F0010010430F2A86
:10326000606004EB0200C0E901CC1DD904F1080143
:103270003846009301F018FC009B196814E0D6F85A
:1032800004E03EE7214B0BF1FF3C196841448E46B8
:103290001960A6D1009810EA0C0FA2D109EB08031F
:1032A000B26843F001035360194B1A688A4238BF71
:1032B0001960184B1A688A4238BF1960B46862688E
:1032C00022F00302531B0F2B40F3CE80954200F2F5
:1032D000CB80621945F0010543F00103083444F83E
:1032E000045C3846B260536000F030F9204603B009
:1032F000BDE8F08FA26823443846D1608A6096E624
:10330000F8200020E8320020F0200020B832002011
:10331000E0320020E432002000210020DC68A342DB
:103320007FF47CAE0230BDE6BCF5206F4FEA5C2234
:103330006CD3142A00F2B98002F15C035B32DB002B
:10334000F118F3580839994203D191E09B689942EA
:1033500004D05A6822F003026245F7D8D968C4E95C
:1033600002318C60DC60CCE6142B56D9542B00F271
:10337000A5802B0B03F16F0003F16E0EC3007BE6FB
:10338000D4F808C03846671945F001056560CCF8E7
:103390000C30C3F808C041F00103C6E90477C7E95F
:1033A00002887B60A150083400F0D0F846E6224441
:1033B0003846516841F00101516054F8082FD3603C
:1033C0009A6000F0C3F839E6E80805F108031DE645
:1033D000A44438460834DCF8043043F00103CCF848
:1033E000043000F0B3F829E6621943F0010145F01A
:1033F000010538466560C6E90422C2E902885160C9
:1034000044F80C30083400F0A1F817E64FEA9C129B
:1034100002F139033832DB0092E703F15C0003F17B
:103420005B0EC30028E65AF80839534540F0858002
:1034300010F0030F00F1FF30F5D1736823EA0C039D
:1034400073604FEA4C0C0CF1FF329A4204D391E6C0
:103450004FEA4C0C09F104091CEA030FF8D0484666
:1034600061E60123CAF80430384600F06FF879E6C7
:1034700092104FF0010C0CFA02F24EEA020EC6F85E
:1034800004E06CE70AEB0802384602EA0C02ABEBF8
:10349000020B0BEA0C0B594601F09CF8431C019BF4
:1034A0007FF4C0AEDDF800B0C0E6542A13D84FEA6E
:1034B0001C3202F16F036E32DB0041E7B3F5AA7FE5
:1034C00013D8EB0B03F1780003F1770EC300D3E5BB
:1034D000C2F800A08EE6B2F5AA7F19D84FEADC3216
:1034E00002F178037732DB002AE740F2545293422C
:1034F00019D8AB0C03F17D0003F17C0EC300BBE5D2
:10350000009A4FF0000B083A9044A8EB0A088DE6A9
:1035100040F254539A420CD84FEA9C4202F17D0388
:103520007C32DB000CE74FF47E737F204FF07E0E81
:10353000A2E54FF47E737E2202E7736881E700BF45
:10354000014801F061B800BFB0320020014801F02D
:103550005FB800BFB0320020024B0A46014618682F
:1035600000F002B8082500202DE9F04F164683B080
:10357000002900F09E800C4606F10B058046FFF7FF
:10358000DFFF54F8040C162DA4F1080920F00307FE
:1035900062D8102200231546B542C0F0A280002B4D
:1035A00040F09F80974261DADFF828B309EB07010A
:1035B000DBF80830D1F804C08B4200F097802CF083
:1035C00001030B445B68DB0768D42CF0030C07EBAA
:1035D0000C03934245DAC30712D454F8083CA9EB14
:1035E000030ADAF8043023F0030084440CEB070BE1
:1035F0005A4540F3FE8007EB000B5A4540F3D48058
:1036000031464046FFF7F2FC0646002800F02981CB
:1036100054F8043CA0F1080223F001034B44934208
:1036200000F0B1803A1F242A00F2DF80132A00F252
:10363000B08003462246116819605168596092684B
:103640009A602146404601F02FFA4046FFF77EFF80
:10365000304603B0BDE8F08F25F007052A46EB0F92
:103660009AE71F46D1E90223D3609A60781BD9F804
:10367000043009EB07020F2803F001031FD83B4376
:10368000C9F80430536843F00103536026464046AE
:10369000FFF75CFF304603B0BDE8F08FC307AFD43F
:1036A00054F8083CA9EB030ADAF8043023F00300CD
:1036B000A1E7114603B0BDE8F04FFFF797BC2B43DD
:1036C00009EB050140F00100C9F80430083141F868
:1036D000040C4046536843F00103536001F0E4F9E1
:1036E000D4E70C23C8F800300026D3E72CF0030CF5
:1036F00005F110010CEB07038B4280F29280C007AA
:103700003FF57EAF54F8083CA9EB030ADAF8043021
:1037100023F0030084440CEB070399423FF76BAF9F
:103720003A1F5646DAF80C1056F8080F242AC160E2
:10373000886000F2B080132A40F2AB8021681B2A17
:10374000CAF808106168CAF80C1000F2AB8008349F
:103750000AF110022168116061685160A1689160EE
:103760005B1B0AEB0502404643F00103CBF808203F
:103770005360DAF8043003F001032B43CAF8043035
:10378000FFF7E4FE86E750F8043C23F003031F44F0
:103790006CE723681B2A03606368436036D804F132
:1037A000080200F1080346E73A1F5646DAF80C30E3
:1037B000242A56F8081FCB60996022D8132A1ED9F4
:1037C00023681B2ACAF808306368CAF80C303CD852
:1037D00008340AF1100322681A6062685A60A2680D
:1037E0009A6034465F46D14640E7214600F036F9FC
:1037F00027E7D1E902133A1FCB609960D5E733463A
:10380000E9E72146304600F029F9EAE7A368242ACF
:103810008360E368C36028D004F1100200F1100354
:1038200009E75B1B09EB05024046264643F001030E
:10383000CBF80820536054F8043C03F001032B43F9
:1038400044F8043CFFF782FE24E7A368242ACAF860
:103850001030E368CAF8143010D010340AF118039D
:10386000B9E74046FFF772FE3EE7236904F118020C
:1038700003616369436100F11803DCE623691834CE
:10388000CAF8183054F8043CCAF81C300AF1200376
:10389000A1E732465EE721463046019300F0DEF8AC
:1038A000019B5DE7A168242ACAF81010E168CAF8F4
:1038B000141003D010340AF118024BE722691834AF
:1038C000CAF8182054F8042CCAF81C200AF1200267
:1038D00040E700BFF82000202DE9F04F82468E46D9
:1038E0003F4875461EF801BB10F80B4014F0080461
:1038F000F7D1BBF12D0F5BD0BBF12B0F6FF000495F
:1039000004BF9EF800B005F1020E33F0100010D194
:10391000BBF1300F04D0002B5ED10A231F4609E013
:103920009EF8000000F0DF0058284ED0002B53D145
:1039300008231F460025B9FBF7F6284607FB169813
:103940000EE0ABF1370C63451DDD002D04DB864234
:1039500002D321D1E0451FDA4FF0FF351EF801BB3D
:10396000ABF1300CBCF1090FEDD9ABF1410CBCF15E
:10397000190FE6D9ABF1610CBCF1190F03D8ABF10B
:10398000570C6345E1DC6B1C0AD004B140420AB11C
:10399000CDB91160BDE8F08F07FB00C00125DDE760
:1039A0002223CAF800305AB10EF1FF314846F0E741
:1039B0009EF800B04FF0004905F1020E0124A4E783
:1039C0004846BDE8F08F8146EEE710239EF801B02F
:1039D0000EF1020E1F46ADE710231F46AAE700BFF7
:1039E00031570210242B03D8012B01D0FFF774BFED
:1039F00010B500F001FE16230360002010BD00BFCB
:103A0000032A30B415D941EA000484460B46A407C2
:103A100004D0541E0FE0043A032A08D91946604620
:103A200053F8044B5CF8045BA542F4D0F1E7604620
:103A30001946541E7AB1431E0139021901E09A4217
:103A400009D013F8010F11F801CF6045F7D0A0EBB2
:103A50000C0030BC7047002030BC704788420ED943
:103A60008B1883420BD900EB020C002A6ED0624601
:103A700013F801CD994202F801CDF9D170470F2A10
:103A80000FD8034602F1FF3C002A5FD00CF1010C75
:103A9000013B8C4411F8012B614503F8012FF9D14A
:103AA000704740EA01039B0751D1A2F1100301F1D5
:103AB000200C70B523F00F0501F1100E00F1100479
:103AC0001B09AC445EF8105C0EF1100E103444F883
:103AD000205C5EF81C5C44F81C5C5EF8185C44F8E2
:103AE000185C5EF8145CE64544F8145CEAD10133D6
:103AF00012F00C0F02F00F0C01EB031100EB03139B
:103B000029D0ACF1040C1C1F8E462CF003064FEAA2
:103B10009C0C1E445EF8045B44F8045FB442F9D187
:103B20000CF1010402F0030203EB840301EB8401B6
:103B300002F1FF3C4AB10CF1010C013B8C4411F83D
:103B4000012B614503F8012FF9D170BD704702F1D7
:103B5000FF3C03469AE76246EAE700BF70B5860776
:103B600047D0541E002A3ED0CAB2034601E0013CB1
:103B700039D303F8012B9D07F9D1032C2CD9CDB2F1
:103B80000F2C05EB052505EB054535D9A4F1100CE7
:103B900003F1100E1A462CF00F064FEA1C1CB64417
:103BA000C2E90055C2E9025510327245F8D10CF154
:103BB000010214F00C0F04F00F0C03EB021213D0EF
:103BC000ACF1040323F003030433134442F8045B11
:103BD0009342FBD10CF003042CB1C9B21C4403F88E
:103BE000011BA342FBD170BD64461346002CF4D1E7
:103BF000F9E703461446C0E71A46A446E0E700BFCB
:103C000011F0FF01034600F0030239D08ABB10B562
:103C100001EB012E02680EEB0E4EA2F101338EEA8B
:103C2000020423EA0203A4F1013222EA040213434C
:103C300013F0803F0FD150F8044F84EA0E0CA4F12A
:103C40000133ACF1013223EA040322EA0C021343EC
:103C500013F0803FEFD0037823B936E010F8013F2E
:103C6000002B32D09942F9D110BD8A4228D09A0750
:103C700029D01A7818460133002AF6D11046704729
:103C8000CAB90268A2F1013323EA020313F0803FAC
:103C900008D150F8042FA2F1013323EA020313F0F4
:103CA000803FF6D003785BB110F8013F002BFBD1C9
:103CB0007047990705D0184613F8012B002AF8D150
:103CC00070471846DDE71846A1E7184610BD00BF4B
:103CD00040EA01039B0730B501D1032A17D8844677
:103CE00001F1FF3E07E01EF8011F541E03F8011BFF
:103CF00029B122469C466346002AF4D130BD002CEF
:103D0000FCD0944403F8011B6345FBD130BD0C4645
:103D10008446256821460434A5F1013323EA0503CE
:103D200013F0803FDCD1043A4CF8045B032AF0D84E
:103D30002146D5E72DE9F0410C46074602F030FD5B
:103D400006462146384602F02FFD4369044699078E
:103D500003F26C780AD1804A804B02FB083302F1EF
:103D60008042013AB2EBB30FC0F0AB807C4A82FBD9
:103D700008324FEAE873C3EBE2134FF4C87202FB58
:103D80001383002B0CBF30250025764B1D4400F01B
:103D9000CBF900F0D5F9744B1B68A3B173684345A8
:103DA00040F091803068D7E90013D6E90872002806
:103DB00040F09380B94273EB0202C0F29C80012371
:103DC0002362376D01E02362B76A684AFE174FF439
:103DD000616C674982FB073220683A44C6EBE223F4
:103DE000C6EBE2260CFB137381FB0312D9171A44AE
:103DF000C1EB62116268521AC1EB0111A3EB81039E
:103E0000C01AA3683B28A3EB0603C4E90002A36021
:103E100050DD01323C38C4E900023B2A43DD013366
:103E20003C3AC4E90123172B1FDD183B2069D4E974
:103E30000621A3600132E3680131072A03F101037F
:103E4000E161A8BF0022E360A26155F820209342FF
:103E500006DD9B1A0B2800F10102E36044D02261C9
:103E600000F068F92046BDE8F081002BF8DA18333D
:103E7000D4E90621A360013AE36801F1FF3148BFAC
:103E80000622013BE161A261E360002BE8D12369D6
:103E9000013B3CD49A002361AB58E36000F04AF93F
:103EA0002046BDE8F081002ABDDA013B3C32C4E97E
:103EB0000123B8E70028B0DA013A3C30C4E9000237
:103EC000ABE7302561E7404600F056F800287FF464
:103ED00069AF4FF0FF33236276E7B94273EB02021A
:103EE00009DA002323626FE763690022013322614C
:103EF000E2616361B4E7B26C9142F26C9341B4BF8A
:103F0000012300232362002B7FF45BAF5CE763692E
:103F10000B215A1E216103F26B73626192070ED16D
:103F20000D490E4A01FB032201F180410139B1EB39
:103F3000B20F04D240F26D132C22E361ACE7074AC2
:103F4000054901FB03230B4AB2EB331F2CBF0123AE
:103F5000002303F5B673EFE7295C8FC250B81E0546
:103F60001F85EB513458021058340020C5B3A2917C
:103F7000898888880AD7A3002DE9F047044602F013
:103F80000FFC40F2B1739C4240F3AD806FF4F667D2
:103F900086465E4AA4F26D7304EB070CA4F2B2717C
:103FA000446040F26D104FEAAC0C6FF4C8690EF13A
:103FB000500500FB01CC82FB0301DB175448A3EB47
:103FC00061139C4404EB0903A2FB032372460CEB30
:103FD000D31C117A53694A2922D044293FD1634422
:103FE000916928321768CE17C3FB0016C91946EB32
:103FF000E776954242E90216EBD1DEF82000DEF8C2
:104000004810DEF824308842DEF84C204FF00100E2
:104010009341B4BF03460023CEF80030BDE8F087DB
:10402000A6070CEB03010ED13A4F3B4E07FB04668B
:1040300007F18047013FB7EBB60F04D23B2BC8BF57
:1040400001314B1ECCE7334F334E07FB0466334F31
:10405000B7EB361FF5D33B2BC8BF0131F1E7A10702
:1040600044D02A4E86FB0416E117C1EBE6114FF44B
:10407000C87606FB114100290CBF4FF030084FF005
:10408000000827498844D16801293CDD4FEA810AAC
:104090006646A8F10401AAF10809C14451F8047F59
:1040A00089453E44FAD1AAF104018844311D1D4FCF
:1040B00087FB0179CF178944C7EBA907C7EBC7076F
:1040C000C91BD8F80070591A136903F1FF3348BFB0
:1040D0000731C3EBC3030B44BB4202DB073BBB42CC
:1040E000FCDA33447CE70020BDE8F087094E0A493A
:1040F00006FB041106F18046013EB6EBB10FB0D2CB
:104100004FF03008BDE76646D0E700BF1F85EB5192
:1041100080510100295C8FC250B81E050AD7A30048
:104120003458021093244992014800F06BBA00BF42
:10413000B4320020014800F069BA00BFB432002058
:10414000014B186800F002B8082500202DE9F04F57
:1041500005468FB002F024FBBD490446284600F016
:10416000DFFD8046002800F02E81BA4E316821B173
:1041700000F05EFA002841D031680846EDF71EFED7
:10418000404600F007FC014628460131FEF72EFFAD
:10419000306010B1414600F029FBAF4A0023AF4D1B
:1041A000AF4EB04F3360A36223653B60C5E9002288
:1041B0004A22C4E90333C4E90533C4E90D33C4E931
:1041C0000F332272002384F830200022C4E9082330
:1041D000C4E9122398F800303A2B12D03C2B16D0A9
:1041E0000DF1300BA04AA14940465B4600F042FE6B
:1041F000002803DD0C98C21E072A1ED90FB0BDE8A7
:10420000F08F98F8013008F101083C2BE8D108F153
:1042100001090DF1300B944A95495B46484600F080
:1042200029FE0028EADD0C98C21E072AE6D819F8F4
:1042300000203E2AE2D108F1020818F8002008EB1D
:1042400000092D2A00F0E6802B2A4FF0010808BF54
:1042500009F101090AAB00228649484602930DF193
:104260002603ADF8262000935B46ADF8282009AA66
:10427000CDF80CB0CDF804B000F0FCFD0028BDDD99
:10428000BDF826204FF4616CBDF82400C2EB02118A
:10429000BDF8282002EB81020C990CFB002208FBE0
:1042A00002F319F8012089443C2A069300F0E880C3
:1042B0005B46714A6D49484600F0DCFD002840F33A
:1042C000FA800C9AD11E072998D819F8021009EB28
:1042D00002082D2900F0A3802B294FF0010908BF07
:1042E00008F101080AAB002262494046ADF82420DB
:1042F000ADF82620ADF828200C9209AACDF80CB014
:10430000CDE901B30DF1260300935B4600F0B2FD49
:10431000002840F3E480BDF826204FF46160C2EB32
:104320000211BDF8282002EB8102BDF8241000FB29
:10433000012209FB02F20C990023A246079288444D
:10434000059398F80090B9F12C0F03D198F80190DB
:1043500008F10108B9F14D0F00F0C580B9F14A0F1D
:104360004FF00A020DA90CBF08F101084FF04409F3
:10437000404600F073FD0D9BADF82E00434500F064
:10438000A18080B28AF80890CAF8140098464FF0CD
:1043900000094FF00203ADF82690ADF82430ADF8D7
:1043A0002890CDF8309098F800302F2B00F0C8807E
:1043B0004FF4E153CAF818300AF1280A059B9BBB59
:1043C00001230593BDE72D4A4A21244B2448214D62
:1043D000C0F80080C4F82880286884F83010C4F839
:1043E0005080C3E90022002200232172C4E908237F
:1043F000C4E912231B4BC4E90388C4E90588C4E956
:104400000D88C4E90F88C3F80080EDF7D7FCC5F824
:104410000080F3E609F101094FF0FF381AE708F1CF
:1044200001084FF0FF395DE7DDE906326068A362FD
:104430000D4B22652B60104B6B60FFF79DFDA26A50
:10444000236D32609B1A18BF01233B60D6E600BF84
:1044500034800110B4810020F47C0110002500207C
:104460007C3400205834002030340020508001106B
:104470003C8001106080011024340020388001103D
:1044800009F1010A5B464E4A4E49504600F0F2FCE3
:1044900000280CDD0C9AD11E07293FF6AFAE1AF8A2
:1044A00002103E297FF4AAAE09F102090DE799F83E
:1044B00001203E2AEED1444BC5E90033069BA3629E
:1044C00033609BE6059A002A5BD04D220B2184F8CD
:1044D00030200122C4E90D120022E26356E7069B58
:1044E000A3F5616227E70DF12E030DF12A0237498A
:1044F000404602930BABCDF80CB000935B46CDF871
:1045000004B000F0B7FC03287FF478AEBDF82A3081
:104510005A1E0B2A3FF672AEBDF82C20511E0429FC
:104520003FF66CAEBDF82E1006293FF667AE8AF84E
:104530000890CAF81410CAE903320C9B984426E785
:104540000AAB09AA22494046CDF80CB0CDE901B327
:104550000DF1260300935B4600F08CFC484518DD06
:10456000BDF826304FF46161C3EB0312BDF828306B
:1045700003EB8203BDF8242001FB02330C9A904424
:1045800018E762614D22032022720222C4E903026D
:10459000FCE64A2100220023C4F82890217284F806
:1045A0003010C4F85090C4E90399C4E90599C4E9EE
:1045B0000823C4E90D99C4E90F99C4E912231DE643
:1045C000243400203C80011030340020748001101D
:1045D0008880011038B50022064D044608462A603E
:1045E000EEF722FF431C00D038BD2B68002BFBD018
:1045F000236038BD303B0020014B1868704700BF76
:1046000008250020704700BF704700BF704700BFFB
:10461000704700BF082802D14FF48050704708B59A
:10462000FFF7EAFF162203464FF0FF301A6008BD7D
:1046300080EA010C1CF0030F37D110F0030C20F0BE
:10464000030021F0030150F8042B08BF51F8043B8C
:104650000ED08CF0030C6FF07F434FEACC0C23FAA2
:104660000CFC51F8043B42EA0C0243EA0C0300BF85
:10467000A2F1013C9A4201BF2CEA020C1CF0803FDF
:1046800050F8042B51F8043BF2D04FEA02604FEA95
:104690001222012828BFB0EB036F08BF1B0AF4D019
:1046A00003F0FF03000EC01A704710F0030F0AD08A
:1046B00010F8012B11F8013B012A28BF9A42F4D0CF
:1046C000A2EB030070474DF8045D50F8042B01F095
:1046D000030521F0030151F8043B022D26D04DD8EB
:1046E00022F07F45B5EB132FA2F1013C2CEA020C1E
:1046F0000DD11CF0803C08BF51F8043B0AD185EA7B
:104700000205B5EB036F0CD150F8042BE8E74FEA34
:1047100013235BE03CF07F4C54D10B784FEA1265D9
:1047200054E04FEA126503F0FF034FE04FEA024501
:10473000A2F1013C4FEA15452CEA020CB5EB134FF0
:1047400018D11CF0803C08BF51F8043B07D185EA22
:104750000205B5EB034F09D150F8042BE6E75FEAF9
:104760000C4C2FD10B884FEA12452FE04FEA034340
:104770004FEA12454FEA134328E000BF02F0FF055D
:10478000B5EB136FA2F1013C2CEA020C0DD11CF029
:10479000803C08BF51F8043B0AD185EA0205B5EB1D
:1047A000032F0AD150F8042BE8E74FEA13630DE01A
:1047B00012F0FF0F06D051F8043B4FEA122523F008
:1047C0007F4303E04FF0000020BC704705F0FF027C
:1047D00003F0FF00012828BF904204BF2D0A1B0AE6
:1047E000F4D0A2EB000020BC704700BF80EA0102B9
:1047F000844612F0030F4FD111F0030F32D14DF860
:10480000044D11F0040F51F8043B0BD0A3F1013219
:104810009A4312F0803F04BF4CF8043B51F8043B2C
:1048200016D100BF51F8044BA3F101329A4312F0A4
:10483000803FA4F101320BD14CF8043BA24312F0AB
:10484000803F04BF51F8043B4CF8044BEAD02346A8
:104850000CF8013B13F0FF0F4FEA3323F8D15DF85A
:10486000044B704711F0010F06D011F8012B0CF822
:10487000012B002A08BF704711F0020FBFD031F89A
:10488000022B12F0FF0F16BF2CF8022B8CF8002021
:1048900012F47F4FB3D1704711F8012B0CF8012BA4
:1048A000002AF9D1704700BF844641EA000313F0A3
:1048B000030349D1403A23D30B6803604B6843603C
:1048C0008B688360CB68C3600B6903614B6943618C
:1048D0008B698361CB69C3610B6A03624B6A436274
:1048E0008B6A8362CB6AC3620B6B03634B6B43635C
:1048F0008B6B8363CB6BC36340304031403ADBD278
:1049000030320BD30B6803604B6843608B68836065
:10491000CB68C36010301031103AF3D20C3205D39B
:1049200051F8043B40F8043B043AF9D2043208D071
:10493000D2071CBF11F8013B00F8013B01D30B88E3
:1049400003806046704700BF082A13D38B07B1D09D
:1049500010F00303AED0C3F10403D21ADB071CBF6F
:1049600011F8013B00F8013BA4D331F8023B20F8D9
:10497000023B9FE7043AD9D3013A11F8013B00F812
:10498000013BF9D20B7803704B7843708B788370BE
:104990006046704720F0030110F00300C0F10000F2
:1049A00051F8043B00F1040C4FEACC0C6FF000020C
:1049B0001CBF22FA0CF213434FF0010C4CEA0C2CF2
:1049C0004CEA0C4CA3EB0C0222EA030212EACC12D2
:1049D00004BF51F8043B0430F4D0C2F1000102EAF4
:1049E0000102B2FA82F2C2F11F0200EBD20070475C
:1049F0002DE9F8430646DFF8AC8008208946FFF72A
:104A000009FE05463046FEF79BFDD8F808305F6882
:104A100027F00307A7F11104A4EB09042C44B4FB0D
:104A2000F5F4013C05FB04F4A54208DC0021304606
:104A3000FFF7D0FDD8F808303B44984205D0304607
:104A4000FEF784FD0020BDE8F88361423046FFF7A1
:104A5000C1FD01300FD03F1B104AD8F80830304656
:104A600047F001075F6013681B1B1360FEF76EFDC4
:104A70000120BDE8F88300213046FFF7ABFDD8F8F0
:104A80000820831A0F2BDADD43F00103034953603A
:104A9000034B1B68C01A0860D1E700BFB832002082
:104AA000F0200020F820002000297CD02DE9F041E2
:104AB0000C468046FEF744FD764F54F8043CA4F1C2
:104AC0000805BE6823F0010168184268864222F09A
:104AD000030200F08380DE0700EB020C426033D457
:104AE00054F8084CDCF8043007F1080C2D1B214465
:104AF00003F00103AC68644564D0D5F80CE0C4F859
:104B00000CE0CEF80840002B00F0818041F001035A
:104B10006B600160B1F5007F22D2CB080122490908
:104B200001338A4079680A4357F833107A6007EBFB
:104B3000C302083AC5E9021247F83350CD60404637
:104B4000BDE8F041FEF702BDDCF80430DB072BD5F1
:104B500041F00103B1F5007F44F8043C0160DCD36F
:104B6000B1F5206F4FEA512353D28B0903F139007D
:104B700003F13802C300F818FB580838984203D1F3
:104B800061E09B68984204D05A6822F003028A428E
:104B9000F7D8D868C5E9023085604046DD60BDE8D9
:104BA000F041FEF7D3BC7047114407F1080C83684D
:104BB00063453FD0C268DA60936041F001036B60E7
:104BC0006950A7E7002B5FD10A44D0E90213CB60FC
:104BD000996042F001036B60AA50B0E7DB070A441A
:104BE00007D454F8083CED1A1A44D5E90213CB60F7
:104BF000996042F001036B60274BBD601B689342D4
:104C00009DD8264B40461968FFF7F2FE97E71144FE
:104C1000CDE7142B08D9542B1DD80B0B03F16F00D3
:104C200003F16E02C300A6E703F15C0003F15B022F
:104C3000C300A0E741F00103C7E90455C5E902CC70
:104C40006B6069507BE70121921001FA02F27968EA
:104C50000A437A609EE7B3F5AA7F06D8CB0B03F12F
:104C6000780003F17702C30085E740F25452934283
:104C700006D88B0C03F17D0003F17C02C3007AE7B8
:104C80004FF47E737E2276E741F001036B60016092
:104C900055E700BFF8200020F4200020E832002073
:104CA0002DE9F047DFF8749080460E46174601F074
:104CB0005FFED9F800504DB13378344663B13D2BD7
:104CC0000AD014F8013F3BB13D2BFAD1404601F028
:104CD00055FE0020BDE8F0873D2BF7D02868A41BC7
:104CE0000028F3D02246314601F01AFD28B9286881
:104CF000035D00EB040A3D2B04D055F8040F002897
:104D0000F0D1E3E7D9F800304046ED1AAD103D6030
:104D100001F034FE0AF10100BDE8F08714280020FC
:104D200000B583B001AAFFF7BBFF03B05DF804FB39
:104D30002DE9F04780460C464548264614F801EB1D
:104D400010F80EC01CF0080CF7D1BEF12D0F5BD08F
:104D5000BEF12B0F3AD0654633F010003ED04FF035
:104D6000FF379A46B7FBF3F703FB07F96FEA090928
:104D7000002630460EE0AEF1370C63451DDD002EF7
:104D800004DBB84202D833D1CC4531DD4FF0FF36D9
:104D900014F801EBAEF1300CBCF1090FEDD9AEF116
:104DA000410CBCF1190FE6D9AEF1610CBCF1190F41
:104DB00003D8AEF1570C6345E1DC731C1CD005B180
:104DC00040420AB1F6B91160BDE8F08733F0100037
:104DD00094F800E0654606F10204C0D1BEF1300F40
:104DE00017D06BBB0A234FF005091A4F9A46BFE74D
:104DF00000FB0AC00126CBE722233046C8F800306A
:104E0000002AE1D0611EDEE794F800E00125B41C21
:104E1000A2E7207800F0DF00582807D083B90823E4
:104E20004FF007096FF060479A46A1E7102394F806
:104E300001E04FF00F0902346FF070479A4697E790
:104E400010234FF00F096FF070479A4690E700BFAC
:104E50003157021099999919FFF76ABF10B4044CA1
:104E600013460A46014620685DF8044BFFF760BF11
:104E7000082500200EB470B59DB000254FF40172D6
:104E800021AC1B95ADF8142054F8046B02900690E9
:104E9000FFF780FD0B4903464FF6FF7032460A913B
:104EA0000949ADF81600039307932346086802A941
:104EB0000E951395019400F099F81DB0BDE870406F
:104EC00003B07047A96601100825002038B54B1CB7
:104ED0001AD0938914465268CDB223F02003A381DF
:104EE000236BA3B1636B934209DD23685A1E2260D2
:104EF00003F8015C636801336360284638BD2146CE
:104F000001F0D4FB0028F0D04FF0FF35F5E723691E
:104F100021682BB18B4203D211F8013CAB420ED079
:104F2000234604F14000C4E90E120321012220634C
:104F30002846616303F8425FC4E9003238BD013995
:104F40000132C4E90012D8E72DE9F04F834685B05D
:104F500002FB03F00E9C0193A0B388460646D4E9F9
:104F60000015A84223D94FF0000904F1400ACDE909
:104F7000020240462A46FFF797FC2168236B5846F9
:104F80004F19A8441946C4F8049027603746761B89
:104F9000DBB1534501D0FFF787FDE06BC4F83090DB
:104FA000606090B1A16BB04205462160E1D332460A
:104FB0004046FFF779FC0198D4E90032921B334454
:104FC000C4E9003205B0BDE8F08FDDE90202A38933
:104FD000284443F02003C01BA3810023B0FBF2F060
:104FE0002269C4E9002305B0BDE8F08F2DE9F04F38
:104FF000E5B08B4602AFC7E90E02B1F90C203B6267
:1050000094044B6E05D442F4005223F400538A8179
:105010004B669804C3F3403401F12B8008222146EB
:1050200007F14800A246FEF799FD0BF14003FC6230
:105030007C623C63BC61C7E904437C4BD3F8E44029
:1050400001F090FC07F14802034607F14401009289
:10505000FA6BB86BA047002849DBFB6B01460344A1
:10506000FB637B6C002B00F0BF8001284ED0252B0A
:1050700055D00028E1D0FB6B01385E1ADBF8043014
:105080001A463418751E002A16DDDBF80030187831
:10509000691C6A780133904240F0A680DBF8042056
:1050A000A142CBF8003002F1FF32CBF8042000F02F
:1050B000AC80002A0D46E8DCDBF83030B86B1946CE
:1050C000002B00F0C0877A69934201D0FFF7ECFC17
:1050D000DBF83C300022CBF80430CBF83020002B3A
:1050E00000F0B187DBF83830CBF80030CFE74FF66F
:1050F000FD730822002107F148007B64FEF72EFDB6
:10510000FB6B0133FB637B6C002B6DD0484AD25C98
:10511000110700F1F2830120252B0146ABD10024B9
:10512000FE6B22463578A5F1250306F10108552BC3
:105130005AD8DFE813F0F306590059005900590016
:105140004A065900590059005900590051055105A6
:10515000510551055105510551055105510551059F
:105160005900590059005900590059005900590077
:1051700059007F0038015900590059005900590061
:10518000590059006F005900590062015900590037
:105190005900A8015900590059005900A8055900A3
:1051A0005900870659005900590059005900590003
:1051B000590081003A015900590059007606EA0663
:1051C0006F005900940655066306640152065900A3
:1051D0005900AA017600430659005900A805590054
:1051E00076004FF0FF333B63FB6A43B1FB6A1868FC
:1051F0003B6B013300F0528108B1ECF7DFFD386BF7
:1052000007F5C677BD46BDE8F08F02355544A5EBDE
:10521000060A12E72307E7D1757844F002044646F0
:1052200081E72507E0D1757846467CE7A82600206F
:105230003157021044F0010444F040040026C7F83E
:105240003C80DBF80430002B41F3D981600641F14A
:10525000D281022E00F0F282032E00F01382012E82
:1052600000F03481012A38BF012214F001031646F0
:1052700004F01002BA6200F07783002A40F09C86A6
:105280003B6A200653F8042BBA603B6241F14B8025
:10529000002AA9D08020ECF757FD80460028A0D036
:1052A000BB681860FB6ADC889D88AC4280F03F8751
:1052B0001868BB68FA6A40F82430631CC7F81C8081
:1052C000D3802023FB60002407F160093B697B63E6
:1052D00001F048FBA04200F0C1867B6B07F1580546
:1052E000DBE90021032B12F8010B01F1FF3109F872
:1052F000040004F10104CBF80410CBF8002002D123
:105300002B68042B04D0082200212846FEF726FC37
:105310000095234641464A46B86B01F0D7FC411C34
:10532000034600F09B86002840F05286BA6AA244E9
:10533000013EE2B9C8F80020F869FD68A8EB000456
:10534000B5EBA40F11D8BA687AB1E9007B63ECF72A
:1053500017FD0146F86100283FF443AFBB6800EB3E
:105360000408680019607B6BF86008F10408DBF83A
:1053700004200024002A40F34184002EA7D13B6181
:10538000FB69A8EB0301FB68B3EBA10F03D9BB6872
:10539000002B40F08187BB6A002B7FF44EAE3B6B45
:1053A00001333B6349E644F00104B24B0326BB6181
:1053B0000A237B62DBF80430002B29DCDBF8301099
:1053C000002900F040860BF14003994204D0B86BED
:1053D000FA63FFF769FBFA6B0023CBF83030DBF898
:1053E0003C30CBF80430002B00F02D86DBF8383051
:1053F000C7F83C80CBF8003028E744F001049E4B0E
:105400000326BB6108237B62DBF80430002BD5DD6B
:10541000DBF80000994D0378EB5C190741F13C8003
:105420000BF140037C634FF000095446FA63C24617
:10543000B0462E461D4606E0CBF800000178715CB0
:105440000B0740F15282DBF80410013401300139BE
:105450000029CBF80410EFDCDBF83030B86B1946CC
:10546000002B00F0F085AB4201D0FFF71DFBDBF80D
:105470003C10CBF83090CBF80410002900F0E38505
:10548000DBF83800D8E744F00104022692E73B6BD2
:1054900023B1BBF80C305B067FF5A8AEFB6ADE8853
:1054A00018687EB10024051F8146A04655F8043FC8
:1054B00001341868ECF782FC2B68A642C3F8008020
:1054C000F4D148464FF0FF333B6395E6002A04F0E1
:1054D000100308BF4FF0FF3214F00105FB6100F02C
:1054E0008282002B40F01E853B6A200653F8041B85
:1054F00079603B6240F10A877A6300293FF474AE19
:105500008020ECF721FC7A6B804600283FF469AEDE
:105510007B681860FB6ADC889D88AC4280F0468618
:1055200018687B68C7F80C8040F824300134FB6AA7
:10553000DC802023BB60C7F834A000253C6992467C
:1055400001F010FA854200F08985032C07F150091B
:10555000DBE9003202F1FF3213F8011BCBF8042023
:1055600007F16002CBF80030515505F1010503D178
:10557000D9F80030042B04D0082200214846FEF759
:10558000EDFACDF8009041462B4607F16002B86B6A
:1055900001F09CFB411C044600F06085002840F0AF
:1055A00027850646C8F8000007F1580308220021A5
:1055B0001846BB62FEF7D2FA31493246BB6AD1F8CF
:1055C000E06007F14001B86BB04701280CBF97F8C5
:1055D0004060002607F188039B5D002B00F0B78632
:1055E0007B6B032C2B447B6300F00C850AF1FF3AA4
:1055F000FB69BBB908F10408F868BE68A8EB0005B0
:10560000B6EBA50F0ED87B6863B1F100ECF7B8FBE1
:10561000F86000283FF4E5AD71007B6800EB0508F9
:10562000B9601860DBF804300025002B40F30C83D0
:10563000BAF1000F84D1D7F834A03C61FB69002B8C
:105640007FF4FBACC8F80030FB68BA68A8EB030134
:105650008B1001339A427FF6A2AE7C68002C3FF497
:105660009EAE04312068ECF78BFB00283FF497AE28
:10567000206094E6E5390110594E011031570210AF
:10568000A8260020531E44F45864262B40F269815A
:10569000A2F1270927220BF140034FF00008C7F8B9
:1056A000349007F160051E46914643465246D7F8AE
:1056B00024A0DBF8001091F800C0ACF12B004D28BD
:1056C0003CD8DFE800F0793B793B3B85676767674B
:1056D0006767677E7E3B3B3B3B3B3B3B2727272760
:1056E00027273B3B3B3B3B3B3B3B3B3B3B3B3B3B32
:1056F0003B3B3B6D3B3B3B3B3B3B3B3B2727272718
:1057000027273B3B3B3B3B3B3B3B3B3B3B3B3B3B11
:105710003B3B3B6DBAF10A0F10DD24F4386405F809
:1057200001CBDBF8040001380028CBF804006CDD65
:105730000131B9F10109CBF80010BAD1C7F824A0A2
:105740009246E10509D507F160039D4200F2AE8261
:1057500007F160039D423FF447AD14F0100213D1EE
:105760007B6A07F160012A70B86BBE69B0473B6A7B
:10577000A20603F1040940F192821B6818603B6B9A
:10578000C7F8209001333B6307F16003ED1A4544ED
:10579000AA4452E4B54824F4386430F91AA0BEE7AC
:1057A00004F4C060B0F5007FC8D124F400744FF059
:1057B000100A44F4A064B2E72006BFD524F08004A8
:1057C000ADE7AA4830F91AA0BAF1080FA5DCB5E791
:1057D0002005A4D5BAF1000F03D144F400744FF0B2
:1057E000080A600500F15882786B24F4607418B1DF
:1057F000013809F101097863DBF8040008F10108B8
:1058000001380028CBF8040092DCDBF830100029C6
:1058100000F05E86B14205D0B86BBA62FFF744F97A
:10582000BA6A0023DBF83C10CBF83030CBF8041018
:10583000002900F04D86DBF838107AE7002A04F0E2
:10584000100808BF4FF0FF32E60740F14381B8F17E
:10585000000F40F070833B6A250653F8049B3B62BF
:1058600040F169857A63B9F1000F3FF4BDAC802047
:10587000ECF76AFA7A6B034600283FF4B2ACF96A97
:10588000C9F80000CC888D88AC4280F07984086823
:10589000F96A9E4640F824904FF0200C0134CC80E9
:1058A000DBF80010724D09786E5C16F0080600F007
:1058B0000582B8F1000F7FF4C0ABA3EB0E01C3F873
:1058C00000808A10013294457FF669ADB9F1000F6E
:1058D0003FF465AD0431D9F80000ECF751FA002827
:1058E0003FF45DADC9F8000059E54646D046FA6B75
:1058F000A246C7F83C807C6BABE4DBF804200BF1DC
:1059000040050024BE6B11E0DBF800301A7801334B
:1059100057498A5C12077FF590ABDBF804200AF147
:10592000010ACBF80030013ACBF80420002AEBDC66
:10593000DBF8303030461946002B00F06984AB426A
:1059400001D0FFF7B1F8DBF83C30CBF83040CBF8B2
:105950000430002B00F05C84DBF83830CBF80030EA
:10596000D4E74FF0000996E6BA6A002A40F0EA82CE
:105970003B6A240653F8045B3B6240F1A583002D8B
:105980003FF432AC3046ECF7DFF90446002800F073
:105990006C83FB6A2860B3F806809A88904580F093
:1059A00065841868FB6A214640F8285008F1010810
:1059B0000122A3F806803346CDF800B0B86BFFF79C
:1059C000C3FA044600283FF462AD864205D9014679
:1059D0002868ECF7D5F900B128603B6BA24401338D
:1059E0003B63FFF72ABBFB69002B40F04482396A16
:1059F00014F0800451F8043B396200F08F84BA62DD
:105A00007B63002B3FF4F0AB2020ECF79DF90546BB
:105A1000002800F02A83F96A7B6BCC888E88BA6AEA
:105A2000B442186080F096830868F96A202640F82E
:105A300024300134CC80DBF8000007F188080178BD
:105A400018F8011000293FF4CFABB3F100090BF1B6
:105A50004001C7F81CA02C4618BF4FF00109B24600
:105A6000B9624E467B63C146904622E094580210CC
:105A70003157021066B34FEA4A0A20465146ECF706
:105A80007FF90446002800F0F0827B6B0544186023
:105A9000B8F1010800F0F682DBF80410002940F3A9
:105AA000B882DBF80000017819F80110002900F035
:105AB000E9822946DBF80450013DCBF80450451C2F
:105AC000CBF80050007801F8010B0D1BAA45D1D985
:105AD0000D46DDE7B8F1000F40F06C843B6A14F02E
:105AE000800453F8048B3B6200F06D827A63B8F156
:105AF000000F3FF479AB2020ECF726F9044600288C
:105B000000F0B382FB6A7A6BDD889E88C8F80000DB
:105B1000B54280F0E6821868FB6A40F825800135BE
:105B2000DD8001237B632023DBF80000C34D017877
:105B3000695C090700F1E98291462A4626461D461E
:105B40005346C2469046DBF80420013ACBF80420C5
:105B5000421CCBF80020027804F8012BA21B9542CE
:105B6000BA6210D87A6B72B16D003046FB6129467B
:105B7000ECF706F90646002800F07782BA6AFB695E
:105B80008418CAF80000B9F101090BD0DBF8042031
:105B9000002A40F3F183DBF80000027818F80220B5
:105BA0001207D0D5A11BD0469A462B468A44013114
:105BB00000228B4222707FF6F2AB7B6B002B3FF40E
:105BC000EEABD8F80000ECF7DBF800283FF4E7ABC9
:105BD000C8F80000FFF7E3BB14F08F0F7FF404ABAD
:105BE00002EB820205EB420275784646303AFFF737
:105BF0009ABADBF80420002A3FF769ABDBF83010D3
:105C0000002900F023840BF14002914204D0B86BCC
:105C10007B63FEF749FF7B6B0022CBF83020DBF87B
:105C20003C20CBF80420002A00F01084DBF8382058
:105C3000CBF80020002E7FF44AABFFF7A0BBDBF8C7
:105C40000430002B3FF77CACDBF83010002900F06B
:105C50000F840BF14003994202D0B86BFEF724FF8A
:105C60000023CBF83030DBF83C30CBF80430002B8D
:105C700000F0FE83DBF83830CBF80030BAF1000FCB
:105C80007FF45EACD7E444F400746D4B0326BB6133
:105C900010237B62FFF78EBB24F4B0643FE523073B
:105CA00040F19A823B6A1B68187068E515F8011C80
:105CB0005A46B86B013DFFF709F949E5C7F80C9062
:105CC0009146C7F83480D7F810803D611D46C7F86B
:105CD0001CE0C7F828C000F045FE864200F0BE81F7
:105CE000B8F1030F07F15804DBE9003202F1FF328B
:105CF00013F8011BCBF8042007F16002CBF8003049
:105D0000915506F1010602D12368042B04D0082224
:105D100000212046FDF722FF0094334607F1600280
:105D20002946B86B00F0D2FFB0F1FF3F804600F08B
:105D30009581002840F08182286000F0F1FF002862
:105D400040F0B982B24409F1FF397E6B002E40F079
:105D5000DB820435F869BB6A2C1AB3EBA40F00F29E
:105D6000D382FA68002A00F0CF82D900ECF708F855
:105D70000146F86100283FF434AABB6A05195800AF
:105D8000FB68B8621960DBF80430002B40F3CC8369
:105D9000DBF800301B783A69D35C1C0702D4B9F1F8
:105DA000000F98D1C7F810802B46D7F81CE0D7F821
:105DB00028C0D7F80C90D7F834807AE5204B03261A
:105DC000BB610A237B62FFF7F5BA22437FF40CAA7A
:105DD000757810244646FFF7A6B944F4087454E7D2
:105DE00014F08F037FF400AAFD6A002D00F0A98251
:105DF000757844F080044646FFF795B9E10600F156
:105E00005F813A6A52F8043B3A62220700F15681F8
:105E1000660740F1A483A3F800A0C7F83C80FFF711
:105E20000CB925077FF4E0A97578682D00F0188279
:105E300044F004044646FFF776B900BF315702101C
:105E4000594E0110414607F188007A6344F040043E
:105E500000F0DAFB01267A6BF863FFF7F2B923074B
:105E60007FF4C2A975786C2D00F0E18144F0010443
:105E70004646FFF758B9DBF8003007F18808197873
:105E800018F8011000293FF4AFA90133012ACBF81B
:105E90000030DBF8043003F1FF33CBF8043000F0BE
:105EA00043810BF14004914614E0DBF8003019788F
:105EB000013318F80110002900F036810136CBF8C3
:105EC0000030DBF80430B14503F1FF33CBF8043088
:105ED00000F02A81002BE8DCDBF83030B86B194683
:105EE000002B00F01481A34201D0FEF7DDFDDBF8AA
:105EF0003C30CBF83050CBF80430002B00F0078159
:105F0000DBF83830CBF80030D1E7B24B0326C7F8C6
:105F10003C80BB6100237B62FFF793B9C7F83C80EC
:105F2000FFF7A7B8002307F14401BB608846FB6078
:105F30007B60FFF700BB4FF0000C07F14403E6461F
:105F4000E146ADE4DBE90012964240F318831C46BB
:105F50000BF14008C7F834A0DBF830302546C246C4
:105F60001144A146B046B86BCBF800101444194652
:105F7000B61A002B00F0BE82534501D0FEF794FD07
:105F8000DBF83C20CBF83050CBF80420002A00F09E
:105F9000B182DBF8381096424FF00003CBF80010C6
:105FA000DEDC4446D7F834A04C44921B3144CBE9A4
:105FB0000012A244FFF741B800239846FB60FB6142
:105FC000BB60FFF780B923467C6344469846ABE547
:105FD000821C3FF40EAE0328A24402D12A68042A90
:105FE00000D0013EBA6A002A3FF4A6A9FFF7BFB964
:105FF000821C3FF424AED8F80060731C7FF4D4AA4E
:10600000FFF7E8BAD9F80030042B7FF4EFAAFFF7C6
:10601000EFBADBF83010002900F04282BB6A9942E7
:1060200002D0B86BFEF740FD0023DBF83C10CBF844
:106030003030CBF80410002900F03282DBF8380051
:10604000CBF800002FE5BBF80C300022DBF8101075
:1060500043F02003CBE90012ABF80C303B6B23B1CB
:10606000BBF80C305A067FF5BFA8FB6A002B7FF403
:1060700015AA4FF0FF333B63386B07F5C677BD4673
:10608000BDE8F08F2C1BB1467B6B5646D7F81CA0A1
:106090003FF4AAA8611C00228E422A707FF69DACB4
:1060A000B9F1000F3FF499AC18687B63EBF768FE19
:1060B00000283FF492AC7B6B18608EE483F800A05C
:1060C000C7F83C80FEF7B9BFCDF800B0334629468B
:1060D0000122B86BFEF738FF044600287FF47DAC40
:1060E000BCE74FF6F6717A638E423FF6D7A90836C1
:1060F000FB6AB1001868EBF743FE00283FF4CEA915
:10610000FB6A7A6B9E80186006E5012150E5BBF8BA
:106110000C3043F02003ABF80C30DBF81030CBF838
:1061200000300023CBF80430B244FEF786BF4FF6B0
:10613000F6739D423FF655A80835FB6AA90018681A
:10614000EBF71EFE00283FF44CA8FB6A9D80186008
:10615000FFF7AFB84FF6F671BB627A638E423FF637
:106160009DA90836FB6AB1001868EBF709FE002804
:106170003FF494A9FB6A7A6B9E801860BB6A54E472
:106180004FF6F671BA6278638D423FF62AA8083559
:10619000FE6AA9003068EBF7F3FD00283FF421A860
:1061A000BA6A7B6BB5803060FFF772BB4FF6F6734F
:1061B0007A639D423FF615A80835FE6AA90030684B
:1061C000EBF7DEFD00283FF40CA87A6BB580306059
:1061D000FFF7A7B9E5390110660767D414F001028B
:1061E00040F0BA81A10740F1B781CD4BB969B86BD6
:1061F00099427B6A07F1600100F0C38100F09CFCCA
:106200000B463A6A1168C1E90003FFF7B8BAA24425
:10621000BBF80C3043F02003ABF80C30DBF8103047
:10622000CBF800300023CBF80430FEF706BFB5787A
:1062300044F002040236FEF776BF10F1020F3FF47D
:10624000A2AD286800F06CFD002834D1B8F1030F2E
:10625000B2447FF478AD2368042B7FF474AD74E509
:10626000B57844F008040236FEF75DBF4FF6F673CA
:106270009A423FF613A902F10809FB6A4FEA890125
:106280001868EBF77DFD00283FF408A9FB6AA3F826
:1062900004901860FFF786BBBC682068EBF770FDC0
:1062A00000283FF478A82060FFF775B83B6A1B68A8
:1062B0001880FFF764BAC7F810802B46D7F81CE0A7
:1062C000D7F828C0D7F80C90D7F83480002E3FF4C8
:1062D000F0AA07F16002C7F834A0BD62F246941933
:1062E000BD6BC7F81CC0013E5A4614F8011D284674
:1062F000FEF7ECFD002EF6D1D646BB6AD7F834A0E7
:10630000D7F81CC0FFF7D5BA00263CE5FB69D7F8E3
:1063100004807B60C7E90233FFF70DB91D462646AE
:106320002346FFF788BBBB6AD7F80880FB60FB6198
:10633000BB60FEF7C8BF4B46C446C646C146FFF722
:10634000AFBA82B0CDE9023302ABFB6250E5D7F8B9
:1063500034A03C61002D3FF471A907F16003BE6BCE
:106360005C19013D5A4614F8011D3046FEF7AEFD9A
:10637000002DF6D1FFF762B9DBF83010002900F0EC
:1063800004810BF14002914204D0B86BBB62FEF76E
:106390008BFBBB6A0022CBF83020DBF83C20CBF82B
:1063A0000420002A00F0F180DBF83800CBF8000070
:1063B000FFF7F3BBDBF800305A4D1978695C11F038
:1063C00008087EF43AAE0133012ACBF80030DBF83E
:1063D000043003F1FF33CBF8043000F0EB800BF115
:1063E00040069146012432464646904613E0DBF8CB
:1063F000003019780133695C08073FF5DAAD0134E4
:10640000CBF80030DBF80430A14503F1FF33CBF8C3
:10641000043000F0AE80002BE9DCDBF83030B86BE4
:106420001946002B3FF4F3AE434501D0FEF73CFB89
:10643000DBF83C30CBF83060CBF80430002B3FF475
:10644000E6AEDBF83830CBF80030D2E73B61BBF882
:106450000C3043F02003ABF80C30DBF81030CBF8F5
:1064600000300023CBF80430002C3EF489AFF5E572
:10647000BBF80C30D7F834A043F020033C61ABF8F4
:106480000C30DBF81030CBF800300023CBF80430B0
:10649000002D3FF4D3A8E1E5C7F83C80FEF7D9BE54
:1064A000BBF80C20A542B1467B6B42F02002564659
:1064B000D7F81CA0ABF80C20DBF81020CBF800209C
:1064C0004FF00002CBF804203FF4C8AD2C1BE1E5EF
:1064D000BBF80C30C7F824A0924643F02003ABF879
:1064E0000C30DBF81030CBF800300023CBF8043050
:1064F000FFF727B9BBF80C30D7F834A043F02003DE
:10650000ABF80C30DBF81030CBF800300023CBF8C0
:106510000430002C3FF4A2ADA244FEF78EBD00BFB4
:10652000594E011031570210DBF83010002945D0C8
:106530000BF14003994202D0B86BFEF7B5FA002385
:10654000CBF83030DBF83C30CBF80430B3B3DBF8B9
:106550003830CBF800301DE43B6AFFF70EB9E50791
:106560000AD4A40708D54FEAEA72C3F800A05A601B
:10657000A6E5CA44FEF761BDC3F800A0A0E5344615
:1065800013E500F0A1FB0B463BE6BBF80C20A11B7A
:10659000D0469A4642F020022B468A440131ABF89D
:1065A0000C20DBF81020CBF800200022CBF80420D0
:1065B000FFF7FEBA0AF1010AFEF73FBDBBF80C2057
:1065C0002B46C7F8108042F02002D7F81CE0D7F81D
:1065D00028C0ABF80C20DBF81020D7F80C90CBF8D3
:1065E00000200022D7F83480CBF80420002E7FF45E
:1065F00035ADFFF75EB9D7F83C80FEF709BFD7F895
:106600003C80FEF7DBBE00BF70B50C7884465E2C84
:1066100024D00023481C9E4600220CF5807163F3B1
:10662000070263F30F2263F3174263F31F626346AB
:1066300043F8042B8B42FBD174B18EF00101451C51
:106640000CF8041015F8013C2D2B0ED05D2B0AD050
:106650001BB11C462846F2E7013870BD0123881C97
:106660004C789E46D8E7284670BD90F801E0BEF110
:106670005D0F15D0744513DC661C02300CEB06026E
:1066800002F8011BA2EB0C03013B9E45F8DCAEEBCC
:1066900004030235013B7445A8BF00239C19D1E7D0
:1066A0002D242846CBE700BF002070472DE9F0419C
:1066B0000C46096B04F14003994214D0666B7700D5
:1066C0003A46FCF751FF054630B300EB0608014699
:1066D00032464046FEF7E8F8C4F80080C4E90C579B
:1066E0000020BDE8F0814FF48061FCF77FFC98B199
:1066F00094F842204FF48061206300F2FD3361631F
:1067000080F8FF2394F8412080F8FE2394F840207D
:1067100080F8FD232360E3E74FF0FF30E1E700BF9F
:10672000CAB384460B4630B504460843800719D0E7
:106730009CF800000C78A04212D150B3012A28D056
:10674000E64603E01CEB030F23D010B31EF8010F45
:1067500011F8014FA2EB0E03A04203F1FF33F1D079
:10676000001B30BD032A07D8E2E7043A11D01EF01F
:10677000803F0ED1032A10D92068194653F8045BD4
:10678000A446A0F1013E0434A8422EEA000EECD04B
:10679000CEE7002030BD10467047A4461946C7E733
:1067A0000048704750260020F8B55B4A0C4600238D
:1067B000D0E9000100F0F4FB002AC0F2A580574D9B
:1067C000054457494FF46163A1FB0201C90A03FB69
:1067D0001122544BA160A3FB0213E91C5B09636007
:1067E000C3EB0313A2EB83024F4B226083FB013206
:1067F000CB170A44C3EBA203C3EBC303CB1A78D471
:10680000002DA36177DB494BE91783FB0523C1EB1F
:10681000E3314748474A00FB0150474E8308A2FB3B
:106820000352A6FB0353454D00EBD222A2EBD31239
:106830000309A5FB0353424DA2EB1312A5FB02353E
:106840009308521BA6FB036305EB52023D4DDB0987
:10685000120AA5FB0265C3EB55133B4D034440F2FE
:106860006D1000FB123303EB83000230A5FB0065C3
:1068700040F2F956ED09B04205EBC5008CBF6FF050
:106880000906022600EB00103544304E0230A6FB0C
:1068900000604FF4C87606FB01215E1C012D98BFF5
:1068A0000131B3F5997FA6EB90000BD3A3F5997353
:1068B000A1F26C71E3610023E06020462362C4E929
:1068C0000451F8BD96070BD0214E06FB02F2214E73
:1068D000B6EB321F2CBF012200223B331344E7E703
:1068E0001B4E1D4F02FB06F6B7EBB60FECD2012292
:1068F000F3E70733A36119490C4B294483FB0123B8
:10690000C917C1EBE33184E702F5A832144D02F553
:10691000C072054455E700BF805101006CFA0A00BF
:10692000C5B3A2918988888893244992BD066B39A2
:106930004FC5FDFF7F206B39D97CC65941D6720007
:1069400061F319671F85EB51D7802BD6CDCCCCCC0A
:10695000295C8FC20AD7A300285C8F0250C5FDFFB7
:106960006BFA0A00014B93F828017047A826002013
:106970000148FDF749BE00BFAC3200200148FDF7D9
:1069800047BE00BFAC32002082B049B15AB16BB1F2
:1069900013780B601278101E18BF012002B07047E8
:1069A00001A9002AF3D1104602B070476FF0010030
:1069B000F4E700BF034649B1FF2A02D801200A705C
:1069C00070478A224FF0FF301A60704708467047C0
:1069D0002DE9F04F924685B089461E460D46554A30
:1069E0000390294615F8014B135D13F00803F8D105
:1069F0002D2C7CD02B2C4ED04FF0FF3102936FF01A
:106A00000043CDE9001336F0100851D037464FEA65
:106A1000E6783A464346DDE9000100F0B9FA002382
:106A200083468E4618461946A44613E0ACF1370457
:106A3000A6421FDD002B09DB83457EEB010305D356
:106A40008E4508BF83453BD1A24239DA4FF0FF3370
:106A500015F801CBACF13004092CE9D9ACF14104B3
:106A6000192CE3D9ACF16104192C03D8ACF157040B
:106A7000A642DFDC5A1C2FD0029A12B1404261EBD1
:106A80004101BAF1000F03D0002B48D1CAF80090A1
:106A900005B0BDE8F08F4FF0FF30029336F01008DC
:106AA0006FF000432C7801F10205CDE90003ADD170
:106AB000302C25D0002E3AD10A27B0463E46A8E712
:106AC00000FB08F307FB0133A0FB07010B44201870
:106AD00043EBE4710123BBE72223039A1360BAF16D
:106AE000000F17D005F1FF39DDE90001CEE74FF0C7
:106AF0000047009301232C788D1CCDE9017382E7B8
:106B00002B7803F0DF03582B0CD086B90827B0464A
:106B10003E467EE7DDE9000105B0BDE8F08FCDE936
:106B20000001DFE710276C7802353E4671E7102739
:106B30003E466EE731570210FFF74ABF2DE9F04F8E
:106B400085B08B461E460D4601925D4A039029464C
:106B500015F8014B135D13F00803F8D12D2C00F04C
:106B600082802B2C51D0029336F0100A54D04FEA79
:106B7000E67A32464FF0FF304FF0FF315346B146D0
:106B800000F006FA32460746884653464FF0FF307B
:106B90004FF0FF3100F0FCF99446002210461146F8
:106BA00013E0A4F137039E421FDD002A09DB874270
:106BB00078EB010205D3414508BFB8423BD163459C
:106BC00039DD4FF0FF3215F8014BA4F13003092BEA
:106BD000E9D9A4F14103192BE3D9A4F16103192BDD
:106BE00003D8A4F157039E42DFDC531C30D0029B34
:106BF00013B1404261EB4101019B1BB182BB019B80
:106C0000C3F800B005B0BDE8F08F36F0100A2C785C
:106C1000029301F10205AAD1302C29D0002E44D1D3
:106C20004FF00A09B2464FF0050C4FF09937DFF8E4
:106C300094804E46B1E709FB01F100FB0A11A9FB64
:106C40000002114418184FF0010241EBE371BAE75A
:106C50002223039910460B601146019B002BD1D0D3
:106C600005F1FF3BCBE701232C788D1C02937BE7DA
:106C70002B7803F0DF03582B0BD0B6B94FF008097F
:106C8000B2464FF0070C4FF0FF376FF060484E46AA
:106C900083E74FF010096C784FF00F0C02354FF07E
:106CA000FF376FF070484E4677E74FF010094FF00E
:106CB0000F0C4FF0FF376FF070484E466DE700BF86
:106CC0003157021099999919FFF738BF70B582B002
:106CD0000446069D55B11048D0F8E4606AB12046DC
:106CE0000095B047431C10D002B070BD00F1F40510
:106CF0000948D0F8E460002AF1D10123114620466A
:106D0000064A0095B047431CEED100228A232A6030
:106D1000236002B070BD00BFA8260020F47C0110E3
:106D2000002100F001B800BF10B500F0B7F804462C
:106D300000F0E6F8A0F11A03DBB2022B01D8012023
:106D400010BDA4F1090004288CBF0020012010BD53
:106D50000229C0F307235FFA80FC25D0032903D062
:106D600083F080038CF0800C03F15002D2B21F2A12
:106D70000BD903F13002D2B2242A3BD84FF2A642FB
:106D800090422CD94FF0FF3070474CF6D3729042AE
:106D9000F8D8B03BACF1A10C384AC3EBC3130CEBF1
:106DA000430332F813007047BCF19E0F11D90CF168
:106DB000230C80225FFA8CFC9F2B94BF703B5033D6
:106DC00002EB4302D3B203F15002D2B21F2AD0D851
:106DD000DBE7ACF17E0C7F225FFA8CFCECE7D03B6A
:106DE000ACF1A10C264AC3EBC3130CEB430332F8FE
:106DF00013007047A13B072BC4D8DFE803F0382EFF
:106E0000241D17120D04BCF1C00FBBD81D4AACF1F4
:106E1000A10332F813007047BCF1F10FB2D81A4A3F
:106E20001CE0BCF1D80FADD8184A17E0BCF1F60F42
:106E3000A8D80CF540507047BCF1F30FA2D842F629
:106E4000A07060447047124B634413F8A13C002BC0
:106E500098D04FF66060604470470E4AACF1A103D1
:106E600032F81300002808BF4FF0FF3070470A4A7D
:106E7000ACF1A10332F81300704700BF3473021065
:106E8000B8580210608A0210A08A0210448B0210C7
:106E9000B48B0210108C0210CC8C021038B5054651
:106EA000B9B101F5957412492046FDF7C1FB28B927
:106EB00028460121BDE83840FFF74ABF0D4920466A
:106EC000FDF7B6FB38B928460221BDE83840FFF788
:106ED0003FBF094CE7E709492046FDF7A9FB28B960
:106EE00028460321BDE83840FFF732BF284638BDA9
:106EF000E4800110E8800110D2270020F08001100A
:106F0000154B984226D840F6F90C70B54FF0000E9C
:106F1000124D03E004F1010EF44519DB1CEB0E02E7
:106F200048BF013222F00103541003EB620305EB6A
:106F300043015B004A784E88898842EA0622114460
:106F40008842E7D8904204F1FF3CE5D3E85C70BD8D
:106F5000FF2070BDFF207047EF010E00888D0210EA
:106F6000F8B500BF000000005FF800F03503002016
:106F70005FF800F0390C00205FF800F0E11200200B
:106F80005FF800F0A51700205FF800F0990B0020D3
:106F90005FF800F0F51800205FF800F06D030020A6
:106FA0005FF800F0551800205FF800F0C10B0020DA
:106FB0005FF800F0FD0E00205FF800F0890100206E
:106FC0005FF800F0F50B00205FF800F0C902002028
:106FD0005FF800F0691200205FF800F0F510002063
:106FE0005FF800F0F50F00205FF800F009020020C4
:106FF0005FF800F0A90300205FF800F0650F0020A3
:107000005FF800F0FD13002065190010D91800107A
:107010000D190010B1190010451900104118001089
:107020008D1900102D1800103D0B00109119001043
:10703000F10E00108918001079190010291900109C
:10704000190500104105001019020010DD3F001065
:04705000ADFD001082
:107058000A2A2A2A2050414E4943202A2A2A0A006D
:107068004E6F207370696E6C6F636B73206172650D
:1070780020617661696C61626C6500004E6F2075F5
:10708800736572204952517320617265206176617F
:10709800696C61626C650000486172647761726551
:1070A80020616C61726D20256420616C7265616479
:1070B8007920636C61696D656400000048617264E1
:1070C80020617373657274004F7574206F66206D4C
:1070D800656D6F727900000052656C6561736500BB
:1070E800626F6F74325F773235713038300000006C
:1070F800322E312E300000007069636F325F72707B
:1071080032333530620000006D61696E00000000A6
:10711800417567202034203230323600666E692B84
:1071280000000000666E69006E616E00666E692D73
:10713800000000005541525420737464696E0000C9
:1071480055415254207374646F75740055415254FC
:1071580020737464696E202F207374646F757400D3
:1071680055534220737464696E202F207374646FC2
:10717800757400005261737062657272792050698B
:10718800000000005069636F00000000426F6172E8
:107198006420434443000000526573657400000096
:1071A800556E68616E646C65642049525120307870
:1071B80025780A00657020253032582077617320C1
:1071C800616C726561647920617661696C61626C79
:1071D8006500000043616E277420636F6E74696EEA
:1071E80075652078666572206F6E20696E616374BC
:1071F800697665206570202530325800EB76904519
:107208005846415420202000464154333220202043
:10721800000000002A3A3C3E7C223F7F000000002C
:107228002B2C3B3D5B5D00004E6F20534420636177
:107238007264206465746563746564210D0A0000D6
:1072480025643A005344494F206361726420726593
:10725800706F72747320777269746520435243208B
:107268006572726F722C2073746174757320256C4B
:10727800780A00005344494F2063617264207265A4
:10728800706F727473207772697465206661696CB7
:107298007572652C2073746174757320256C780A77
:1072A800000000005344494F2063617264207265F6
:1072B800706F72747320756E6B6E6F776E20777255
:1072C8006974652073746174757320256C780A007D
:1072D80025733A2054696D656F75742077616974F8
:1072E800696E6720666F7220726573706F6E736562
:1072F80020696E207270323034305F7364696F5F5A
:10730800636F6D6D616E645F5231283078256878DF
:10731800290A00007270323034305F7364696F5F1D
:10732800636F6D6D616E645F5231282564293A2060
:10733800435243206572726F722C2063616C6375CF
:107348006C617465642030782568782C20706163DE
:107358006B6574206861732030782568780A0000AE
:107368002564207270323034305F7364696F5F63F4
:107378006F6D6D616E645F5231282564293A207201
:1073880065636569766564207265706C7920666FDF
:10739800722025640A0000005344494F2063686541
:1073A800636B73756D206572726F7220696E2072DF
:1073B8006563657074696F6E3A20626C6F636B20E9
:1073C80025642063616C63756C6174656420307832
:1073D800256C6C78206578706563746564203078F6
:1073E800256C6C780A0000007270323034305F739C
:1073F80064696F5F74785F706F6C6C28292074699A
:107408006D656F75740A0000556E6B6E6F776E2030
:107418006572726F7200000025732C256420534436
:10742800494F206E6F7420726573706F6E64696E59
:107438006720746F20434D44382053454E445F49BC
:10744800465F434F4E442C2073746174757320302B
:10745800782578207265706C79203078256C780AE8
:10746800000000002573206174206C696E6520257A
:10747800643B206572726F7220636F6465202564B7
:107488000A0000005344494F206361726420696E0A
:10749800697469616C697A6174696F6E2074696D69
:1074A800656F75740A00000025732C256420534409
:1074B800494F206661696C656420746F2073657438
:1074C80020424C4F434B4C454E0A000073645F7397
:1074D80064696F5F73746F705472616E736D6973F2
:1074E80073696F6E28292074696D656F75740A0059
:1074F80073645F7364696F5F7772697465536563FA
:10750800746F7228256C7529206661696C65643A08
:1075180020257320282564290A00000073645F73FE
:1075280064696F5F7772697465536563746F7273AA
:10753800282C256C752C2C257A7529206661696C98
:1075480065643A20257320282564290A0000000074
:1075580073645F7364696F5F7265616453656374B4
:107568006F72282C256C752C29206661696C6564FE
:107578003A20257320282564290A000073645F7364
:1075880064696F5F72656164536563746F727328B1
:10759800256C642C2E2E2E2C2564292020666169EA
:1075A8006C65643A20257320282564290A000000A8
:1075B8005344494F3A204F4B000000005344494F71
:1075C8003A206275737900005344494F3A20546950
:1075D8006D6564206F75742077616974696E6720C2
:1075E800666F7220726573706F6E73652066726F56
:1075F8006D206361726400005344494F3A2052651C
:1076080073706F6E736520435243206973207772DD
:107618006F6E67005344494F3A20526573706F6E1E
:10762800736520636F6D6D616E6420636F646520A0
:10763800646F6573206E6F74206D61746368207762
:10764800686174207761732073656E7400000000B0
:107658005344494F3A2054696D6564206F7574200E
:1076680077616974696E6720666F722064617461FE
:1076780020626C6F636B00005344494F3A204352B9
:107688004320666F722064617461207061636B656A
:10769800742069732077726F6E6700005344494FF6
:1076A8003A2043617264207265706F72747320624D
:1076B80061642043524320666F7220777269746553
:1076C800000000005344494F3A204361726420721D
:1076D80065706F727473207772697465206661696A
:1076E8006C7572650000000025733A20426C6F6368
:1076F8006B205772697465206E6F742061636365CF
:10770800707465642E20526573706F6E7365207493
:107718006F6B656E3A20307825782C20737461740D
:10772800757320626974733A202564256425640A98
:10773800000000004E6F206469736B2C206F72206C
:10774800636F756C64206E6F742070757420534479
:10775800206361726420696E20746F205350492041
:1077680069646C652073746174650A0054696D6599
:107778006F75742077616974696E6720666F72200F
:10778800636172640A0000004661696C6564207474
:107798006F20696E697469616C697A6520636172CA
:1077A800640A0000556E757361626C65202F207540
:1077B8006E64657465637465642053442063617204
:1077C800640A0000556E6B6E6F776E0053756363C5
:1077D8006565646564000000412068617264206525
:1077E80072726F72206F6363757272656420696E5E
:1077F80020746865206C6F77206C6576656C2064F2
:1078080069736B20492F4F206C6179657200000005
:10781800417373657274696F6E206661696C656423
:107828000000000054686520706879736963616CB2
:107838002064726976652063616E6E6F7420776F5D
:10784800726B0000436F756C64206E6F74206669FC
:107858006E64207468652066696C6500436F756C9A
:1078680064206E6F742066696E6420746865207089
:10787800617468005468652070617468206E616D79
:107888006520666F726D617420697320696E766118
:107898006C6964004163636573732064656E696530
:1078A800642064756520746F2070726F68696269FE
:1078B80074656420616363657373206F7220646903
:1078C800726563746F72792066756C6C00000000D5
:1078D8004163636573732064656E696564206475CC
:1078E8006520746F2070726F6869626974656420BE
:1078F80061636365737320286578697374732900FD
:107908005468652066696C652F6469726563746F75
:107918007279206F626A65637420697320696E7674
:10792800616C6964000000005468652070687973B0
:107938006963616C20647269766520697320777267
:107948006974652070726F74656374656400000003
:10795800546865206C6F676963616C20647269762E
:1079680065206E756D62657220697320696E766137
:107978006C69640054686520766F6C756D65206865
:107988006173206E6F20776F726B20617265612062
:10799800286D6F756E742900546865726520697367
:1079A800206E6F2076616C69642046415420766FA2
:1079B8006C756D650000000054686520665F6D6B2E
:1079C800667328292061626F727465642064756526
:1079D80020746F20616E792070726F626C656D0023
:1079E800436F756C64206E6F742067657420612026
:1079F8006772616E7420746F2061636365737320AE
:107A080074686520766F6C756D6520776974686930
:107A18006E20646566696E656420706572696F645E
:107A280000000000546865206F7065726174696FAA
:107A38006E2069732072656A65637465642061638A
:107A4800636F7264696E6720746F2074686520665E
:107A5800696C652073686172696E6720706F6C6904
:107A6800637900004C464E20776F726B696E672011
:107A780062756666657220636F756C64206E6F74DC
:107A880020626520616C6C6F63617465640000003E
:107A98004E756D626572206F66206F70656E206628
:107AA800696C6573203E2046465F46535F4C4F43E2
:107AB8004B000000476976656E20706172616D65E4
:107AC80074657220697320696E76616C6964000060
:107AD800444D41206368616E6E656C2025642069A1
:107AE8007320616C726561647920636C61696D658E
:107AF800640000004E6F20444D41206368616E6E43
:107B0800656C732061726520617661696C61626C75
:107B1800650000004E6F2050494F207374617465F2
:107B2800206D616368696E65732061726520617696
:107B380061696C61626C6500303A2F257300000042
:107B4800303A2F002F0000004844522053484F522B
:107B5800540000004F50454E204641494C0000005B
:107B68004E4F5420424D50004E4F5420323442491B
:107B7800540000004C5345454B204641494C0000F9
:107B88004E4F204D454D4F5259000000554E4B4E1B
:107B98004F574E0052454144204641494C00000091
:107BA800322E3235696E6368204C43442053442D8D
:107BB8006361726420736C69646573686F770D0024
:107BC8004661696C656420746F206170706C7920FF
:107BD800666F72206672616D656275666665722091
:107BE8006D656D6F72792E2E2E0D000053686F77BC
:107BF800696E67206275696C742D696E20626F6F9B
:107C0800742070686F746F0D0000000073645F6902
:107C18006E69745F64726976657228292066616985
:107C28006C6564202D3E206E6F2053442063617282
:107C3800642C20656E74657220494D5520766965FF
:107C48007765720D000000006469736B5F696E6987
:107C58007469616C697A65205354413D30782530E8
:107C680032580D0A0000000053443A206E6F20631A
:107C78006172642064657465637465642028535474
:107C8800415F4E4F4449534B29202D3E20656E7469
:107C9800657220494D55207669657765720D00003B
:107CA8004546492050415254000000004750542096
:107CB8006469736B3A204641542070617274697428
:107CC800696F6E206174204C424120256C750D0A45
:107CD80000000000303A0000665F6D6F756E74201A
:107CE80046523D256420282573290D0A000000000E
:107CF800466F756E6420256420424D502066696C7D
:107D080065730D0A0000000053443A204F4B0000F1
:107D1800302070686F746F73000000002564207055
:107D2800686F746F73000000534420444554454302
:107D38005400000053443A206D6F756E74206661DC
:107D4800696C6564202D3E20656E74657220494D0E
:107D580055207669657765720D00000046522564E6
:107D68002062707025750000496D61676520256483
:107D78002028257329206661696C65643A2025737B
:107D8800202046523D2564206270703D257520777D
:107D98003D256C6420683D256C640D0A00000000D8
:107DA8004445434F4445204552520000456E746592
:107DB80072696E6720494D55207669657765720D41
:107DC8000000000049434D3230393438206465746E
:107DD80065637465640D0000514D493836353820A7
:107DE80064657465637465640D0000004E6F204916
:107DF8004D55206465746563746564202849434D56
:107E080032303934382F514D4938363538290D003C
:107E1800494D55004E4F5420464F554E44000000E2
:107E2800362D415849530000252E326600000000C7
:107E38004143435F580000004143435F590000003D
:107E48004143435F5A0000004759525F5800000001
:107E58004759525F590000004759525F5A000000C5
:107E6800514D493836353852656769737465725FA4
:107E780057686F416D49203D20307825780A000009
:107E8800514D49383635385F696E697420736C61B5
:107E980076653D3078257820200D0A514D493836D1
:107EA800353852656769737465725F57686F416DDD
:107EB800493D3078257820307825780A0000000080
:107EC800514D493836353852656769737465725F44
:107ED8004374726C313D30782578200A0000000028
:107EE800514D493836353852656769737465725F24
:107EF8004374726C323D30782578200A0000000007
:107F0800514D493836353852656769737465725F03
:107F18004374726C333D30782578200A00000000E5
:107F2800514D493836353852656769737465725FE3
:107F38004374726C343D30782578200A00000000C4
:107F4800514D493836353852656769737465725FC3
:107F58004374726C353D30782578200A00000000A3
:107F6800514D493836353852656769737465725FA3
:107F78004374726C363D30782578200A0000000082
:107F8800514D493836353852656769737465725F83
:107F98004374726C373D30782578200A0000000061
:107FA800514D49383635385F696E697420666169A4
:107FB8006C00000058706F696E74203D20256420A5
:107FC8002C205061696E742E5769647468203D20B6
:107FD800256420200D0A200059706F696E74203DB9
:107FE800202564202C205061696E742E48656967CD
:107FF8006874203D20256420200D0A200000000020
:108008004445565F4D6F64756C655F496E697420B1
:108018004F4B200D000000004445565F5345545F08
:1080280050574D204572726F72200D00545A00004F
:10803800474D54002531315B2D2B302D39412D5AB8
:10804800612D7A5D256E00002531315B412D5A6125
:108058002D7A5D256E000000256875256E3A256825
:1080680075256E3A256875256E0000004D256875E2
:10807800256E2E256875256E2E256875256E0000DF
:108088002F256875256E3A256875256E3A25687519
:10809800256E00002E0000004C435F434F4C4C41BE
:1080A800544500004C435F435459504500000000BC
:1080B8004C435F4D4F4E4554415259004C435F4E1F
:1080C800554D4552494300004C435F54494D4500C6
:1080D8004C435F4D45535341474553004A4953006C
:1080E800534A4953000000004555434A50000000D8
:1080F80006005250D3F07542E0700110060052504D
:10810800E182887FE870011006005250ABB36053DB
:10811800F870011006005250BBFF3CB60071011008
:1081280006005250861C03021071011006005250BE
:108138005422A29D1871011005005250DE65F468A2
:108148005CEA021000000000000000000000F03FA0
:10815800000000000000244000000000000059401A
:108168000000000000408F40000000000088C3406D
:1081780000000000006AF8400000000080842E41E2
:1081880000000000D01263410000000084D797412E
:108198000000000065CDCD410D0A000006005250D8
:1081A80053B4F4A1547101100D0052501200000094
:1081B800000000000D0052501201010000000000F4
:1081C800000000005D3A001000000000613A001055
:1081D8006D3A0010993A0010953A0010000000001E
:1081E8000A00000000000306A600080002000200C2
:1081F8009C001400030057494E55534200000000EC
:108208000000000000008000040001002800440075
:108218006500760069006300650049006E0074001F
:108228006500720066006100630065004700550044
:108238004900440000004E007B00620063003700E4
:10824800330039003800630031002D003700330057
:10825800630064002D0034006300620037002D00C5
:1082680039003800620038002D0039003100330031
:108278006100380066006300610037006200660034
:1082880036007D0000000000050F2100011C1005CC
:1082980000DF60DDD88945C74C9CD2659D9E648A05
:1082A8009F00000306A600010000000006005250CF
:1082B80053B4F4A168710110000000007C71011032
:1082C8008C7101104882002094710110A071011076
:1082D80009025400030100807D080B00020202001D
:1082E8000009040000010202000405240020010521
:1082F8002401000104240206052406000107058163
:108308000308001009040100020A00000007050222
:108318000240000007058202400000090402000034
:10832800FF00010512011002EF0201408A2E090028
:108338000001010203010000000000006D5300105D
:10834800E5530010115400105D5400101155001031
:10835800D55500100000000000000000D1560010A4
:108368002D5700104957001069570010F13A0010B6
:108378007158001000000000809A45418E418F809E
:108388004545454949498E8F9092924F994F555589
:1083980059999A9B9C9D9E9F41494F55A5A5A6A773
:1083A800A8A9AAABACADAEAFB0B1B2B3B4B5B6B7CD
:1083B800B8B9BABBBCBDBEBFC0C1C2C3C4C5C6C7BD
:1083C800C8C9CACBCCCDCECFD0D1D2D3D4D5D6D7AD
:1083D800D8D9DADBDCDDDEDFE0E1E2E3E4E5E6E79D
:1083E800E8E9EAEBECEDEEEFF0F1F2F3F4F5F6F78D
:1083F800F8F9FAFBFCFDFEFF01030507090E101250
:108408001416181C1E000000A2A0D0EBE5B93344D6
:1084180087C068B6B72699C7454649205041525487
:108428000000010045464920504152540000010017
:108438005C00000000000200EEFEFF0001000000EA
:10844800FFFFFFFF7D1D0100632C001E9601A01E8B
:108458005A01001F0806101F0606201F0806301FB5
:108468000806401F0606511F0700591F521F5B1FB1
:10847800541F5D1F561F5F1F601F0806701F0E00E8
:10848800BA1FBB1FC81FC91FCA1FCB1FDA1FDB1F9C
:10849800F81FF91FEA1FEB1FFA1FFB1F801F0806B2
:1084A800901F0806A01F0806B01F0400B81FB91FB8
:1084B800B21FBC1FCC1F0100C31FD01F0206E01F44
:1084C8000206E51F0100EC1FF31F0100FC1F4E21EF
:1084D8000100322170211002842101008321D0245F
:1084E8001A05302C2F04602C0201672C0601752C0C
:1084F8000201802C6401002D260841FF1A030000A8
:1085080061001A03E0001703F8000703FF000100E9
:1085180078010001300132010601390110014A01D8
:108528002E017901060180014D004302810182017B
:1085380082018401840186018701870189018A01FA
:108548008B018B018D018E018F01900191019101A9
:1085580093019401F60196019701980198013D0253
:108568009B019C019D0120029F01A001A001A20185
:10857800A201A401A401A601A701A701A901AA01BA
:10858800AB01AC01AC01AE01AF01AF01B101B20169
:10859800B301B301B501B501B701B801B801BA011A
:1085A800BB01BC01BC01BE01F701C001C101C20190
:1085B800C301C401C501C401C701C801C701CA017B
:1085C800CB01CA01CD011001DD0101008E01DE01E0
:1085D8001201F3010300F101F401F401F80128018B
:1085E800220212013A020900652C3B023B023D02BD
:1085F800662C3F0240024102410246020A01530230
:10860800400081018601550289018A0158028F01C3
:108618005A0290015C025D025E025F0293016102F0
:10862800620294016402650266026702970196017C
:108638006A02622C6C026D026E029C017002710269
:108648009D01730274029F01760277027802790213
:108658007A027B027C02642C7E027F02A6018102E0
:108668008202A9018402850286028702AE014402C1
:10867800B101B20145028D028E028F029002910271
:10868800B7017B030300FD03FE03FF03AC030400F3
:108698008603880389038A03B1031103C203020016
:1086A800A303A303C4030803CC0303008C038E03B2
:1086B8008F03D8031801F2030A00F903F303F40344
:1086C800F503F603F703F703F903FA03FA03300493
:1086D800200350041007600422018A043601C104F3
:1086E8000E01CF040100C004D00444016105260432
:1086F80000000000C700FC00E900E200E400E00020
:10870800E500E700EA00EB00E800EF00EE00EC000F
:10871800C400C500C900E600C600F400F600F20077
:10872800FB00F900FF00D600DC00A200A300A500B2
:10873800A7209201E100ED00F300FA00F100D1005A
:10874800AA00BA00BF001023AC00BD00BC00A10005
:10875800AB00BB0091259225932502252425612590
:108768006225562555256325512557255D255C2508
:108778005B251025142534252C251C2500253C2592
:108788005E255F255A2554256925662560255025CF
:108798006C256725682564256525592558255225A2
:1087A80053256B256A2518250C25882584258C25B5
:1087B80090258025B103DF009303C003A303C303FF
:1087C800B500C403A6039803A903B4031E22C60375
:1087D800B50329226122B1006522642220232123C6
:1087E800F7004822B0001922B7001A227F20B200F1
:1087F800A025A00073645F636172645F646574653B
:10880800637400007270323034305F7364696F5F74
:1088180074785F706F6C6C007364696F5F766572F3
:108828006966795F72785F636865636B73756D738A
:10883800000000007270323034305F7364696F5F1B
:10884800636F6D6D616E645F5231000063686563CC
:108858006B5F7364696F5F77726974655F72657364
:10886800706F6E736500000000122436485A6C7EE3
:108878009082B4A6D8CAFCEE322016047A685E4C00
:10888800A2B08694EAF8CEDC647640522C3E081AF0
:10889800F4E6D0C2BCAE988A564472601E0C3A28E0
:1088A800C6D4E2F08E9CAAB8C8DAECFE8092A4B6D0
:1088B800584A7C6E10023426FAE8DECCB2A09684C0
:1088C8006A784E5C22300614ACBE889AE4F6C0D2B0
:1088D8003C2E180A746650429E8CBAA8D6C4F2E0A0
:1088E8000E1C2A38465462708290A6B4CAD8EEFC90
:1088F800120036245A487E6CB0A29486F8EADCCE80
:1089080020320416687A4C5EE6F4C2D0AEBC8A986F
:10891800766452403E2C1A08D4C6F0E29C8EB8AA5F
:10892800445660720C1E283A4A586E7C021026344F
:10893800DAC8FEEC9280B6A4786A5C4E302214063F
:10894800E8FACCDEA0B284962E3C0A18667442502F
:10895800BEAC9A88F6E4D2C01C0E382A544670621F
:108968008C9EA8BAC4D6E0F27889011009FF0000ED
:108978003E20BE240461420180E101418501A0211D
:10898800208100009489011005FF000022A020200A
:10899800BE23044243000000A889011012FF000012
:1089A800E3B14DA161116061287101E181F10161BB
:1089B800471180E1287142A1311142A1CD11014135
:1089C8004F112081B8750110C4750110D0750110C0
:1089D800007601101C76011058760110807601107F
:1089E800A4760110CC76011073645F7364696F5FBD
:1089F80072656164536563746F72730073645F7347
:108A080064696F5F72656164536563746F720000B7
:108A180073645F7364696F5F7772697465536563C4
:108A2800746F72730000000073645F7364696F5F32
:108A38007772697465536563746F720073645F73EA
:108A480064696F5F73746F705472616E736D69736C
:108A580073696F6E000000006C6F67534445727253
:108A68006F72000073645F7364696F5F6265676942
:108A78006E00000073656E645F626C6F636B00006C
:108A880073645F696E69745F6D656469756D000014
:108A980073645F636172645F7370695F696E697440
:108AA800000000000000102120423063408450A5DF
:108AB80060C670E781089129A14AB16BC18CD1AD1C
:108AC800E1CEF1EF123102103273225252B54294C4
:108AD80072F762D693398318B37BA35AD3BDC39C6C
:108AE800F3FFE3DE246234430420140164E674C710
:108AF80044A45485A56AB54B85289509E5EEF5CFBC
:108B0800C5ACD58D365326721611063076D766F663
:108B1800569546B4B75BA77A97198738F7DFE7FE0B
:108B2800D79DC7BC48C458E5688678A7084018612F
:108B380028023823C9CCD9EDE98EF9AF894899695B
:108B4800A90AB92B5AF54AD47AB76A961A710A5003
:108B58003A332A12DBFDCBDCFBBFEB9E9B798B58AB
:108B6800BB3BAB1A6CA67C874CE45CC52C223C034F
:108B78000C601C41EDAEFD8FCDECDDCDAD2ABD0BFB
:108B88008D689D497E976EB65ED54EF43E132E32A3
:108B98001E510E70FF9FEFBEDFDDCFFCBF1BAF3A4B
:108BA8009F598F78918881A9B1CAA1EBD10CC12DA9
:108BB800F14EE16F108000A130C220E3500440253F
:108BC8007046606783B99398A3FBB3DAC33DD31C9F
:108BD800E37FF35E02B1129022F332D2423552148F
:108BE80062777256B5EAA5CB95A88589F56EE54FEB
:108BF800D52CC50D34E224C314A0048174666447DF
:108C080054244405A7DBB7FA879997B8E75FF77E3E
:108C1800C71DD73C26D336F2069116B0665776762E
:108C280046155634D94CC96DF90EE92F99C889E90A
:108C3800B98AA9AB584448657806682718C008E17E
:108C4800388228A3CB7DDB5CEB3FFB1E8BF99BD8DE
:108C5800ABBBBB9A4A755A546A377A160AF11AD0CE
:108C68002AB33A92FD2EED0FDD6CCD4DBDAAAD8B2A
:108C78009DE88DC97C266C075C644C453CA22C831E
:108C88001CE00CC1EF1FFF3ECF5DDF7CAF9BBFBA7E
:108C98008FD99FF86E177E364E555E742E933EB26E
:108CA8000ED11EF00000333166625553CCC4FFF577
:108CB800AAA6999789A9BA98EFCBDCFA456D765C94
:108CC800230F103E0373304265115620CFB7FC8640
:108CD800A9D59AE48ADAB9EBECB8DF89461E752F74
:108CE800207C134D06E635D7608453B5CA22F913A4
:108CF800AC409F718F4FBC7EE92DDA1C438B70BA54
:108D080025E916D8059536A463F750C6C951FA6007
:108D1800AF339C028C3CBF0DEA5ED96F40F873C933
:108D2800269A15AB0DCC3EFD6BAE589FC108F239A3
:108D3800A76A945B8465B754E207D13648A17B9053
:108D48002EC31DF20EBF3D8E68DD5BECC27BF14A7F
:108D5800A41997288716B427E174D2454BD278E333
:108D68002DB01E810B2A381B6D485E79C7EEF4DFE3
:108D7800A18C92BD8283B1B2E4E1D7D04E477D7613
:108D880028251B1408593B686E3B5D0AC49DF7AC47
:108D9800A2FF91CE81F0B2C1E792D4A34D347E05F3
:108DA8002B5618671B9828A97DFA4ECBD75CE46D23
:108DB800B13E820F9231A100F453C7625EF56DC4D3
:108DC80038970BA618EB2BDA7E894DB8D42FE71EFF
:108DD800B24D817C9142A273F720C4115D866EB7B3
:108DE8003BE408D51D7E2E4F7B1C482DD1BAE28B63
:108DF800B7D884E994D7A7E6F2B5C18458136B2293
:108E08003E710D401E0D2D3C786F4B5ED2C9E1F8C6
:108E1800B4AB879A97A4A495F1C6C2F75B60685172
:108E28003D020E331654256570364307DA90E9A1E2
:108E3800BCF28FC39FFDACCCF99FCAAE5339600812
:108E4800355B066A1527261673454074D9E3EAD2BE
:108E5800BF818CB09C8EAFBFFAECC9DD504A637BF2
:108E68003628051910B2238376D045E1DC76EF4722
:108E7800BA148925991BAA2AFF79CC4855DF66EED2
:108E880033BD008C13C120F075A34692DF05EC3486
:108E9800B9678A569A68A959FC0ACF3B56AC659DB2
:108EA80030CE03FF000037306E605950DCC0EBF065
:108EB800B2A08590A9A19E91C7C1F0F175614251F8
:108EC8001B012C31436374532D031A339FA3A893BA
:108ED800F1C3C6F3EAC2DDF284A2B39236020132CC
:108EE80058626F5286C6B1F6E8A6DF965A066D3606
:108EF800346603562F67185741077637F3A7C49788
:108F08009DC7AAF7C5A5F295ABC59CF519652E5561
:108F1800770540356C045B3402643554B0C487F47B
:108F2800DEA4E9941DAD2A9D73CD44FDC16DF65DA7
:108F3800AF0D983DB40C833CDA6CED5C68CC5FFCFB
:108F480006AC319C5ECE69FE30AE079E820EB53E01
:108F5800EC6EDB5EF76FC05F990FAE3F2BAF1C9FC7
:108F680045CF72FF9B6BAC5BF50BC23B47AB709B6D
:108F780029CB1EFB32CA05FA5CAA6B9AEE0AD93ACB
:108F8800806AB75AD808EF38B668815804C833F8E9
:108F98006AA85D9871A946991FC928F9AD699A59B7
:108FA800C309F4393B5A0C6A553A620AE79AD0AABF
:108FB80089FABECA92FBA5CBFC9BCBAB4E3B790B87
:108FC800205B176B78394F0916592169A4F993C9A1
:108FD800CA99FDA9D198E6A8BFF888C80D583A687B
:108FE80063385408BD9C8AACD3FCE4CC615C566CF5
:108FF8000F3C380C143D230D7A5D4D6DC8FDFFCD37
:10900800A69D91ADFEFFC9CF909FA7AF223F150F38
:109018004C5F7B6F575E606E393E0E0E8B9EBCAE0A
:10902800E5FED2CE26F711C748977FA7FA37CD07B6
:109038009457A3678F56B866E136D606539664A64A
:109048003DF60AC6659452A40BF43CC4B9548E6428
:10905800D734E004CC35FB05A255956510F527C536
:109068007E9549A5A0319701CE51F9617CF14BC19C
:10907800129125A109903EA067F050C0D550E2603A
:10908800BB308C00E352D4628D32BA023F9208A200
:1090980051F266C24AF37DC3249313A39633A10306
:1090A800F853CF63000076B4ED689BDCCAF1BC4589
:1090B8002799512D85C3F37768AB1E1F4F32398628
:1090C800A25AD4EE1BA76D13F6CF807BD156A7E228
:1090D8003C3E4A8A9E64E8D0730C05B85495222118
:1090E800B9FDCF49374E41FADA26AC92FDBF8B0B5A
:1090F80010D76663B28DC4395FE52951787C0EC8F4
:109108009514E3A02CE95A5DC181B735E61890ACF7
:109118000B707DC4A92ADF9E444232F663DB156FCB
:109128008EB3F8076E9C182883F4F540A46DD2D945
:1091380049053FB1EB5F9DEB0637708321AE571AA7
:10914800CCC6BA72753B038F9853EEE7BFCAC97E87
:1091580052A22416F0F8864C1D906B243A094CBD97
:10916800D761A1D559D22F66B4BAC20E9323E59719
:109178007E4B08FFDC11AAA5317947CD16E0605473
:10918800FB888D3C427534C1AF1DD9A98884FE3057
:1091980065EC1358C7B6B1022ADE5C6A0D477BF34B
:1091A800E02F969BDD38AB8C305046E417C9617DC3
:1091B800FAA18C1558FB2E4FB593C327920AE4BE2B
:1091C8007F6209D6C69FB02B2BF75D430C6E7ADA07
:1091D800E10697B2435C35E8AE34D88089ADFF1913
:1091E80064C51271EA769CC2071E71AA208756339D
:1091F800CDEFBB5B6FB5190182DDF469A544D3F0EF
:10920800482C3E98F1D187651CB96A0D3B204D94D6
:10921800D648A0FC741202A6997AEFCEBEE3C857CE
:10922800538B253FB3A4C5105ECC287879550FE140
:10923800943DE289366740D3DB0FADBBFC968A22AA
:1092480011FE674AA803DEB7456B33DF62F21446A6
:109258008F9AF92E2DC05B74C0A8B61CE731918592
:109268000A597CED84EAF25E69821F364E1B38AFDC
:10927800A373D5C70129779DEC419AF5CBD8BD6C6E
:1092880026B050049F4DE9F97225049155BC230876
:10929800B8D4CE601A8E6C3AF7E68152D07FA6CB4E
:1092A8003D174BA30000AA514483EED289062357E9
:1092B800CD8567D4022DA87C46AEECFF8B2B217A96
:1092C800CFA865F9045AAE0B40D9EA888D5C270D02
:1092D800C9DF638E0677AC2642F4E8A58F71252096
:1092E800CBF261A308B4A2E54C37E66681B22BE362
:1092F800C5316F600A99A0C84E1AE44B839F29CEE6
:10930800C71C6D4D0CEEA6BF486DE23C85E82FB931
:10931800C16B6B3A0EC3A4924A40E01187C52D94E5
:10932800C34669171168BB3955EBFFBA986E323FCF
:10933800DCED76BC1345B91457C6FD979A43301235
:10934800DEC074911532BF6351B1FBE09C343665C1
:10935800D8B772E6171FBD4E539CF9CD9E193448F5
:10936800DA9A70CB19DCB38D5D5FF70E90DA3A8B21
:10937800D4597E081BF1B1A05F72F52392F738A685
:10938800D6747C251D86B7D75905F35494803ED1F1
:10939800D0037A521FABB5FA5B28F17996AD3CFC45
:1093A800D22E787F22D088816653CC02ABD6018733
:1093B800EF55450420FD8AAC647ECE2FA9FB03AA95
:1093C800ED784729268A8CDB6209C858AF8C05DD01
:1093D800EB0F415E24A78EF66024CA75ADA107F095
:1093E800E92243732A6480356EE7C4B6A362093361
:1093F800E7E14DB0284982186CCAC69BA14F0B1EE5
:10940800E5CC4F9D2E3E846F6ABDC0ECA7380D6930
:10941800E3BB49EA2C1386426890C2C1A5150F44E4
:10942800E1964BC733B899E9773BDD6ABABE10EFCE
:10943800FE3D546C31959BC47516DF47B89312C234
:10944800FC10564137E29DB37361D930BEE414B5C0
:10945800FA67503635CF9F9E714CDB1DBCC91698F4
:10946800F84A521B3B0C915D7F8FD5DEB20A185B20
:10947800F6895CD8392193707DA2D7F3B0271A7684
:10948800F4A45EF53F5695077BD5D184B6501C01F0
:10949800F2D358823D7B972A79F8D3A9B47D1E2C44
:1094A800F0FE5AAF000045A08B40CEE006A1430174
:1094B8008DE1C8410D4248E28602C3A20BE34E4348
:1094C80080A3C5031A845F2491C4D4641C255985DC
:1094D8009765D2C517C652669C86D926116754C7A8
:1094E8009A27DF87350870A8BE48FBE833A97609B4
:1094F800B8E9FD49384A7DEAB30AF6AA3EEB7B4B48
:10950800B5ABF00B2F8C6A2CA4CCE16C292D6C8D9B
:10951800A26DE7CD22CE676EA98EEC2E246F61CFA7
:10952800AF2FEA8F6A102FB0E150A4F06CB1291167
:10953800E7F1A251675222F2EC12A9B261F3245367
:10954800EAB3AF1370943534FBD4BE7476353395D3
:10955800FD75B8D57DD63876F696B3367B773ED787
:10956800F037B5975F181AB8D45891F859B91C193B
:10957800D2F99759525A17FAD91A9CBA54FB115B67
:10958800DFBB9A1B459C003CCEDC8B7C433D069D93
:10959800C87D8DDD48DE0D7EC39E863E4E7F0BDF87
:1095A800C53F809FD42091805F601AC0D2819721E7
:1095B80059C11C61D9629CC252221782DFC39A63C7
:1095C80054831123CEA48B0445E40044C8058DA51B
:1095D800434506E5C3E6864648A60D06C54780E727
:1095E8004E070BA7E128A4886A682FC8E789A22933
:1095F8006CC92969EC6AA9CA672A228AEACBAF6BC7
:10960800618B242BFBACBE0C70EC354CFD0DB8AD5A
:10961800764D33EDF6EEB34E7DAE380EF04FB5EF26
:109628007B0F3EAFBE30FB90357070D0B891FD31E6
:1096380033D17671B372F6D238327D92B5D3F073E6
:109648003E937B33A4B4E1142FF46A54A215E7B512
:1096580029556CF5A9F6EC5622B66716AF57EAF706
:10966800241761B78B38CE98007845D88D99C839BA
:1096780006D94379867AC3DA0D3A489A80DBC57BE6
:109688000B9B4E3B91BCD41C1AFC5F5C971DD2BD52
:109698001C5D59FD9CFED95E17BE521E9A5FDFFF06
:1096A800111F54BF0000B86160E3D882C1C679A712
:1096B800A125194493AD2BCCF34E4B2F526BEA0ADC
:1096C80032888AE9377B8F1A5798EFF9F6BD4EDC56
:1096D800965E2E3FA4D61CB7C4357C546510DD7148
:1096E80005F3BD926EF6D6970E15B674AF301751C6
:1096F800CFD377B2FD5B453A9DB825D93C9D84FC14
:109708005C7EE41F598DE1EC396E810F984B202A5D
:10971800F8A840C9CA207241AAC312A20BE6B387AF
:109728006B05D364DDEC658DBD0F056E1C2AA44B5B
:109738007CC9C4A84E41F6202EA296C38F8737E66F
:10974800EF645705EA9752F68A7432152B51933015
:109758004BB2F3D3793AC15B19D9A1B8B8FC009DD3
:10976800D81F607EB31A0B7BD3F96B9872DCCABD25
:10977800123FAA5E20B798D64054F835E1715910C7
:10978800819239F384613C00E4825CE345A7FDC61D
:1097980025449D2517CCAFAD772FCF4ED60A6E6BDB
:1097A800B6E90E88ABF91398CB1A737B6A3FD25E81
:1097B8000ADCB2BD3854803558B7E0D6F99241F387
:1097C800997121109C8224E3FC6144005D44E525E5
:1097D8003DA785C60F2FB74E6FCCD7ADCEE976889B
:1097E800AE0A166BC50F7D6EA5EC1D8D04C9BCA80D
:1097F800642ADC4B56A2EEC336418E2097642F05AF
:10980800F7874FE6F2744A1592972AF633B28BD34C
:109818005351EB3061D9D9B8013AB95BA01F187E12
:10982800C0FC789D7615CE7416F6AE97B7D30FB2F6
:10983800D7306F51E5B85DD9855B3D3A247E9C1FD2
:10984800449DFCFC416EF90F218D99EC80A838C924
:10985800E04B582AD2C36AA2B2200A411305AB646E
:1098680073E6CB8718E3A0827800C061D9256144EC
:10987800B9C601A78B4E332FEBAD53CC4A88F2E91A
:109888002A6B920A2F9897F94F7BF71AEE5E563F8C
:109898008EBD36DCBC350454DCD664B77DF3C59286
:1098A8001D10A571000047D38FA6C8750F6D48BE5F
:1098B80080CBC7181EDA5909917CD6AF11B7566408
:1098C8009E11D9C23DB47A67B212F5C132D9750A70
:1098D800BD7FFAAC236E64BDACC8EB1B2C036BD008
:1098E800A3A5E4767B683CBBF4CEB31D740533D6E0
:1098F800FBA3BC7065B22261EA14ADC76ADF2D0C08
:10990800E579A2AA46DC010FC97A8EA949B10E628F
:10991800C61781C458061FD5D7A09073576B10B8C7
:10992800D8CD9F1EF6D0B10379763EA5F9BDBE6E9F
:10993800761B31C8E80AAFD967AC207FE767A0B4C7
:1099480068C12F12CB648CB744C20311C40983DAEF
:109958004BAF0C7CD5BE926D5A181DCBDAD39D0047
:10996800557512A68DB8CA6B021E45CD82D5C5069F
:109978000D734AA09362D4B11CC45B179C0FDBDC47
:1099880013A9547AB00CF7DF3FAA7879BF61F8B20F
:1099980030C77714AED6E905217066A3A1BBE66887
:1099A8002E1D69CEFD81BA52722735F4F2ECB53F0F
:1099B8007D4A3A99E35BA4886CFD2B2EEC36ABE527
:1099C80063902443C03587E64F930840CF58888B6F
:1099D80040FE072DDEEF993C5149169AD1829651E7
:1099E8005E2419F786E9C13A094F4E9C8984CE57FF
:1099F800062241F19833DFE017955046975ED08DE7
:109A080018F85F2BBB5DFC8E34FB7328B430F3E38E
:109A18003B967C45A587E2542A216DF2AAEAED39E6
:109A2800254C629F0B514C8284F7C324043C43EFBE
:109A38008B9ACC49158B52589A2DDDFE1AE65D3566
:109A48009540D29336E57136B943FE9039887E5BEE
:109A5800B62EF1FD283F6FECA799E04A27526081A6
:109A6800A8F4EF27703937EAFF9FB84C7F5438873E
:109A7800F0F2B7216EE32930E145A696618E265DA6
:109A8800EE28A9FB4D8D0A5EC22B85F842E005330E
:109A9800CD468A9553571484DCF19B225C3A1BE926
:109AA800D39C944F00002110422063308440A5507D
:109AB800C660E770088129914AA16BB18CC1ADD10C
:109AC800CEE1EFF13112100273325222B5529442B4
:109AD800F772D662399318837BB35AA3BDD39CC35C
:109AE800FFF3DEE36224433420040114E664C77400
:109AF800A44485546AA54BB528850995EEE5CFF5AC
:109B0800ACC58DD55336722611163006D776F66653
:109B18009556B4465BB77AA719973887DFF7FEE7FB
:109B28009DD7BCC7C448E5588668A778400861181F
:109B380002282338CCC9EDD98EE9AFF9488969994B
:109B48000AA92BB9F55AD44AB77A966A711A500AF3
:109B5800333A122AFDDBDCCBBFFB9EEB799B588B9B
:109B68003BBB1AABA66C877CE44CC55C222C033C3F
:109B7800600C411CAEED8FFDECCDCDDD2AAD0BBDEB
:109B8800688D499D977EB66ED55EF44E133E322E93
:109B9800511E700E9FFFBEEFDDDFFCCF1BBF3AAF3B
:109BA800599F788F8891A981CAB1EBA10CD12DC199
:109BB8004EF16FE18010A100C230E320045025402F
:109BC80046706760B9839893FBA3DAB33DC31CD38F
:109BD8007FE35EF3B1029012F322D232354214527F
:109BE80077625672EAB5CBA5A89589856EF54FE5DB
:109BF8002CD50DC5E234C324A014810466744764CF
:109C080024540544DBA7FAB79987B8975FE77EF72E
:109C18001DC73CD7D326F2369106B016576676761E
:109C2800154634564CD96DC90EF92FE9C899E989FA
:109C38008AB9ABA94458654806782768C018E1086E
:109C48008238A3287DCB5CDB3FEB1EFBF98BD89BCE
:109C5800BBAB9ABB754A545A376A167AF10AD01ABE
:109C6800B32A923A2EFD0FED6CDD4DCDAABD8BAD1A
:109C7800E89DC98D267C076C645C454CA23C832C0E
:109C8800E01CC10C1FEF3EFF5DCF7CDF9BAFBABF6E
:109C9800D98FF89F176E367E554E745E932EB23E5E
:109CA800D10EF01E0009121B242D363F48415A538D
:109CB8006C657E7719100B023D342F265158434AA4
:109CC800757C676E323B2029161F040D7A73686114
:109CD8005E574C452B2239300F061D14636A717884
:109CE800474E555C646D767F4049525B2C253E3764
:109CF80008011A137D746F6659504B42353C272E64
:109D08001118030A565F444D727B60691E170C05D3
:109D18003A3328214F465D546B627970070E151C43
:109D2800232A31384148535A656C777E09001B1243
:109D38002D243F3658514A437C756E671019020B23
:109D4800343D262F737A6168575E454C3B32292093
:109D58001F160D046A6378714E475C55222B303903
:109D6800060F141D252C373E0108131A6D647F76E3
:109D780049405B523C352E2718110A03747D666FE3
:109D88005059424B171E050C333A21285F564D4453
:109D98007B7269600E071C152A233831464F545DC3
:109DA800626B7079D4770110E07701101878011090
:109DB8002C7801104C780110647801107C7801101F
:109DC8009C780110D87801100879011030790110B9
:109DD800587901107C790110A0790110C07901101F
:109DE800E87901102C7A01106C7A0110987A011028
:109DF800BC7A0110387E0110407E0110487E0110A7
:109E0800507E0110587E0110607E0110E6BCEE5DA8
:109E180099F3AA56AA36AA16B215B235B235B23592
:109E2800B235BA35BA55B255BA55C254C234C9F169
:109E3800B94FC14EC96EC98DC96CC14DD209FBC895
:109E4800EB86F365F345F366FB66FB46F346F3459D
:109E5800F345F345F345F325F325F326F305F30519
:109E6800F2E6F2C6F2C6EAA6EA86EA67E247E2271F
:109E7800D9E6D9E7C9EC89107115691670F670F63C
:109E880070D668D668D668D668D668D660B560B524
:109E980060B560B558955894589458945093509319
:109EA800509350B3E6BCEE3D99D3AA56AA36AA16EB
:109EB800AA15AA15B215B215B215B215B215B23453
:109EC800B234BA34C213B14FB94FC12EC14EC16DAD
:109ED800C16DC14DCA09F3A8EB86F365F345F36676
:109EE800FB66FB46F345F345F345F345F345F32598
:109EF800F325F305F305F306F2E6F2C6F2A6EAA6A1
:109F0800EA86EA67E247E227D9E7D9E7C1EC88EFB2
:109F18006914691670F668F668D668D668D668D681
:109F280068D660B560955895589558945894589443
:109F38005894507450935073509350B3E6BCEE3D10
:109F480099B3AA36AA16AA16AA16A9F6AA16B21577
:109F5800B215B1F5B215B215B214C214B191B14F20
:109F6800B94FB94FB92EB94EB94DB92EC9E9F3A8B1
:109F7800F386F365F345F346FB45FB45F346F326C5
:109F8800F326F326F326F326F325F305F306F2E684
:109F9800F2C6F2C6EAA6EAA6EA66EA47E247E22776
:109FA800D9E7D1E7C1CB88CF6915691670F668D6AD
:109FB80068D668D668D668B668B560B560955894AE
:109FC8005894589458945094509450735094507393
:109FD80050734092E6BCEE5D9193A216AA17A9F6BB
:109FE800A9F6A9F6A9F6A9F5B1F5B1F5A9F5B2153D
:109FF800B214B9B2A910B92FB92FB92FB92FB94EC8
:10A00800B94EB12EC9EAFBA8F386F345F345F346EA
:10A01800F345F325F326F346F346F326F326F32612
:10A02800F326F306F2E6F2C6EAA5F2A6EAA6EA865F
:10A03800E266E247E227DA07D1C7D1C7C1CB80CFB2
:10A0480068F468F568D568D668D668D660B560B52E
:10A0580060B5609560945874507450735073507321
:10A068005073487348734872407130D1E6BCEE7D36
:10A078009173A216A1F6A9D6A9D6A9D6A9D6A9D50B
:10A08800A9D5A9D5A9D5A9F5B1F4A951B110B12F70
:10A09800B92FB90FB12FB12EB12EB10EC9EAFBA855
:10A0A800F366F345F345F345F345F325F346F346E5
:10A0B800F346F326F326F326F306F306F2E6EAC69A
:10A0C800EAA6EAA6EA86EA66E266E247E227DA074D
:10A0D800D1C7D1C7C1CB80CF68F460F568D560D649
:10A0E80060B660B5609560956094609458745873D4
:10A0F80050735073507350734873485340724051B3
:10A1080038904A55E6BDEE5E8953A1F6A1D7A1D78E
:10A11800A1D6A1D6A1D6A9D6A9D6A9D5A9F5B1B552
:10A12800B173A930A92FB10FB12FB12FB12FB12F12
:10A13800B12DB10EC9EBFBA9F366F346F346F3461E
:10A14800F346F326F346F326F326F326EB06F32627
:10A15800F306F306EAE6EAE6EAA6EA86EAA7EA6684
:10A16800E266E227E227DA07D9C7D1C7C1AB80AEDA
:10A1780068D360F568B560B560B560B5609458742B
:10A1880060745874507350735073487348734873AD
:10A19800487248524871289042543AF4E6BDEE5E3F
:10A1A8008953A1F6A1D7A1B7A1B6A1D6A1D6A1D6A8
:10A1B800A9D6A9D6A9D5B1D5A953A931A12FA90F37
:10A1C800A90FA90FA90FA90FA92EA90EC1CBFB8909
:10A1D800F366F346F346F346F346F326F346F326CF
:10A1E800F326F326F306F306F306F306F2E6EAC6C9
:10A1F800EAA6EAA6EA86EA66E246E226E207D9E79E
:10A20800D1A6D1A7B9AB80AE60D360D568B560B52B
:10A2180060B5609458945874587458735073507259
:10A2280048724873485250524872405130904A150B
:10A2380042F632F4E6BDEE5E811399D699B799B726
:10A24800A1B6A1D6A1D6A1D6A1B6A1D6A1D5A194D1
:10A25800A111A110A10FA910A910A90FA90FA90F49
:10A26800A92EA90FC1CBFB89F366F346F346F34643
:10A27800FB46FB26FB26F326F326F326F305F30617
:10A28800F2E6F2E6F2E6EAC6F2A6EAA6EA86E266AE
:10A29800E246E206E207D9E7D1A7D186B9AB808EBC
:10A2A80068D360D468B560B560B560945894587444
:10A2B8005873505350524852485248724852487145
:10A2C8004071304F423442D532F42B14E6BDEE5D76
:10A2D800811391B69997999799B699B6A1B7A1B6EE
:10A2E800A1B6A1B6A1D699539911A110A110A11098
:10A2F800A110A110A110A910A12FA8EFB9ABF38943
:10A30800F346F326F326FB26FB26FB26FB26F3263D
:10A31800F306F306F306F2E6F2E6F2C6F2C6EAA69A
:10A32800F2A6EA86EA66E246E246D9E6D9E7D9C75E
:10A33800D187D187B98B788E60D360B460946094EC
:10A348006094589458745853505350524852485235
:10A358004852487248514091206E42343B1533149C
:10A368002B342B33E6BDE63D813491B6919799970E
:10A37800999799B799B799B6A1B6A1B6A1D69132CE
:10A388009911A11098F0A0F0A0F0A0F0A10FA10FD2
:10A39800A10FA0F0B9ABF369F346F325F305F32653
:10A3A800F326FB26FB26F306F306F305F2E5F2C6D1
:10A3B800F2C6F2C6F2C6EAA6EAA6EA86E266E2466D
:10A3C800E246D9E6D9C6D1A6D186D187B98B786DB0
:10A3D80060B358B46074589458945894587450534F
:10A3E8005053505248524051405140714091306F43
:10A3F80042133AF533342B3423332B33E6BDE63E90
:10A4080081339197919791969197919799B799B729
:10A418009996A1B6A1B590F29911A111A0F198F061
:10A42800A0F0A0F098F098F0990FA0F0B9ABF369FC
:10A43800F345F327F306F326FB06FB06F2E6F2E6FE
:10A44800FB06F306F2E6F2E6F2C6F2C6F2A6EAA6C2
:10A45800F286EA86EA66EA46E226E1E7D9C7D9A79C
:10A46800D187D187C16B706D60B35893507458937E
:10A4780050735073505350534852485248314831E2
:10A4880048514871286F3A13431533142B3333332B
:10A4980033343333E6BDE63E79138977897791768D
:10A4A800917791979197999799969996915490F257
:10A4B80098F198F198F198F098F098F098F098F051
:10A4C800990F98D0B98BF369F326F326F306F306B0
:10A4D800F306F306F2E6F306F306F2E6F2E6F2C650
:10A4E800F2C6F2A6EAA6EA85EA86EA86EA46E246DD
:10A4F800E226E1E6D9C6D186D166D167C18B706DF7
:10A508005892589350735073505250524852485270
:10A5180040514851483148514051284E41D342F5A5
:10A52800331433342B13333333342B13E6BDEE3E5D
:10A5380078F3897789778976917789979197919731
:10A5480099969996911390F198F198F198F198F15C
:10A5580098F090F098F098F0910F98D0B98CF36932
:10A56800F326F307F306F306F306F306F306F2E61B
:10A57800F2E6F2E6F2E5F2C6F2C6F2A6EAA5EA8546
:10A58800EA86EA66EA46E226E206D9E6D9C6D1A60E
:10A59800C966C966C18B706C587150724873505245
:10A5A8004852485248524032405140514050384F2A
:10A5B800306F3A1342F52B142B542B332B332B3398
:10A5C8002B342B33E6BDEE3E78F4897889578976AB
:10A5D800897889778977919791769176911290F217
:10A5E80098F190F190F290F190F190F190F090F054
:10A5F800910F90D0B18CF349F326F306F2E6F306F7
:10A60800F2E6F2E6F2E6F2E6F2E6F2E5F2C5F2C6C4
:10A61800F2C6F2A6EAA5EA85EA66EA46E226E22654
:10A62800E206D9C6D9C6D186C946C966B98B686C4F
:10A638005091507248524852485248524031403125
:10A64800407140503870208E3A133B1433142B332A
:10A658002B332B332B13333433342B13E69DE61D66
:10A6680070F4897889578977895889778977919794
:10A678009176893588F2911290F190F190F290F1EB
:10A6880090D190F090F090D088EF90CFB18BF349B3
:10A69800F306F2E7F2E6F2E6F2E6F2E6F2E6F2E5D1
:10A6A800F2C5F2C5F2C5F2C5F2A5F2A5EAA6EA8599
:10A6B800EA66EA46E226E226E206D9C6D9A6D186A5
:10A6C800C946C946B96A686C5091507248524831B7
:10A6D800483140514031403140504050302E39B11E
:10A6E8004315331333332B332B3333132B33333497
:10A6F80033342B13E69DE61D7114819981788957AF
:10A708008978815789778977917690F490F190F2DA
:10A7180090F190F190F190F190F188D088D090F17B
:10A7280090F188CEB16DFB68EB25F306F2E6F2E610
:10A73800F2E6F2E5F2E6F2E5F2C5F2C5EAA5F2C5FF
:10A74800F2C5EAA6EA86EA66EA66EA46E226E2068A
:10A75800E1E6D9C6D9A6D186C946C966B18A682BA9
:10A768005071485240724831403148514031401090
:10A778004051282E39B143352B34333333333333F7
:10A788002B1333332B13333433343334E67DE63D24
:10A7980070F48178817881578958817789778977AA
:10A7A800915688F388D190F288F188F188F188F180
:10A7B80088F188F188F190F188D188CFB18EFB6853
:10A7C800EB25F306F2E6F2E6F2E6F2E5F2E6F2E56A
:10A7D800F2E5F2E6EAC5F2C5F2C5EAA6EA86EA6655
:10A7E800EA46E225E206E206D9E6D9C6D1A6D1862E
:10A7F800C946C946B16A602B5070487140724031F1
:10A808004031405140504030280E3992431533139F
:10A818003334333333333333333333332B13333426
:10A8280033333333E69DE63D68D4817881588157C8
:10A838008158815881778977895588D288F288F23A
:10A8480088F188F188F188F188F188F188F188F138
:10A8580088F188CFB18EF368EB26F306F2E6F2E6CC
:10A86800F2E6F2E5F2E6F2E6F2E6F2E5F2C5F2C564
:10A87800F2A5EA86EA86EA66E225E225E206E1E64C
:10A88800D9C5D9C6D9A6D166C946C946B16A602B09
:10A89800505048504051403140304050384F304E71
:10A8A80039724B162B332B3333132B332B332B3378
:10A8B8002B332B332B332B332B333333E69DE63DAE
:10A8C80068D48179815881578158815881788977EE
:10A8D800895580D288F288F288F288F188F188F167
:10A8E80088F188F188F188F188F180CFB18EF388FA
:10A8F800EB26F306F2E6F306F2E6F2E5F2E6F2E616
:10A90800F2E6F2C5F2C5F2C5EAA5EA86EA66EA66A3
:10A91800E245E225E206E1E6D9C6D9C6D9A6D1863E
:10A92800C926C967B16A602B504F48304050403043
:10A938004030386F206D31714B363B342B532B33FD
:10A9480033133333333333333333333333333333EF
:10A9580033533353E69DE63E60D479798158815765
:10A968008158815881588177895588F288F288F210
:10A9780088F288F288F188F188F188F188D188D145
:10A9880088D180EFA96EF368EB46F306F306F30669
:10A99800F2E6F2E6F306F306F2E6F2E5F2C5F2C5F0
:10A9A800EAA5EAA6EA86EA66EA46E226E226E20698
:10A9B800D9E6D9C6D9A6D186C926C967B14A602BB6
:10A9C800504F402F38504030402F282E317042F4DD
:10A9D8002B143333333233322B3333333333333370
:10A9E800333333333333333333333353E6BDE65DF5
:10A9F800611479798158815779587958817789967E
:10AA0800813480F388F388F388D288F288F2811140
:10AA180080F180F180F188F188D088B0A96CF38941
:10AA2800F345F326F306F305F305F305F2E5F3051D
:10AA3800F2E5F2E5F2E5F2E5F2C5F2A5F286EA659D
:10AA4800EA66EA46E226E206D9E6D9C6D9A6D1865A
:10AA5800C946C946B16A602A484F404F384F3850F6
:10AA6800302E390F4AD42B132B122B122B123312E0
:10AA78003332331333133313331333333332333221
:10AA880033323332E6BDEE7E6114797981588157CD
:10AA98007958815881778176811480F388F388F317
:10AAA80088D288F288F280F180F180F180F180F11B
:10AAB80080F180B1A16DEB8AF325EB26EB25EB2520
:10AAC800F325F325F307F307EB05EB25EB25F2E573
:10AAD800F2E5F2C5F2A6F286EA66EA46E226E20660
:10AAE800DA06D9C6D9A6D186C946C946A94A580A96
:10AAF800482F402F404F282E31104A9432B232F25C
:10AB08002B122B122B122B122B122B132B132B1352
:10AB18002B3333333333333333332B33E6DDEE7EAA
:10AB28006114797981588157815881588177817664
:10AB3800811488F388F388F388D288D288D280F188
:10AB480080F180F178F178D180F080B1A16CF38A3E
:10AB5800F325F307F306F306F306F2E6F324F324EA
:10AB6800F304F305F305F305F2E5F2E6F2C6EAA607
:10AB7800EA85EA65E246E226D9E6D9C6D9A6D166CB
:10AB8800C946C946A96A580B482F402E302E310FA6
:10AB9800429332D232F232D12AF22AF22AF22B121C
:10ABA8002B1233123313331233133313331332F399
:10ABB80032F232F2EEFEEE7E691579587938815715
:10ABC8007958817881778176811480F388D288D307
:10ABD80088D280D288D280D180D180F278F178F181
:10ABE80080D080B0A16DEB8BEB47EB65EB65EB4458
:10ABF800EB44F364EB44F345F325F305FAE5F30579
:10AC0800F305F2E5F2C6EAA5EA85EA65E245E22639
:10AC1800D9E6D9C6D1A6C966C946C146A96A580A9D
:10AC2800484E302D310F52B33A922AB12AB132B080
:10AC380032B132D132B132B132B132B132B132B1D4
:10AC480032B132B13AB132B132913291EEFEE67D93
:10AC580060F481798158815781588158817781764C
:10AC680080F480F388D288D388D288D288D280D2E0
:10AC780080D280F278F278F1791178D399D0D38E96
:10AC8800E3ECDBADE3ADDBADDB8CE38CEBCDE38B51
:10AC9800EB68F345F324F325F305F306F2E6EAA59A
:10ACA800EA85EA65EA45E226E206D9A6D1A6C9669A
:10ACB800C946C146A9695809402D30CE4A933A7110
:10ACC800327032502A4F32903A703A703A703A7075
:10ACD8003A703A703A703A703A703A703A703A503C
:10ACE8003A503A50E6DDE65D60D47977795879587C
:10ACF8007958797781778175791380F280F280D2DB
:10AD080080D180F280F280F180F268D248B250B3EC
:10AD180050B248B148D048ED410B48CB48CB48CB5E
:10AD280048AB408B38AB4006CAEAFB86EB25F325D7
:10AD3800F325F305F2E6EAA5EAA6EA85EA65E2263E
:10AD4800E1E5D9E6D9A6D186D146C946A96848061B
:10AD580038CC4A10322D320D31ED31ED320D320D35
:10AD680039ED3A0D3A0D3A0D3A0D31ED3A0D3A0DED
:10AD780031ED31ED39EE39CE39CE39CEE6DEE63D6C
:10AD880060F479777958793879577957797781756F
:10AD980078F380F280F280D280D280D280F280F183
:10ADA80080D260D248B248B340D340D338F2311190
:10ADB8002130293029302930211020F028EE30495F
:10ADC800CB6DF387E346EB25EB25EB05EAE6E2C519
:10ADD800E2A5E285DA65DA45DA25D1E5D1E5C9A546
:10ADE800C985C985A16750835187418741C741C734
:10ADF80041C741A741A741C741A741C741A741C88A
:10AE080049E849C841C741874187418741A74187E8
:10AE180041884188E6DEE65E60F4795779577958CB
:10AE28007957795879777976791381138112811254
:10AE38008112811281128112811360F248D248D3A3
:10AE480040D240D338F329332153215321332133BE
:10AE58002132211218F0204BCBF0F42AF3E9F3E861
:10AE6800F3E8F3C8F3C8F3A8EB88EB68EB48EB28E2
:10AE7800E307E2E6DAC6DAA6DA86D266CB08F5CFC9
:10AE8800D5ABD58CCD8DD58CD58CD58CD5ADD5AD58
:10AE9800D5CED5CED5CED5AED5CED5ADD58DD56D75
:10AEA800D58DCD6CCD4CCD6DCD6DCD4DEEDEE65E48
:10AEB80060D4795779377958795879787977797664
:10AEC80079348113811381138113811381137912CA
:10AED800811360F348D248B348B248D338F33133CA
:10AEE8002152293229322912291229121911206CCA
:10AEF800C3F1F44AF409EC09EC09EBE9EBE9EBC915
:10AF0800EBA8E388E368E348E327E326DAE6DAC553
:10AF1800D2A5D285C303FE6BE627E5C6E5E7E5C7FC
:10AF2800E5C7E5C7E5E7EDE7E5E8E5E8E5E8E5E8ED
:10AF3800E5E8E5E8E5E8E5E8E5E8E5E8E5E8E5E8A1
:10AF4800E5E8E5E8EEDEE65E60D3795779377937EC
:10AF58007957795879777976793481138113811300
:10AF68008113811381137932791360F240D240B38F
:10AF780040D440D438F429532172217221522152ED
:10AF8800215221522111204BC3D0F44AEC09EC0A7A
:10AF9800EC0AEC0AEBE9EBE9EBC9E3A8E388E36721
:10AFA800E347E326DAE5DAE5D2C5D2A5BB03FE2CF2
:10AFB800EE49E5C7E5C7E5A6E5C7EDE7EDE7EDE747
:10AFC800E5E7EDE7EDE7EDE7EDE7E5E7E5E7E5E6FA
:10AFD800E5E7E5E6E5E7E5E7E5E7E5E7EEFDDE1DBC
:10AFE80058B27156715879587957793779567956D0
:10AFF80079547933811378F379137913793381127A
:10B008007133591240F238F240B340D338F3293340
:10B018001973215221522152213221321911206BE8
:10B02800C3EFF449EC2AEC09EC09EBE9F3E9EBE9A5
:10B03800EBE9E3A8E3A8E367DB47DB26DB05DAE512
:10B04800D2C4D2A4BAE3FE2BF669F648E5C7E5E612
:10B05800E5C6E5C7EDC7EDC7E5E7E5E7E5E7E5E7F9
:10B06800E5E7E5E7E5E7E5C7E5E7E5E7E5C7E5C7D8
:10B07800E5C7E5C7EEFDDE1D6094793879197919C1
:10B08800791871387137793779157913811280F207
:10B0980080F27912793279136934591440B340D463
:10B0A80040B338D33113293321732152215221520D
:10B0B800215221322132208BC40FF449EC0AEC09C9
:10B0C800EC09EBE9F3E9EBE9EBE9E3A8E3A8E388AA
:10B0D800E367E326DB06DB05D2C4D2A4BAE2FE2B83
:10B0E800F649FE69F649E5E7E5E7EDE7EDE7EDE75F
:10B0F800EDE7EDE7EDE7EDE7EDE7EE07E5E7E5E797
:10B10800E5E7E5E7EDE7EDE7EDE7EDE7E71CD61B5B
:10B1180071F37A3571F579F57A157A1579F48234FF
:10B1280081D191AE89AD918D898D81CF69EF51F132
:10B13800523241B2311238F338F330F2293329331D
:10B148002153215221522152215221522152208B26
:10B15800CC0FEC29EC0AEC09EC09EBE9EBE9EBE99B
:10B16800EBE9E3A8E3A8E388E367E326DB26DB054E
:10B17800D2E5D2A4BAC2FE2BF649F648F66AF649D9
:10B18800EE07EDE7EE07EDE7EDE7EDE7EDE7EDE7D5
:10B19800EDE7EE07EE07EDE7EDE7EDE7E5E7E5E7D5
:10B1A800E5E7E5E7DEFBE6FDEF1FEF1FEF1FEEFF2C
:10B1B800EEFEF6DEEEDEF6DDF5F7ED11F530F51014
:10B1C800E532B5338D347D7585784B94112F213256
:10B1D8002912211221532153215321522152215244
:10B1E800215221522152208CC40FEC29EC0AEC0A7E
:10B1F800EC09EBE9F3E9EBC9EBE9E3C8E3A8E38879
:10B20800E367E326DB06DB05D2E5D2C4BAE2FE2B10
:10B21800F669F648F66AF669F628EDE7EDE7EDE730
:10B22800EDE7EDE7EDE7EDE7EDE7EDE7EE07EDE755
:10B23800EDE7EDE7EDE7EDE7EDE7EDE7E71CE6FD28
:10B24800E6DDE6DCE6BBE6BBDE9BDEBBDEBBE69A04
:10B25800E5F5E4EEED2BE50BCD4D852F5DB265925E
:10B268006DB53B721150213321531953197319735A
:10B278002153215221522152215221522132208C14
:10B28800C40FEC29EC0AEC0AEC09EBE9F3E9EBC989
:10B29800EBE9E3C9E3A8E388E367E326DB26DAE51D
:10B2A800D2C5D2C5BAE3FE4CF669F648F66AF66925
:10B2B800F669F648EDE7EE07EDE7EDE7EDE7EDE7D0
:10B2C800EDE7EDE6EE07EDE7EE07EE07EE07EE0732
:10B2D800EDE7EDE7E71CDEFCE6DCE6DCE6DCE6BCF9
:10B2E800E6BBDEBBD6DADEBBEE57DD2EED2CCD4E4F
:10B2F80095506D925DB365916D9343921971297361
:10B308002173217319722152197221532153215229
:10B31800215221521973208CC3EFF409EC0AEC096D
:10B32800EBE9EBE9F3E9EBE9EBC8EBA8EB88E3879A
:10B33800E367DB66DB26DB05D2E5D2E5BB03FE2B44
:10B34800F669FE68EE69F649F669F669F648EE07A9
:10B35800F607EDE7EDE7EDE7EDE7EDE7EDE7EDE71C
:10B36800EDE7EDE7EE07EE07EE07E607E6FCDEFCA5
:10B37800E6FCE6DCE6DCE6DCDEBCDEDBDEDAE6BBF1
:10B38800F699E570DD4EAD4F7D7165B365936592B5
:10B398006D9343B319712973217321732173217339
:10B3A8002173215321532152215221521972208C89
:10B3B800C3EFF409EC0AEC09EC09EBE9F3E9EBE972
:10B3C800EBC8EBA8E388E388E347E346DB26DB0525
:10B3D800D2E5D2E5B2E2FE4BF669F668F669F649BF
:10B3E800F669F648F649F628EDE7EDE7EDE7EDE70B
:10B3F800EDE7EDE7EDE7EDE7EDE7EDE7EDE7EDE7A5
:10B40800EDE7EDE7E71CDEFCE6FCE6FCE6FCE6DC47
:10B41800E6DCDEDBDEDBE6BCEEBBD5B3B571857002
:10B4280065D25DD36D736D9275B4439219712973AA
:10B4380021732173217321732173215321532172A5
:10B44800217221721952208CC3EFF409EC0AEC091D
:10B45800EBE9EBE9EBE9EBC9E3C8EBA8E388E367C1
:10B46800E367E346DB06DAE5D2E5CAC5B2E2FE4B9E
:10B47800F669FE68F669F669F669F669F669F669C5
:10B48800F628EDE7F607EE07EDE7EDE7EDE7EDE780
:10B49800EDE7EDE7EDE7EDE7EDE7EDE7E71CDEFCCF
:10B4A800E6FCE6FCDEFCDEDCDEDCE6DCDEDBE6BC65
:10B4B800E6FCBE3685516DB25DD365D36D936D9252
:10B4C80075B43B92119121932173217321732173D8
:10B4D800217321732173217221722172197220AC98
:10B4E800C3CFF409EC0AEC09EBE9EBE9EBE9EBC9AA
:10B4F800EBC8E3A8E388E367E367DB46DB06D3052D
:10B50800CAE5C2A4AAE2FE4BF669F648F669F6490E
:10B51800F669F669F669F669FE48F607EDE7EDE7BC
:10B52800EDE7EDE7EDE7EDE7EDE7EDE7EDE7EDE773
:10B53800EDE7EDE7E71CDEFCE6FCE6FCDEFCDEFC06
:10B54800E6FCE6DCE6DBDEDCD71D95F5659265B347
:10B5580065B365B36D926D72759443921991219399
:10B5680021932173219321932193217321732173B3
:10B5780021722173197328ACC3EFF42AEC0AEC0981
:10B58800EC09EBE9EBC9EBC8E3A8E3A8E388E347D8
:10B59800E347DB47D326D305BAC4B2A4A2A1F64B2E
:10B5A800F669F648F669F649F649F649F669F6691C
:10B5B800FE48F648F607EDE7EDE7EDE7EDE7EDE7DE
:10B5C800EDE7EDE7EDE7EDE7EDC7EDE7E71DE6FCB5
:10B5D800E71CE71CE71CE6FCDEFCDEDCE6DBDF1C28
:10B5E800AEFA65B55DD45DB36DB26DB26D926D9214
:10B5F80075B443B2199121932193219221932193F8
:10B60800219321732173219321722173219228CDD3
:10B61800C3F0F42AEC0AEC09EBE9EBE9EBE9EBC936
:10B62800E3A9E388E367E366DB46DB26CB05BAE5F7
:10B63800B2A4B2A49AC1FE2BF669F668F649FE696F
:10B64800FE69F649F649F649F669F648F649F628D4
:10B65800EDE7EDE6EE07EDE7EDE6EDE6EDC6EDC666
:10B66800EDC6EDC6E71DE6FCE71CE71CE71CDEFCA3
:10B67800DEFCE6DCDEDCCF3C75F655F655D45DB372
:10B6880065B26DB26D926D9275B443B31991219301
:10B6980021B3219321B321932193219321932193C2
:10B6A80021932193217228CDC3F0F42AEC0AEC09E6
:10B6B800EC09EBE9EBC9E3A8E3A9E388E367E3470F
:10B6C800DB66CB26BAE5B2E4AAC4B2A4A2E1FE4B7B
:10B6D800F669F668FE49FE69F669FE69F669F66973
:10B6E800F669F648F669F668EE07EDE6F607EE073E
:10B6F800EE07EE07EDC7EDC6EDE7EDC6E71CE71C64
:10B70800E71CE71CE71CDEFCDEFCE6DCD73D9EDA26
:10B718004DB53E174DF555D45DD365B26D926D921A
:10B7280075B443D311B121B321B321B321B321B3EC
:10B7380021B321932193219321932193219228CD01
:10B74800C3F0EC2AEC0AEC09EC09EBE9EBC9E3A835
:10B75800EBA8E388E368DB67D347BB06B305AAE534
:10B76800AAC4AAC4A302FE4BF669F668FE69F66984
:10B77800F669F669F669F669F669F649F669FE69E1
:10B78800F648F607F607EE07EE07EE07EDE7EDE7F2
:10B79800EDE7EDC6E71CE71CE71CE71CE71CDEFC31
:10B7A800DEDCD6FCBF7E5DD646173E3746364E15E4
:10B7B8005DD365B26DB26D9275D443D311B121B327
:10B7C80021B321B321B321B321B321B321B321B3D1
:10B7D80021B321B3219228EDC3F0F42AEC0AEC0935
:10B7E800EBE9EBC9E3C8E3A8E3A8E388DB88D36700
:10B7F800C326B326B306AB05AAC4B2A4A2E1FE4B86
:10B80800F669F668FE69FE69F669F669F669F66929
:10B81800F669F669F669FE69FE68F648F627EE07E6
:10B82800EDE7EDE7EDE7EDE7EDC7EDC6E71CE71C53
:10B83800E71CE71CE6FCDEFCDEFCCF7D8E794DF7CD
:10B848003E383E383E364E165DF465D36DB365928C
:10B8580075D443D311D121D321D321D321D321B3FB
:10B8680021B321B321B321B321B321D3219328EDEF
:10B87800C3F0EC09EBEAEBE9EBE9E3C9E3A8E3A8D9
:10B88800E3A8DB88D367C346B346B326B306AB0544
:10B89800B2C5B284A2C1FE4BF649F668FE69FE69DC
:10B8A800FE69FE69F669FE69F669F669FE69FE6970
:10B8B800FE68FE68FE48F607EE07EDE6EDE7EDC721
:10B8C800EDC7EDC6E73DE71CE71CDF3CE71CE6FCDF
:10B8D800E71DCF5D55D73E583E583E573E57465711
:10B8E80056155DD365B26D926DD4441211F121F3F2
:10B8F80021F421F421D321D321B321D321D321B39E
:10B9080021D321B32193290EC411EC0AEBEADBE918
:10B91800E3C9E3A9E3A8E3A8DBA9CB88BB47BB48F5
:10B92800B328B327B306B306AAC5AAA49AA2FE6B86
:10B93800F668F669F649F668F668FE69FE69FE6912
:10B94800F668FE69FE68F668F668F668F648F6482E
:10B95800EE07EDE7EDC6EDC6EDC6EDC7E73DE71C22
:10B96800E71CDF1CE71CEEFCE75E96BA4E1736783C
:10B978003E783E773E57465756165DD465D365B335
:10B988006DD444131A1122142214221421F421F420
:10B9980021D321D321D321D321D421D321B3290EDB
:10B9A800C411EC0AE3CAE3C9E3A9E3A8E3A9DBA944
:10B9B800CBA9C368B368B368B348B327AB06AB0574
:10B9C800AAC5AAA59AA3FE4BF668F669F649F668D1
:10B9D800F668F668FE69FE69F668F669FE69F66853
:10B9E800F668F668F647F648F627EDE6EDC6EDC6C2
:10B9F800EDC6EDC7E73DE71CE71CE71CEEFCEF3D95
:10BA0800CF3D55F73E5736783E783E773E584657F5
:10BA18004E5655F55DD465D36DD444131A3222348D
:10BA2800223422142214221421F421F421F421F4C2
:10BA380021F421D421D3292EBC10EC0AE3A9E3A9CF
:10BA4800E3A9E3A9DBC9CBA9BB88B388B388B368EA
:10BA5800B348B347AB26AB06AAC5AAA5A2C3FE4BFB
:10BA6800F669F669FE69F668F668F668F669F669D1
:10BA7800F668F668F668F668F668F668F647F64710
:10BA8800F627F607EDC6EDC6EDC6EDC6E71DE73DA0
:10BA9800E71CE71CE71CDF5E969A463836783E9826
:10BAA80046783E783E583E7746774E3555F565D30D
:10BAB8006DD444131A3222541A34223422342214F4
:10BAC80022142214221421F421F421F421D4292E41
:10BAD800BBF0E40AE3A9E3A9E3A9D3A9CBC9BB88CE
:10BAE800B389AB89AB89AB68B348AB27AB07AAE688
:10BAF800AAC5AAA5A2C3FE6BF669F669FE69FE6926
:10BB0800FE69FE69FE89FE69F668F668F668F668F9
:10BB1800F648F667F647F647F627F627F607EDC61E
:10BB2800E5A6EDA6E71DE71DE73CE71CE71DCF7E70
:10BB380065F7465936783E7846783E7846583E78D6
:10BB48003E974E5656155DF46DF44C131A321A751D
:10BB580022541A3422342234221422142214221495
:10BB680021F421F421F4294EBBD0E3E9DBA9DBA8B9
:10BB7800DBA9CBC9BB88ABA8AB89AB89AB89B36957
:10BB8800B348AB27AB06AAE6AAC5AAA5A2A3FE4B53
:10BB9800F669F669FE69FE89FE89FE69FE89FE6915
:10BBA800F667F668F668F668F647F667F647F64702
:10BBB800F627F627F607EDE6EDC6E5A6E73DE71C0E
:10BBC800E71DE73DE71EBF1D4DF63E783E783E78FF
:10BBD8003E783E783E783E7846783E583E585DF549
:10BBE80065F444321A512255225422342234223424
:10BBF80022342234221422142214221429F3294E26
:10BC0800B3EFDBE9DBA9DBAACB8AB389AB89A38ACB
:10BC1800AB89AB69AB69AB68AB48AB27A307A2E6B6
:10BC2800A2C5A2A59AA2FE6BF668F668FE68FE6930
:10BC3800FE69FE68FE68FE68FE68FE68FE68F667D4
:10BC4800F647F627F627F626F626F626F626F627E8
:10BC5800F5E7E5A6E71DE71CE71DE71DDF5E9E7A11
:10BC680045F63E783E783E783E783E783E783E7897
:10BC78003E783E583E5755F55DF544531A72227585
:10BC8800225422542234225422342234223422349C
:10BC9800223422142213318FB3CFDBC9D389C3894D
:10BCA800B369AB69A369A389A369A369A368A34816
:10BCB800A328A327A307A2E6A2A5A2859282FE4BEA
:10BCC800EE68F668FE68FE68FE68FE68F668F66864
:10BCD800F648F648F647F647F647F627F626F626D4
:10BCE800F626F626F606F607F607EDC6E73DE73D23
:10BCF800E71CE73DD79F6DF746373E783E783E789C
:10BD08003E783E783E783E783E783E773E574E16EF
:10BD180056163C941A93227522751A5422542254AA
:10BD28002254225422342254223422342213318FB2
:10BD3800ABB0D3CAC36AAB69A3689B6993699369BB
:10BD48009B499B489B489B289B279B079AE79AC639
:10BD58009AA59A859261F62BEE68F669F668F64818
:10BD6800F648FE68F668F668F648F648F647F64775
:10BD7800F647F627F626F606F626F606EE07EE0747
:10BD8800EE07EE07E73DE73DE71CE73EB75D45D622
:10BD98003E783E7836783E783E783E783E783E78F3
:10BDA8003E783E783E7746364E5734D612B32295C3
:10BDB80022951A742275227522542275225422540F
:10BDC800225422342233298FABD0BBCAA34A9B69A1
:10BDD80093699369934993499B489B289B289B2780
:10BDE800930792E792C692A6928592659262F62B85
:10BDF800EE48EE48F648F648F648F648F668F6681B
:10BE0800F648F648F647F647F647F626F606F606E3
:10BE1800F606F606EE07EE06EE06EE08E73DE73D07
:10BE2800E71CE73E96BA3E373E78367836783E7855
:10BE38003E7836783E983E983E983E783E783E5713
:10BE4800467734D612D4229522B51A952295229592
:10BE5800227522752255225522552254223431B09A
:10BE68009BD0ABAA8B6A936A8B498B498B29930920
:10BE780093289308930792E792C68AC68AA6928562
:10BE8800926592458A41F60AEE28EE28F628F627AA
:10BE9800F627F627F627F627F627F627F627EE26BB
:10BEA800EE26F606EDE6EDE5EE06EDE6EE06EE0527
:10BEB800EE26EE08E71DE71CEEFCDFBF76394637B5
:10BEC80036983E7736773E783E983E983E983E982C
:10BED8003E983E983E783E573E782CF712F51AF574
:10BEE8001AB51AB522952275227522951A752275EA
:10BEF80022752275225421D07B8E93898B6A8B4AB6
:10BF08008B498B498B298B098B088AE78AE78AC773
:10BF18008AA68A8682668245824482248222EDC964
:10BF2800EDE6EDE7EDE7EDE7EDE7EDE7EDE6EE064B
:10BF3800EDE6EDE6EDE6EDE6EDE6EDC6EDE5EDE583
:10BF4800EDE6E5E6E5E6E606E606F60CE73DE71C7F
:10BF5800E71DCF9F65F7465836973E983E983E981E
:10BF68003E983E983E983E983E983E783E783E777A
:10BF78003E982D1713151B161AD61AB51AB5229501
:10BF880022951A951A95229522752275223421F048
:10BF9800736E93898B698B498B498B498B298B09E4
:10BFA8008AE88AE78AC78AC682A682868265824527
:10BFB800822482247A01E569E586E586E587E586B7
:10BFC800E586E586E5A6E5A6E5A6E5A6E5A5E5A553
:10BFD800E5C5E5A6EDC6EDE5E5E5E5E6E606EE0927
:10BFE800F5EDD44DE73DE71CE73DB75D4DD63E98EE
:10BFF80036983E983E983E983E983E983E983E9891
:10C008003E983E983E983E773E982D1813361B363C
:10C018001B161AF61AF61AB51AB522951A9522950C
:10C02800229522751A3421F0736E8B89836A8B49A5
:10C038008B498B298B29830882E88AC782C782A605
:10C0480082A682867A6582458224820479E2DD2886
:10C05800DD25DD26DD26DD26E546E546E545E54523
:10C06800DD65E565E565E585E585E586EDC6EDE62D
:10C07800E5C6E5C6E605EE0CD46D9A2BE71DE71C70
:10C08800E77E9EFB46173E983E983E983E983E981F
:10C098003E983E983E983E983E983E983E983E7709
:10C0A8003E982D3813361B571B361B161B161AF6CF
:10C0B8001AD522B622B522B5229522751A551A111B
:10C0C800738F8B89836A8B698B498B498B2983088A
:10C0D8008B0882E882C782C782A682867A658245F3
:10C0E8007A257A0479E1D4E8DD04DCE5DCE5DD05D0
:10C0F800DD05DD25DD25E525DD25DD25E545E545F0
:10C10800E585E585EDC6EDE6EDE7E5E7EE0BDCEE6A
:10C118009A2BAA2FE73DE71CDF7E7E383E573698DC
:10C128003E783E983E983E983E983E983E983E9877
:10C138003E983E983E983E983EB82D3813561B7749
:10C148001B571B371B161AF61AF622B522B522B54D
:10C158001A751A741A551A1173AF8389838A8B6AF0
:10C168008B698B498B4983298B0882E882E882C7CF
:10C1780082A782867A667A457A257A2479E1DD076C
:10C18800D4E4DCE4E4E5DD04DD04E524E524E52489
:10C19800E525E525E545E565ED85E5A5EDE5EDE66E
:10C1A800EE07F629E4EF9A4DAA11A1F1E71DDF3D4C
:10C1B800CF9D66363E773E783E983E983E983E98AC
:10C1C8003E983E983E983E983E983E983E983E97B8
:10C1D8003EB82D17135513771B771B561B561B3666
:10C1E8001B1622F51AD51AB522942294225522122A
:10C1F8006BB083CA836A836A836A834983498329C4
:10C208008B0982E882E882C882C77AA77A867A454B
:10C218007A257A257A00D4E8DD04DD04DD05E524F5
:10C22800E524E544E545E545E544E565E565E56579
:10C23800E585EDA5E605E626EE0AE4EDA20DA1D01A
:10C24800A1D1A1F1DF1DDF3DC79D55F53E773E78B1
:10C258003E983E983E983E983E983E983E983E9826
:10C268003E983E983E983E973EB82D171355137644
:10C278001B771B561B561B361B3622F61AD51AB5CA
:10C28800229522951A95225273909B8A9B2A9B2A63
:10C298009B299B299B299B099AE89AC89AA892A747
:10C2A8009287926692468A0589E489C489E2ECEA13
:10C2B800ED27ED07F528F527F527F527F527F548A4
:10C2C800F547F568F568F568F588F5A9F5CAFDEB51
:10C2D800ECEBA207B1EDB1D1A9D2A9F2DF1DDF3D88
:10C2E800AF3C4DF63E973E983E983E983E983E9815
:10C2F8003E983E983E983E983E983E983E983E9787
:10C308003EB82D17135513771B771B571B571B3632
:10C318001B161AD51AB522B522B5229522752A33CD
:10C328008ACFC289BAA9BA89C289C288C268C268D2
:10C33800C268C247C248C247C227C227CA27CA27FB
:10C34800CA27CA27CA26E327E344E343E344E3456D
:10C35800E345E345E344E344E365DB64DB44DB6452
:10C36800DB85DB84DB45DB26D267C9CAC1ECB9F0C3
:10C37800A9D1AA11DF1DDF5E96DB461636983E98D6
:10C388003E973E983E983E983E983E983E983E98F6
:10C398003E983E983E983E973EB82D171355137712
:10C3A8001B771B571B571B371B161AD61AB622B5F5
:10C3B800229522952A763A13A24EE1E8D208DA08A5
:10C3C800E208E208E1E7E1E7E1E7E1E7E1E7E1E7E1
:10C3D800E1C7E1E7E1E7E9E7E1E7E1E7E1E6F2669E
:10C3E800F2A5F2A4F2A5F2A5F2A5F2C5F2C5F2C52E
:10C3F800F2C5F2C5EAE5F2E5EAC5EAE5F2A7EA051B
:10C40800E1C6E1CAC1ECBA10AA12A211DF1CE79E6C
:10C418007E394657369836983E973E983E983E98CD
:10C428003E983E983E983E983E983E983E983E9854
:10C4380046B82D37135513761B771B771B571B37B9
:10C448001AF61AD622B622B622B622B62296325347
:10C45800AA4EF1E8DA08E208E208E1E7E1E7E1E7F5
:10C46800E207E207E9E7E9E6E9E6E1E7E1E7E1E72C
:10C47800E206E206E1E5F287F2A5F2C5F2C6F2C5E8
:10C48800F2C4F2C5F2C5F2C5F2C5F2E6F2E6EAE593
:10C49800EAE5EAC7E1E7E9C7E1E8D9C9C20FB2139B
:10C4A80099F39A14DF1CDF7E6E173E7736983E7834
:10C4B800369736983E983E983E983E983E983E97D6
:10C4C80046974678467946774E982D380B761B96D0
:10C4D8001B771B771B371B161AF61AD51AD622D6C6
:10C4E80022D522D61AB63A74A26FE228DA08E208F0
:10C4F800E207E208E208E208E207E207E207E207E9
:10C50800E207E207E207E207E227E227E205F2A6EE
:10C51800F2C6F2E5F2E5F2C5F2E5F2E5F2E5F2E699
:10C52800EAC6F2E5F2E5F2E6F2C7E227E1C8E9E792
:10C53800DA29C20DB211AA12A2149195DF1CDF7E6E
:10C5480065F73E7736983E78369736983E983E9807
:10C558003E983E983E983E973EB73EB83EB936B7AD
:10C568003EB82D580B761B761B771B771B371AF6B0
:10C578001AF622F622F622D622D622D622D73A74E4
:10C58800A28FE228DA28E208E207E208E208E208D5
:10C59800E208E208E208E208E208E208E208E22724
:10C5A800E227E227E225F2A7F2C6F2E5F2E5F2C5B4
:10C5B800F2E5F2E5F2E5F2C5EAE5F2E5F2E5F2C701
:10C5C800EA47E1E7E9E7E207D22BB9F0AA13A1F4B9
:10C5D800813470F5DF1CDF7E65F736772E983E785C
:10C5E8003E9736983E983E983E983E983E983E989C
:10C5F8003E983EB83EB83E9646972D570B961B7709
:10C608001B571B571B161B161AF6231622F622F663
:10C6180022F622F622F73A94A2AFDA48DA28DA2785
:10C62800E227E227E207E207E227E207E227E2271A
:10C63800E227E207E227E227E227E227E226F2A73B
:10C64800F2C6F2E5F2E5F2C5F2C5F2C5F2C5F2C5E9
:10C65800F2E4F2E5F2E6EA47E1E7E9E8E1E7DA29B8
:10C66800C230A1B4815478F370F570F7DF1CDF5E37
:10C678005DF736972E983E78369736983E983E98CE
:10C6880036783E983E983E9846574E76567656549B
:10C698005655351613761B581B371B371B161B169A
:10C6A8001B161B162316231622F622F622F73A9497
:10C6B800A2AEDA48DA48DA27E227E227E227E207D9
:10C6C800E227E227E227E227E227E227E227E2271A
:10C6D800E227EA47E226F2A7F2C5F2E5F2E5F2E53B
:10C6E800F2E5F2E5F2E5F2E5F2C5F2C7E247E1E884
:10C6F800E1E9EA09E209C1EE995379357916791623
:10C7080070F770D7DEFCDF5E55F636972EB83E78A8
:10C7180036973678367836783678369836983E783A
:10C728003DB545514D4F550F5530345213351B38D3
:10C738001B161B161B171B171B172316231623164E
:10C74800231623161B173A94A2CFDA68DA48E24771
:10C75800E247E247E227E227E227E227E227E22749
:10C76800E227E227E227E227E227EA27E226F2A7E2
:10C77800F2C5F2C5F2E5F2E6F2E6F2E6F2E6F2E634
:10C78800F2C7EA67E208E1E9E1A9E1C8D1EBA13122
:10C79800811769577918711870F770D6DEFCDF3C7D
:10C7A80055B636362E77367836593E783E5836574F
:10C7B80036573E583E573E5845F64D106CED64EDE1
:10C7C80064ED44121B1513361B361B361B361B36FD
:10C7D8001B571B36233623162316231623373AB442
:10C7E800A2AEE248DA48DA27E247E247E247E22720
:10C7F800E227E227E227E227E227E226E227E227EA
:10C80800E247E247E245EAA6EAC5EAE5F2E6EAE6F1
:10C81800EAE5EAE5F2C6F2C7EA28D9A9D9C9D9A949
:10C82800E18AE18AB9CE81337918711871177117C5
:10C8380070F770D7DEFCDF1C961876376E3775F701
:10C8480075F86E186E186E186E186E386E1765F7D4
:10C858007E178593848C9C8A9C8A63CF2315133713
:10C868001B371B371B371B361B57233723372337F9
:10C878002337233723373AB4A2CEE267DA68E26770
:10C88800E267E267E247E247E247E247E247E24718
:10C89800E247E226E247E247E247EA47E246F2C6D3
:10C8A800F2E5EAE5F2E6EB06F305F2E6F2C8E2277E
:10C8B800D9A8E1A9E1A9E1C8E1A9D9CCA15081167B
:10C8C80078F8711770F770F770F768D7DEFCD6DB69
:10C8D800D6FBC73BC73CCEFCCEFCC6FCC6FCC6DCC0
:10C8E800BEDCBEBBBEDBBEBBBE9AC697A510C449A4
:10C8F800D4298B8E22F313571B561B561B561B56D7
:10C908001B562357235723572357235723573AB3E5
:10C91800A2EEE287E287E287E287E287E267E267E0
:10C92800E267E267E267E246E246E246E246E2475B
:10C93800E247E247E246EAC6EAE5EAE5EAE5F30560
:10C94800F2E6FAE8EA28D9A8E1A9E18AE1C8E1C84B
:10C95800D9CAB98E80F378F97918711770F768D742
:10C9680068D768D6DEDCDEDCD6FBCEFBCEDBD6BBFA
:10C97800CEBACE9BD69BD69BCE7BCE7AC67ACE9BA2
:10C98800C69ABEDA95D5B48CD42B938D22F21B5659
:10C998001B361B561B561B561B761B7623562356D7
:10C9A8002356235723573AD4AB0EE2A7E2A7E287D0
:10C9B800E287E287E287E286E266E266E266E266AC
:10C9C800E266E246E246E266E267E267E266EAC7F4
:10C9D800EAE5EAE5EB05F2E6F2E7EA48D9A8E189F3
:10C9E800D9AAE1A9E1C9D9CAD1EE913178F771186C
:10C9F8007916711770F768D768D668D6DEDCDEDB83
:10CA0800DEDCD6DBDEBBDE9BCEBACE9ACE9ACE9AE1
:10CA1800CE7ACE7AC69AC69BC6FC8E3865B5953155
:10CA2800C46D8BAE22F11B5523361B561B561B5665
:10CA38001B761B7623562376235623561B573AF428
:10CA4800AB2EE2A6E2C6E2A7E2A7E2A7E287E28669
:10CA5800E286E287E286E286E286E266E266E267EC
:10CA6800E287E287E266EAE7EAE6EB05EB06F2C769
:10CA7800EA67D9A7E1A9E189D9C9D9A9E1C9D1EC5E
:10CA8800B96F78F4711868F6711470F768D768D6BA
:10CA980068B668B6DEFCDEDBDEDCD6BBD6BBCE9A7B
:10CAA800CE9ACE9AC69AC69AC6BAC69ACE9BC71CC2
:10CAB80086185DF656376DD58D9374312B111B751D
:10CAC8001376233623561B761B7623562376237636
:10CAD800237623762B573AD4AB2EE2E6D307E2C768
:10CAE800E2C7E2A7E2A7E2A7E2A7E286E286E28639
:10CAF800E2A7E286E286E286E286E286E266EAE685
:10CB0800EB06EAE6F2E8F268D9C6E1E7E1C8E1A88F
:10CB1800D9C9E1A8E1A9C1EF89117116711670F69A
:10CB280070F768F868D668D668D660B6DEFCDEDBD3
:10CB3800DEDCD6BBD6BBCE9ACE9ACEBBCE9ACE9AE8
:10CB4800CE9ACE9ABEFC963865B65E174E385635E4
:10CB580075D55C7322F41B181B571B371B571377AB
:10CB68001B371B371B571B571B571B571B7832F498
:10CB7800A36EE305E305E2E7E2E7E2E7E2C7E2C71F
:10CB8800E2A6E2A6E2A6E2A6E2A6E2A6E2A6E2A65D
:10CB9800E2A6E2A6E285EAE6EB06F2E8EA88D9C66A
:10CBA800E1C7E1C8E1C8E1A8E1A9E1A8D9EBA9700A
:10CBB80078F4711670F670F668F768D768D668D694
:10CBC80068B660B6DEFCDEDBDEDCD6BBD6BBCE9A52
:10CBD800CE9ACEBBCE9ACE7AC69AC6DB7E1865D7D9
:10CBE8005E1756174E384E3866174CB423123B3230
:10CBF8004AF14AD04AF04B105AD152D052F05AF169
:10CC08005AF15AF14AD1626EBB2CDB27E326E307BF
:10CC1800E307E307E306E2E6E2C6E2C6E2C6E2C6E7
:10CC2800E2C6EAC7EAC6EAC6E2C6E2C6E2A5EAE69C
:10CC3800EAE8EA89D9C7E1C8E1C8E1C8E1A9E1A9F8
:10CC4800E1A9D9CAC1CD88F178F8711670F670F6E5
:10CC580068F668D668D668D668D660B6DEFCDEDBCD
:10CC6800DEDCD6BBD6BBCE9ACE9BCE9BCE9AC67AFE
:10CC7800BF1C865955F85E18561856384E3956193D
:10CC88005E385DF875B77CD2A3EDC3CCCBABCBCB0C
:10CC9800D3ACCBABCBABCBABCB8BCB6BCB8CD36A8B
:10CCA800DB49DB28E327E326E326E326E306E3065E
:10CCB800EAE6E2E6EAE6EAE6EAE6EAE6EAE6EAE6F4
:10CCC800E2E6E2E6E2A5F308EAA8D9E7E1C8E1E886
:10CCD800E1E8E1C8E1C8E1C8E1A9D20EA17178F4A0
:10CCE8007117711670F670F668F668D668D668D649
:10CCF80068D660B6DEFCDEDBDEDCD6DBD6BBCE9AE1
:10CD0800CE9ACE7AD67AC6BB8E3955F95659563947
:10CD180056395639563956584E374E3965F87D13B7
:10CD2800AC2BDB89F326EB46E366EB26EB46EB46BA
:10CD3800EB26EB46E327EB25EB45E346EB45E346DD
:10CD4800E346E346E326E326EB06EAE6EB06EB06D4
:10CD5800EB06EAE6EAE6EAE6EAE6EAE6E2A6E2A7B9
:10CD6800DA07E1E8E1C8E1E8E1E8E1E8E1C8E1C8BB
:10CD7800E1E9C1D088F479167115711770F670F66B
:10CD880068F668F668D668D668B660B6DEFCDEDB9C
:10CD9800D6DBD6BBD6BBD69BCE7ACE7ACE9B95F9C0
:10CDA8001350145514751C751475147514541C55AA
:10CDB800147514751C352C15640FB42DE367F346F0
:10CDC800DB88DBA6E366E367E366E385EB66EB6691
:10CDD800EB66EB66EB66EB46EB46EB46E346E34673
:10CDE800EB26EB26E326EB26E326EB06EB06EB0623
:10CDF800E306E306F2E8E267DA07E1E8E209E1E8D8
:10CE0800D9E9D9E8E207E1C8E20CA17179157136D0
:10CE180071157116711668F668F668D568B660B649
:10CE280060B660B5DEFCDEDBD6DBD6BBD6BBD69BF8
:10CE3800CE7ACE7AC69B95F91B9114751455147544
:10CE48001455147514551C55147514751C562476F0
:10CE58002C326C0EC42BE3A6E385E3A6E386EB87AE
:10CE6800EB87E386EB86EB66EB86EB86EB86EB6679
:10CE7800EB66EB66EB66EB66EB46EB46EB46EB46A2
:10CE8800EB46EB46EB46EB46EB46EB46EB07F30887
:10CE9800DA26E208E1E8E1E8E1E9E208E227E20966
:10CEA800C9CE8911713671166916711668F668F659
:10CEB80068D668D568B660B660B56095DEFCDEDB1E
:10CEC800D6DBD6DBD6BBCEBBCE9ACE7AC69A96191F
:10CED8001B911475147614761476147614761C76D1
:10CEE8001476149714971477147633F18C4ED42A49
:10CEF800EBA4E3C6EBA6EBA6EBA7EBA7EBA6EBA68A
:10CF0800EBA6EBA6EBA6EB86EB86EB86EB86EB6651
:10CF1800EB86EB66EB66EB66EB66EB66EB66EB6661
:10CF2800EB66EB66EB26F367F328DA47DA28E1E8E5
:10CF3800E1E8EA07DA28DA4BA1507914713771165B
:10CF4800691668F668F668F668D560B560B560B5C4
:10CF580058B55895DEFCDEDBD6FBD6DBCEDBCEBB88
:10CF6800CE9ACE7AC69A9E3A1BB114751456147688
:10CF78001476147614761476147614961476147639
:10CF880014561C3543F1AC6EDC08E3C7E3C7EBC6A7
:10CF9800EBC6E3C6E3C6E3C6E3C6E3C6E3C6EBA651
:10CFA800EBA6EBA6EBA6EBA5EB86EB86EB86EB8672
:10CFB800EB86EB86EB86EB86EB86EB86EB66F386F9
:10CFC800F3A7EB47DA66DA07EA28E207DA6BBA0F63
:10CFD80088F27116691770F670F668F668F668D602
:10CFE80068D560B560B5589558B55894DEFCDEDB59
:10CFF800D6FBD6FBCEDBCEBBCEBACE7AC69AA67B04
:10D008001BB10C7514751475149614761475149652
:10D0180014761C761C76147614550C761C5553CE53
:10D02800B48CE3E8E3E7E3E6E3E5E3E6EBE6EBE627
:10D03800EBE6EBE6EBE6EBC6EBC6EBC6EBA6EBA640
:10D04800EBC6EBA6EBA6EBC6EBC6EBA6EBA6EBA6F0
:10D05800EBA6EBA6EBA6F3E6F3E6FBA7F347DA6647
:10D06800E247E228D26E997080F47117691770F55B
:10D0780070F568F668F668D568B560B560B5589417
:10D0880058945894DEFCDEFCDEDCD6DBD6BBCEBB87
:10D09800CE9AC67AC67AA67B23B11456147514762E
:10D0A80014761476147614961496149614761476C8
:10D0B80014750C7614562C12542FBC8CE3E8E40536
:10D0C800DC25F3C7EBE6E3E6EBE6EBE6EBE6EBC6DF
:10D0D800EBC6EBC6EBC6EBC6EBC6EBC6EBC6EBC6C0
:10D0E800EBC6EBA6EBA6EBA6EBA6EBA6EBA5F3E649
:10D0F800F3E6F3E6F3E6EB68D244DA69B9F080D2F6
:10D10800711570F670F668F668F668D668D668D550
:10D1180060D560B56095589458945894DEFCDEFC50
:10D12800DEDCD6DBD6BBCEBBCEBACE9AC69BA67B00
:10D1380023B214561475147614761476147614964D
:10D14800149614761476147614750C760C77245489
:10D158002C1263EDCC6DE3E6E426EC07EC27EC2615
:10D16800EC06EC06EC06EC06EC06EC06EC06EC0627
:10D17800EC06EBE6EBE6EBE6EBE6EBC6F3E6F3E60E
:10D18800F3E6F3E6EBC5F406F406F406F3E6FBE88B
:10D19800EB67CA8A914F7916711670F670F668F6C1
:10D1A80068F568D568D560D560B560B560B5589440
:10D1B80058945894DEFCDEFCD6FCD6DBCEDBCEBB26
:10D1C800CEBACE9AC6BBAEBC2BF2145514751475E4
:10D1D8001476147614761496149614961476147697
:10D1E8001C7514760C97147714562BF0944EE46A39
:10D1F800EC25EC46EC46EC46EC46EC26EC26EC2618
:10D20800EC26EC26EC26EC26EC06EC06EC06EC0606
:10D21800EC06EBE6EC06EC06EBE6EBE6EBE5F426D3
:10D22800F446F426F426F406EC28C38B60AB71565A
:10D238007135711668F768F668F568F560D560D5D8
:10D2480060D558B458B4589458945093DEFCDEFC1A
:10D25800D6FCD6DBCEDBCEDBCEBBC69AC6BBAEDCFD
:10D268002C12149614761475147614761476149673
:10D2780014961496147614961476147614761476F6
:10D288000C761C3443AEACCFDCA9EC66EC66EC66DD
:10D29800EC66EC46EC46EC46EC46EC46EC46EC46D6
:10D2A800EC26EC26EC26EC26EC26EC06EC06EC2626
:10D2B800EC06EC06EC25F446F446F446F446EC4657
:10D2C800DCA7EDCFA39050CD6933691568F668F6F1
:10D2D80068D568F560D560D558D458B45894589432
:10D2E80050935073DEFCDEFCD6FCD6DBCEDBCEDB07
:10D2F800CEBBC6BAC6BAAEFC3CD514751476147546
:10D3080014961496149614961496149614761496E5
:10D3180014761C761C551C5514751436143443EFBA
:10D32800BD0FDC68EC86EC86EC66EC66EC66EC66B9
:10D33800EC66EC66EC66EC66F446EC46F466EC46A5
:10D34800EC46EC26EC26F446F446F446EC25F46666
:10D35800F466F466F446E446E548D5CAE5F292ED8B
:10D3680050AE693368F668D668D560D560D458B4CD
:10D3780058B450B35894509350934872DF1CD6DB7E
:10D38800D6DBD6FBCEDBCEDBCEBACE9AC6BAAEFBA8
:10D398003D141D750C9514761C5714760C9514962F
:10D3A80014961496149614961476147614761475A6
:10D3B8001476145714361BF4642FD56DEC86EC865E
:10D3C800EC87E487F445EC86EC66EC86EC86EC8624
:10D3D800F466F466EC66EC66EC66EC66EC66EC66A5
:10D3E800EC66EC66EC45F486F4A5F485F486ECE787
:10D3F800E589D5CAD5CCE6307AAE50D068F668F65D
:10D4080068B460D358B358D358B3509350935092DC
:10D4180050724871DF1CD6DBD6FBD6FBCEDBCEDBE9
:10D42800CEBACE9AC6BAA6FB3D3425D615560C946C
:10D4380014751476149614961496149614961496D5
:10D4480014761476147614751476147614561C35DE
:10D4580033D07C4DDD2AECC6ECA5ECA6ECA6EC8618
:10D46800EC86EC86EC86EC86F486F486F486EC860C
:10D47800F486F486F486F486EC86F486EC66F4A6E4
:10D48800F4C6F4E6F4E7E569DDC9CDCACDCBD58BA2
:10D49800DDB282AF58EF60D268B458B458B458B30C
:10D4A80058B350935092507248724872DEFCDEFBBB
:10D4B800D6DBD6FBD6DBCEDBCEBACE9AC6BAA6FA78
:10D4C8003D741DF61E1615550CB414961496149634
:10D4D8001496149614961476147614761476147595
:10D4E80014761C76147614561C342BAF9CEDDD296B
:10D4F800F484F4A5ECA6ECA6ECA6ECA6ECC6ECC667
:10D50800F4C6F4C6F4C6ECA6F4C6ECA6ECA6ECA6E3
:10D51800ECA6ECA6ECA5F4C6F506ED06ED68DDE98B
:10D52800D5C9CDE9CDC9D5A9CDABDDB37A0C58CFD6
:10D5380060B460D458B4589450B350925092487222
:10D5480048724891DEFCDEFBD6DBD6FBD6FBCEBBB1
:10D55800CEBACE9ABEBA9EFA35731E1515F51DD5EC
:10D5680015550CD414B6149614961496149614766D
:10D578001476147614751475147614761475147656
:10D588000C761C543BEEBD4EED09F4C7F4C6ECE630
:10D59800ECE6ECC6ECC6ECC6F4E6F4E6F4E6F4E633
:10D5A800F4E6ECC6ECC6ECC6ECC5ECC5ECC5F4E597
:10D5B800F526E547E5A9DDE9D5E9D5EACDC9D5A838
:10D5C800CDA9D58DD57269AB58D158B158B3509300
:10D5D800509350914892489248914891DEFCDEFB66
:10D5E800D6DBD6FBD6FBCEBBCEBACE9BBEDA9EFA36
:10D5F8002D5216151DF51DF51DD51D750CD514B626
:10D608001496149614961476147614761475147564
:10D6180014760C961C7414750C761455147353EC0C
:10D62800D5AEE529ED05F506F506F506F506F50688
:10D63800F506F506F506F506F506F506F506F4E62B
:10D64800F4E6F4E6ED05F506F546ED88DDE9DDC915
:10D65800D5CAD5CAD5AAD5A9CDA8D5A9CD6BCD117E
:10D6680050EA508F58B15092509250914872487178
:10D6780048914091DEFCDEFCD6FCD6FBD6DBCEDB47
:10D68800CEDBC6BAC69BA6FA2D521DF51DD41DD4F5
:10D698001DD51DD515940CD51496147614760C96B4
:10D6A8001495149514961496149514751475149568
:10D6B80014750C7514572BF1648ECDADFCE6ED276F
:10D6C800ED26E547E548F526F525F525F526F52661
:10D6D800F526F525F526F526F506F506ED06F546B3
:10D6E800ED87E5C8DE0ADDEADDC9DDCAD5AAD58A37
:10D6F800CD89CD68CD49C50CBC8F592B50AE509201
:10D70800509250904890489048714871DEFCDEFC79
:10D71800D6FCD6FBD6DBCEDBCEDBC6BAC69BA6DAFA
:10D7280035731DF515F41DD41DD41DF51DF515759E
:10D738000CD41495147614761495147514751496DF
:10D748001496147514751475147514750C76147470
:10D75800240F850EE5ABED47FD45F546ED47F5266B
:10D76800F546F546F546F546F546F546F526F52619
:10D77800F526F526F526F567EDA7E5E9D60ADDC90C
:10D78800DDC9D5AAD5AAD58ACD89CD68C548C50B26
:10D79800BCCCB45050EA50705072507248914891C5
:10D7A80048714090DEFCDEFCD6DBD6FBD6DBCEDB58
:10D7B800CEBBC6BBC69BA6DA35931DF515F415F48A
:10D7C80015F415F515D415D515740CB4147514760F
:10D7D8001495149614961475149614751475147576
:10D7E800147514961476147614553C0FAD8FE5AA6B
:10D7F800F566FD64ED66F566F566F546F566F5666B
:10D80800F566F566F566F566F546F546F566EDA73F
:10D81800EDC9DDE9D60ADDC9D5C9D5AAD58AD56944
:10D82800CD69C548BD28BCE9B4A8B4AAABEF48ACDB
:10D83800509150714872487148914890DEFCDEFC66
:10D84800D6DBD6FBD6DBCEBBCEBAC6BBC69AA6FB0A
:10D8580035731DF41E141E1415F415F415F415D49F
:10D8680015D40D340CB414751496149614961475B6
:10D8780014961496149614961496149614751456B1
:10D888001457243443EEB5EFE5CAF585ED86ED87E8
:10D89800F586F586F586F586F586F586F586F586A8
:10D8A800F566F566EDA8EDC9DDEADDEADDE9DDC975
:10D8B800D5A9D5A9D589CD69CD69CD49C509BCC931
:10D8C800B4A7B468AC2BA3AF4069488E487148919F
:10D8D80048914891DEFCDEFCD6DBD6FBD6DBCEBB1E
:10D8E800CEBAC6BBC69AA6DA357326151E351E14DF
:10D8F800161415F415F415D41DF41DD5153514B4E6
:10D908001496149614761475147514751475147584
:10D91800149614760C94147514770C7614114C2DF7
:10D92800D64EEDC7EDA6ED87F586F586F586F58624
:10D93800F586F586F586F586F586F586DD89D56959
:10D94800DDEBDDCADDC9D5C9D5A9D589D589CD69AC
:10D95800CD49C52ABCEABCC9B488AC49AC48AC2A94
:10D96800932E406A4870489148914891DEFCDEFC4D
:10D97800D6FBD6FBCEDBCEDBCEDBCEBAC6DBA6DA59
:10D988003D731E351E351E351E1515F415F415F498
:10D9980015D51DD51DB5155414D514761456147601
:10D9A80014B6149614961496147514751496149641
:10D9B8000C750C750C751C11544DDE2DF5A7EDA8D2
:10D9C800EDA7F5A6F5C6EDA7FD86EDC6FD86FD8794
:10D9D800EDA8EE4B83C4CD4CDDEBD5E7DDAAD5C968
:10D9E800D5A9D589CD69CD49CD49C509BCC9BCA939
:10D9F800B468AC28AC07A3E8ABEC930D486B508F28
:10DA080050924891DEFCDEFCD6FBD6DBCEDBCEDBCB
:10DA1800CEDBCEBAC6DBA6DB3D931E351E351E35E2
:10DA28001E151E1415F415F515F51DD51DB51DD5B6
:10DA38001D350CB414751476147614961496149631
:10DA4800147514951496149614750C750C76145553
:10DA580023EF7CACE64CF5C7F5C5FDA5F5A7EDC8E9
:10DA6800F5A5F5C6FDA5FDA5EDEAD5ED39E0CD8E08
:10DA7800D5EBD5E8DDA9D5A9D5A9D589CD49CD4915
:10DA8800C509BCC8BCA8B488AC48AC28A407A4087D
:10DA9800A3E9AC0D92EE406A48904892DEFCDEFCA9
:10DAA800D6FBD6FBCEDBCEDBCEDBCEBAC6DBA6DB27
:10DAB8003D941E351E351E351E351E151E1515F4D2
:10DAC8001DF51DF51DD51DD525D615540CB40C9581
:10DAD8001476147514961496147514960C750C75A2
:10DAE8000C750C751476049714541BCE9DCFEE2933
:10DAF800EE06FDC6FDC8F5C8F5E6FDA6FDC4EDC5F4
:10DB0800EEAF6B682A24BD8ED5EBD5C9DDA9D5A9A2
:10DB1800D589CD69CD49CD49C4E9BCC8BCA8B4688C
:10DB2800AC28AC28A407A407A3E8A3E8A3EA8ACDF5
:10DB3800382A4890DEFCDEFCD6FCD6FBCEDBCEDBFA
:10DB4800CEDBCEBAC6DBA6DA3D931E351E151E35D2
:10DB58001E351E151E151DF41DF51DF415F515F5BC
:10DB68001DF51DF515740CD41495147514761496BA
:10DB7800147514960C750C750C750C750C7504776A
:10DB88001435145523AEBE4FE64BF5E7F5E7F5E738
:10DB9800FDE6FDC6F5C6EE4AA50D22482226BDAF14
:10DBA800DDCBD5CAD5C9D5A9D589CD69CD49C52972
:10DBB800BCE8BCA8B468AC48AC28AC28AC08A4083D
:10DBC800A408A3E7A408ABEC82CE406ADEFCDEFC26
:10DBD800D6FCD6FBCEDBCEDBCEDBCEBAC6DBA6DAF6
:10DBE8003D731E351E151E351E351E151E151DF4DA
:10DBF8001DF41DF415F515F51E1515F41DF515552F
:10DC080014B414761476147614951476147614963F
:10DC180014760C750C750C761C340C57141443CB05
:10DC2800E691EE29F605F606FDE7FDE6F5E8E62EAF
:10DC38003A66128C2207C5AEDDCBD5ABD5CAD589DD
:10DC4800D589CD69C529C4E8BCC8B488AC48AC48F6
:10DC5800AC28AC08AC09AC0AAC09AC08ABE9A3E940
:10DC6800AC0D82AFDEFCDEDBD6FCCEDBD6FBCEDB3A
:10DC7800CEDBCEBAC6DA9EBA3D9426351E151E35C1
:10DC88001E35163516341E1415F41E1415F415F425
:10DC98001E151DF51DF51DF50D7314B514960C769E
:10DCA8000C960C95149614960C950C750C750C75B1
:10DCB8000C750C5514331BF16C6BDE8EFDE6FDE51F
:10DCC800F608F627FE4B8C6C1AAB0A6A2227BDAF02
:10DCD800DDEBD5CAD5AAD589D589CD49CD29C508C1
:10DCE800BCA8B468AC48AC28AC09AC28A409A40A00
:10DCF800A40AA409A3EB93EA9BEAAC0FDEFCDEDBE3
:10DD0800D6FCCEDBD6FBCEDBCEDBC6BAC6DA9EDAD5
:10DD18003D941E351E351E351E351E3516341E150E
:10DD28001E141E151E151E151E151DF51DF51DF5B7
:10DD38001DD5153504B40C950C7614760C961496EE
:10DD48000C950C750C75147514551455143414135E
:10DD5800238E74ADE66DF627F606FE28E64E32C829
:10DD680012CD12AC2206BDAFD5CBD5CAD5AAD5895E
:10DD7800CD69CD29C509BCC8B488B448AC28AC283D
:10DD8800AC09AC29A409A40AA42AA42A9C0B942AA5
:10DD98009C2A9C0CDEFCD6DBD6FBCEDBCEDBCEDBB6
:10DDA800CEDBC6BABEBB9EBA3D941E141E351E35C8
:10DDB8001E351E351E141E151E151E151E151E1584
:10DDC8001E1515F41DF51DF51DD415D50D340CB40F
:10DDD8000C9514760C950C950C950C950C751455A2
:10DDE8001455145514350C350C14238E9D4DEE6BBB
:10DDF800FE25FECD742A12CC0AEF12CD2207BD8E65
:10DE0800D5CBD5CACD8AD569CD49C529C4E9BCA821
:10DE1800B468AC48AC28AC29AC29A429A429A40A24
:10DE2800A42AA42BA40B9C2BA42B9C2DDEFCD6DBB4
:10DE3800D6FBD6DBCEDBCEDBCEDBC6BABEBA9EDAED
:10DE48003D941E351E351E151E151E141E141E1556
:10DE58001E151E151E151E151614161415F41DF57F
:10DE680015D415F515B415540CB40C750C950C9502
:10DE78000C950C750C7514761455145514550C35F1
:10DE88000C1524133B8CBE0FEE8CBE1012A90B2F61
:10DE980012EE12AD1A07BD8FD5CBD5AACD8ACD49C2
:10DEA800C529C509BCA8B488B448AC48AC48AC2955
:10DEB800AC29A42AA42AA429A42AA42BA40B9C0D27
:10DEC8009C2E7C72DEFCD6DBD6FBD6DBCEDBCEDB33
:10DED800CEDBC6BABEBAA6DA3D93263526151E1580
:10DEE8001E151E141E141E151E151E1415F415F4E9
:10DEF80016141614161415F41DF515F51DD41DD594
:10DF080015550CB414961496149614960C950C7614
:10DF180014551454143414540C340C151BD343AD39
:10DF2800D7163309136F0B3012CD0A8D19E6BD8F42
:10DF3800D5ABCD8ACD6ACD49C509C4E9B488B468E2
:10DF4800AC48AC48AC29AC29AC29AC2BA42AA42AEF
:10DF5800A42BA42B9C2B944E7C5254B7DEDCD6FC0D
:10DF6800CEDBCEDBCEDBCEDAC6DBC6BAC6DBA6FBA3
:10DF78003593261526151E151E151E151E151E155C
:10DF88001E151E151E151E151E1515F41E1415F446
:10DF98001DF41DF51DD51DF51DD50D3314951496CD
:10DFA80014760C9614950C750C750C550C550C556F
:10DFB8001435141413F313B124120B501350130F08
:10DFC80012CE0A6D19E7BD8FCDAACD69C569C529DD
:10DFD800BCE8BCC8AC68AC48AC48AC48AC48A44940
:10DFE800A449AC29A44BA44BAC4B9C4CA42D7CB1AC
:10DFF8004CD72CFCDEDCDEFCCEDBCEDBCEDBCEBAB7
:10E00800CEDAC6BAC6BBA6FB357325F41E151E1498
:10E018001E141E141E141E141E141E1415F415F4BA
:10E028001E1415F415F415F415F415F415F41DF56E
:10E038001DF515B415350CB40CB5149614760C757D
:10E048000C750C550C550C35143414141BF31BD2D9
:10E058001BB1137013500B0F12CE0A8D19E7B56E52
:10E06800CD8AC549C529BCE9BCC8B488AC48AC4808
:10E07800AC48AC48AC49AC49AC49A44A9C6BA46ACE
:10E08800A46A948D7CD24D16253B153DDEDCD6DB8B
:10E09800CEDBCEBBCEDBCEBAC6BAC69AC6BAA6FB14
:10E0A8003D9325F41DF41DF41E141E141E141E1495
:10E0B8001E141E1415F415F415F415F415F415F4BE
:10E0C80015F415F415F41DF515D415D415B41574F7
:10E0D80004B4149514960C750C750C550C550C3429
:10E0E8001434141314131BD313B2139113500AEFDF
:10E0F8000ACE0AAE2207B54ECD8AC549C529BCC885
:10E10800B4A8B488AC68AC49AC48AC49AC49AC4993
:10E11800AC4AAC4BAC6BAC6B9C6C84B04CF7253BFD
:10E128000D5F0D1FD6DBD6DBD6BBCEBBCEBACEBAC3
:10E13800CEBAC67AC69AA6DB355325D41DD41DD4CB
:10E148001DD41DD41DD41DD41DD41DD41DD41DD43F
:10E158001DD41DD41DD41DD41DD415D415D41DD43F
:10E168001DD41DB415B41D9415140C9314750C7599
:10E178000C540C5414340C3414141413141313D3F3
:10E1880013B2137113500B0F0ACE0AAE2227B54EE5
:10E19800CD6AC529BD09BCA8B488AC48AC49AC490E
:10E1A800AC49AC49AC4AAC4AAC4AB42BAC4CA46DB3
:10E1B8008CD25CF72CFB153D153F151FD6BBD6BB83
:10E1C800CE9ACE9ACE9AC679C679BE59C65AA6BAFA
:10E1D80035321D931D931D931D93159315931D9310
:10E1E8001D931D931D931D931D931D931D931593AF
:10E1F800159315B31DB31D931D9315731D741D73CE
:10E208001D5314D30C530C540C540C340C340C14F0
:10E218001414141413F413F30BD20B7113500B30A2
:10E2280012EF0AAE2207B54EC54ABD09BCC9B4A84B
:10E23800B468AC49AC49B46AAC49AC4AAC4AAC4ADB
:10E24800AC6BAC6BA48D94D05CF51D3C0D5D0D7D65
:10E25800155D151ECE7ACE7ACE7AC659C659C659DC
:10E26800BE39BE38B6599E792C901D3215521552BA
:10E278001532153215521D531D531553155215528B
:10E28800155215521D521D321D321D3315331D53A3
:10E29800153315321D131CF21CF314F20CB20C5377
:10E2A8000C340C1414141413141414140BF313F363
:10E2B8000BD20B7113500B0F0ACE0AAD2247B54E85
:10E2C800C50ABCC9BCA9B488AC68B469B48AB46AC4
:10E2D800B46AAC6BAC6AAC4AA48BA4AD8CF165573C
:10E2E8002D1B155E0D5E0D5E0D5E155ECE59CE5969
:10E2F800C659C639C639BE38BE38BDF7B61896589D
:10E30800244F14D014F114F114F114F114F114F190
:10E3180014F114F2151215121512151215121CF219
:10E328001D1214D114D114F214F114D114B114B172
:10E3380014B114B214D214520C120BF313F413F4D4
:10E34800141414140BF313F30BD20B7113500B0F9B
:10E358000ACE0AAD2228AD2EBCEAB4A9B4A8B48965
:10E36800B469B489B48AB48AAC8CA48DAC6BAC6B38
:10E378009CAE8CF06D563519153C155E0D5E0D5E24
:10E388000D5E153ECE59CE59CE59C639C639C63856
:10E39800BE38BDF7B6189E582C4F14B01CB01CB030
:10E3A8001CB01CB01CB01CB11CB11CB114D114D1D0
:10E3B80014B114B114B114B114B114B114B114B12D
:10E3C80014B114B1149114911491149114911CB2B4
:10E3D80014720BF213F313D41413141313F30BF274
:10E3E8000BD20B7113500B0F0AEE0AAD1A27A50EAC
:10E3F800B4C9B4A8B488B489B489B48AB48AB48ACC
:10E40800B4ACAC8CB46BAC8D951165763519157EB2
:10E418000D7F155D0D5E0D5E0D5E155ED659CE59EC
:10E42800CE59CE59C658C638BE38C5F7B5F79E3846
:10E438002C2E14B01C901C901C901C901C901C90AE
:10E448001C901CB01CB01CB11CB11CB11CB114B187
:10E4580014B114B114B114B114D114D114B114B14C
:10E4680014B114B114B114B11CD214510C1213F319
:10E478000C131413141313F20BD213711350132F1C
:10E4880012EE0ACD1A28A4EDB4A9B4A9B4A9B4A966
:10E49800B4A9B48AB48AB4ABB4ABB4ACB4AC94F198
:10E4A8006D762D3A153C0D7F0D7F155E0D5E0D5E68
:10E4B8000D5E155ED67ACE59CE59C659C659C6587C
:10E4C800BE38C5F7B6179E582C4F1CD01CB01CB0D0
:10E4D8001CB01CB01CB01CB01CB01CD11CD114D179
:10E4E8001CD11CD114D114D114F114F114F114F16C
:10E4F80014F114F214F114F114F114F214F21512C7
:10E5080015121D1314920C330C1314131413141234
:10E518000BF213911350132F12EE0AAD1A289CED2B
:10E52800B4A9ACA9B4A9B4AAB4AAB4AAB4ABB4ABFC
:10E53800ACECACEDA4F075561D3B153D155E155EB3
:10E54800155E155E0D5E0D5E0D5E155EE679F618BC
:10E55800E637E617E617E617DDF6DDB6D5D6C5F6D3
:10E568005C0E444F442F442F440F443044504450D1
:10E57800443044503C30445144513C502C9224B3D4
:10E5880024B124B324B324B324B324931CB324D3D5
:10E5980024D324D324D32CB42CD52CB52CB5245473
:10E5A8002415141423D52B750BF213B20B710B70B1
:10E5B800130F12CE1A4894ADACAAB4AABCAAB4AA36
:10E5C800ACACB4ABB4ABACCDACAD9530759634F95E
:10E5D8000D3D0D5E0D5E0D5E0D5E0D5E0D5E0D5EFC
:10E5E8000D5E155ECAAAD289D268D268D289D2686D
:10E5F800CA48C288CA88CA89BA09AA0AAA0BAA0B31
:10E60800AA0BAA0CAA0B9A2B99EB9A0B9A2C9A0C88
:10E61800920B89EC723151F449D649D549D549B59F
:10E6280041B541B541B549B649B649D649D641B4CF
:10E6380049D541B549D549F641D631F541B641B537
:10E648002AD413D20B910B70134F12EE1A6994CD82
:10E65800B4CAB4CAB4CAB4CBB4ECBCCBBCCBB4ED6A
:10E668009D106D7435181CFC0D3E0D3E0D5E0D5E43
:10E678000D5E0D5E0D5E0D5E0D5E155EE207E20637
:10E68800DA26DA27DA27DA27DA27E207E9E7E9C814
:10E69800E167D928D928D928D928D929D908D10969
:10E6A800D109D109D129D129D909D12BA150711565
:10E6B8006938691768F768F768F768F868D868D834
:10E6C80068F868F868F869186118691861186919AC
:10E6D80061185137591749353AB513D20BB10B9117
:10E6E800136F0B2E1A8994CDB4CAB4CAB4EBB4EB29
:10E6F800B4ECBCEBB4EC9D2F75752D170D5D0D5F5B
:10E708000D3E0D5E0D5E0D5E0D5E0D5E0D5E0D5EC9
:10E718000D5E155EE207E207E9C7E9E7E9E7E9E721
:10E72800E9E7E9E7E1E7E208D188C969D168D16892
:10E73800D168D168D168D149D149D149D149D149A4
:10E74800D929D16AA16E6933595661566136613645
:10E75800593659366117611761376137613759384A
:10E7680059385938595859586137595661374955A0
:10E7780032F513F313D213D113900B4F22EA9D0EE7
:10E78800B4EBB4EBB50BB4EBB50CB52DA5507D9639
:10E798003D19155C057F055F0D5E0D5E157E0D5EEE
:10E7A8000D5E0D5E0D5E0D5E155E155EE206E9E618
:10E7B800E9E6E9E7E9E7E9E6E9E6E9E6E1C7E9E8FC
:10E7C800D988D949D948D948D949D949D949D12A1B
:10E7D800D14AD14AD14AD14AD948D949A94F711504
:10E7E8006919691769176917611760F768F768F792
:10E7F80068F7691768F76118611861176117691771
:10E80800693761567117513532F51C1313F213F23B
:10E8180013D013B0234B9D0EBD0BB50BB52BBD0C00
:10E82800BD2DAD4F8D7445191D1D0D5E057F0D5F06
:10E838000D7E0D5E157E157E157E157E0D5E157E90
:10E84800157E157FE227EA07EA27EA26EA07E207A4
:10E85800E207E1E7E1E7E1E7D987D968D948D9488C
:10E86800D948D948D949D14AD129D12AD12AD12A36
:10E87800D149D949A94F711569376917691760F7DF
:10E8880060F760F761176117611761176117611702
:10E8980061176117611761376138613769575935F1
:10E8A8002B95145214321412141113D02B6C9D3062
:10E8B800BD2DBD2CB52DC50EAD6F8D935538253E9C
:10E8C800155F157E157E0D7E0D7E157F0D5F0D7F04
:10E8D8000D7F157F155F155F155F1D5FEA27EA0736
:10E8E800EA26EA26EA07E207EA07E1E7E1E7E1E7DD
:10E8F800D987D968D968D968D949D949D949D1496D
:10E90800D129D149D12AD12AD149D949A94F71153B
:10E9180069376937611761176917691861176117CE
:10E9280061176117611761176117611761376137DF
:10E9380061376137613750F43C171CF41452145294
:10E948001C311BF01BAD9571BD4CBD6BB56DAD8F0A
:10E9580085D44D582D1B157D155E155E157E155EEB
:10E968000D7E157F157F157F157F157F157F1D7F00
:10E978001D5F1D5FEA27EA07EA06EA06EA07E207DB
:10E98800EA07E1E7E1E7E1E7D987D968D969D96812
:10E99800D969D949D949D149D149D149D149D12A86
:10E9A800D149D949A94F7135693769376117611755
:10E9B8006118691861176117611761176117611785
:10E9C800611761176137613761176917613751142A
:10E9D8003C1725951D1414921C721C111BCE9D7199
:10E9E800C54DBD4CB56F95D34D781D5E155F157C33
:10E9F800155E155E155E157E155E155E155E157F36
:10EA0800157F157F1D5E1D5E1D5F1D5FE227EA06EF
:10EA1800EA06EA07E207E207EA07E1E7E1E7E1E7F2
:10EA2800D987D988D969D968D969D949D949D149FA
:10EA3800D149D149D149D129D14AD929A94F7115EB
:10EA480069376917611769176918691861176117B4
:10EA5800611761176117613761376137613761176E
:10EA680069176917613750F43C371DB51DB51D533B
:10EA780014D21472240E9D71BD4EAD9095D5657853
:10EA88002D3A155F1D5F1D5D155E155E155E155EE1
:10EA9800157E1D5E1D5E1D5E1D5E1D5E1D5F1D5F7C
:10EAA8001D5E255FEA27EA06EA06EA07EA07E207A3
:10EAB800E1E7E1E7E1E7E1E7D987D988D969D968EA
:10EAC800D969D949D949D149D149D149D149D12956
:10EAD800D149D929A92F71156917691761176917BC
:10EAE800691869186117611761176117611761372C
:10EAF800613761376137613769176917611750F4F2
:10EB08003C371DD51DD41DB4155415142C6E95B065
:10EB1800ADAF86144D982D1B1D7C157E155E155FB7
:10EB2800155E155E155E157F157F1D5E1D5E1D5EEB
:10EB38001D5E1D7E1D5E1D5E1D5E255EE246EA06AB
:10EB4800EA06EA06EA06EA06EA06E9E7E9E7EA077C
:10EB5800E187D968D948D949D949D949D949D9285A
:10EB6800D949D929D929D929C96AD12AA94F7135A9
:10EB780069376937613761376117611761376137FD
:10EB880061376137613761376137613761376138BC
:10EB980061386116611750F53C561E151DF51DF4B8
:10EBA80025F41DB32CD085B38E154597255C1D3DE6
:10EBB8001D3D1D5D155E155E153E155E1D5E1D5ED7
:10EBC8001D5E1D5E1D5E1D5E1D5E1D5E253E1D3E9D
:10EBD800253E253EE246EA06EA06EA06EA06EA068F
:10EBE800EA06E9E7E9E7EA07E187D968D948D948B1
:10EBF800D949D949D949D949D949D949D929D9293D
:10EC0800C94AD149A94F71356937693769376937B1
:10EC1800613861186137613761376137613761374A
:10EC2800613761376137613861386116611750F5AE
:10EC38003C561E151E151E14263526152D916DF6EB
:10EC48005D572CF92CDD2CFC2CFB2D1C2D1C251CB8
:10EC58002D1C2D1D2D1C251C251C2CFC2CFC2D1CB5
:10EC68002D1C2CFC2CDC2CDC2CDC2CDCE246EA06F3
:10EC7800EA06EA06EA06EA06EA06EA07EA07EA0709
:10EC8800D987D968D948D948D948D949D949D94912
:10EC9800D949D949D949D129C96AD14AA94F713520
:10ECA800693769376137693769386138613761179A
:10ECB80061376137613761376137613761376117AC
:10ECC80061386116613859153C56161415F5161435
:10ECD8001E151E342DD46E3A6DFB6E1C7DDD7DBC79
:10ECE8007DDC7DDC7DDC7DFC85FD7DFC7DFC7DFCAB
:10ECF8007DFC7DDC85DC85DC85FC7DDC7DBC7DBC2C
:10ED08007D9C7D9CE226EA06EA06EA06EA06EA0611
:10ED1800EA06EA07E9E7EA07E187D968D968D9483E
:10ED2800D948D968D948D949D949D949D949D929CE
:10ED3800C96AD14AA94F7135693769376137693767
:10ED48006938693861376117613761376137613709
:10ED58006137613761376117693869366138591524
:10ED680044571E151E1516141E141E142D9596BDF7
:10ED7800B6FEB6FCC6DCCEDEC6DECEDDCEDDCEFD12
:10ED8800CEFDCEFECF1ED71ED71ED71ED71ED71E2E
:10ED9800D71ED71ED71ED71ED71ED6FDE246EA06B7
:10EDA800EA06EA06EA26EA26EA26EA07E9E7EA0898
:10EDB800E187D968D968D968D948D948D968D9695B
:10EDC800D969D949D949D929C96AD14AA94F7135C7
:10EDD8006937693761376937693869386137611761
:10EDE800613761376137613761376137613761177B
:10EDF80069386936613859153C571DF51DF51614E3
:10EE08001E1415F42573967ABE7BBE7BC67DC67D1F
:10EE1800C67CC69CC69CC69CCEBCCEBCCEDCCEDD19
:10EE2800CEDDD6DCD6DCD6DCD6DCD6DCD6DBD6FC32
:10EE3800D6DCD6DCE246EA25EA26EA26EA27EA070D
:10EE4800EA07EA07EA07E1E7D9A7D988D968D968BC
:10EE5800D968D968D968D969D169D969D969D969A5
:10EE6800D96AD14AA930711669576938611761376B
:10EE78006137613769176917693769176917691839
:10EE8800691869176917693769176936613851163A
:10EE980044571DD41DD415D415D415D425338E3A12
:10EEA800BE1BBE1BB65BBE5CBE5CC67CC67CC69C7D
:10EEB800C69CC6BCCEBDCEDDD6DDD6BDD6DDD6DD84
:10EEC800D6DCD6DCD6DCD6DCD6DCD6DCE246EA46B6
:10EED800EA26EA26EA27EA27EA27EA27EA07E207EC
:10EEE800D9A7D9A8E188E188D968D968D968D96942
:10EEF800D969D969D169D96AD14AD14AA92F70F596
:10EF08006137613761176137613761376137613759
:10EF180061376117611761176117611761176137E9
:10EF280069176936613751153C361DB41DB415B4DF
:10EF380015B41D94251385F9B5DBB5FAAE1BB61BC0
:10EF4800BE3BBE5CBE5CC67CC69CC69CCE9CCE9CB2
:10EF5800CEBCCE9CD6BDD6BDD6BCD6BCD6BCD6BC47
:10EF6800D6BCD6BCE266EA46EA46EA46EA26EA277C
:10EF7800EA27EA27EA27EA07E1C7E1A8E1A8D9884A
:10EF8800D988D988D988D989D989D969D169D969D4
:10EF9800D169D169A92F70F5613661376117613779
:10EFA8006137613761376137613761376137613799
:10EFB800613761376137613761376155593750F4C7
:10EFC8003C151D531D5315531D531D5324F37DB874
:10EFD800A59AADBAADBAADDBB5FBB61BB63BBE3C28
:10EFE800BE5CBE5CC67CCE9CCE9CCE9CCEBDCEBD4F
:10EFF800CEBCD6DCCEBCCEDCD6DCCEBCE266EA46E5
:10F00800EA46EA46EA46EA26EA26EA27EA27EA0735
:10F01800E1C7E1A8E1A8E188E188E188D968D98950
:10F02800D989D969D969D969D969D149A92F70F517
:10F038006136613761176137611761176137613769
:10F048006137613761375917593659165936593664
:10F0580059365934513648F333D41CF214B214D209
:10F0680014D21CD21C7175779D799D7AA59AA59AA0
:10F07800A5BBADDBADFBB61CBE1CBE3CC65CC65C0E
:10F08800C67CC65CCE9CCE9CCE9CD6BCCEBCD6BC28
:10F09800D6BCCEBCE266EA46EA46EA46EA46EA2634
:10F0A800EA26EA27EA26EA27E1C7E1A8E1A8E188F3
:10F0B800E188D988D968D988D989D989D989D98954
:10F0C800D969D169A94F70F5613661376117611740
:10F0D80061376117613761376136611661365916D4
:10F0E800591650F550F551155115511348F440B2C1
:10F0F8002372147114510C500C711451145075373B
:10F10800953995399D5A9D5A9D7AA59AA5BBADDB2F
:10F11800B5DBB5FBBE1BBE1BC63CC63BC65CCE7C86
:10F12800CE9CCE9CCE9CCE9CCEBCCEBCEA46EA46BB
:10F13800EA46EA46EA46EA46EA46EA46EA46EA4746
:10F14800E1E7D9C8D9A7D9A7D9A8D9A8D9A8D9886A
:10F15800D988D988D989D989D16AD169A18E6954C0
:10F168006936613761376117611761376137613611
:10F1780061365936591550F650D550F450D450F3DD
:10F1880050D3393348D340D12B11147114911491B1
:10F19800149114711C3175188CF995399539953A73
:10F1A8009D3A9D5A9D59A59AA59AADBBADBBB5DCB4
:10F1B800BE1CBE3CC63CC65CC67CCE9CC69CCE9CD7
:10F1C800CEBCCEBCEA46EA26EA67E267E267E267B7
:10F1D800E267E267E267E247D9E7D1C8E1A8E188D8
:10F1E800E188E188E188D989D989D989D969D98912
:10F1F800D16AD94AA94F71157116613761366136DE
:10F2080061366136593759375936511648F548D558
:10F2180040D440D440D448F44114393350D438D27F
:10F228002B941CB31CB314B21C921C922452753834
:10F238008D1A8D1A8D3A953A953A95399D599D5959
:10F248009D7AA57AAD9AADBBB5DBBDFCBE1CBE3CB4
:10F25800C63CC65BC65BC67BCE7CCE9BD264DA243A
:10F26800E205E205E205E205E205E205E205E2065D
:10F27800D985D986D185D185D185D186D186C986CA
:10F28800C986C986C987C987C988C967994D61135D
:10F29800595558F558F558F558F558F550F450D4CF
:10F2A80048D448B3409238B238923892389340B331
:10F2B80038F340F25093309133151C7414530C53A7
:10F2C800143314331C1354367459747984DB8D1B2E
:10F2D8008D3B953A953A953A953A9D5B9D5AA57A14
:10F2E800A59AAD9BB5DBB5FCBE1BBE3BBE3BC65B62
:10F2F800C65BCE7CECC9EC89ECC9ECC9ECC9ECC99D
:10F30800E4A9EC89EC88E468DC27DC08EBE7E3C7D0
:10F31800E3A7E3A7E3A7E3C7E3C8E3C8E3C8E3C8F1
:10F32800E3A9E388A3AE537343B53B973B963B767B
:10F3380033552B142B132B342B342B553355337552
:10F348002B75337633762B362B1622F52AB61AD53B
:10F3580013B513F40C140BF40BF40BF41BD43B96F9
:10F368004B574B57533753565BB86C187C9A84DB12
:10F37800951C951B9D5B9D5B9D5BA57BAD9BADBB6C
:10F38800B5DBB5FBBE1BBE1BC63BC65CEEACFE8C3C
:10F39800FE8BFE6BFE6AFE6AF64AFE09FE09FE094E
:10F3A800EDA8E588ED67ED67ED67ED68ED68ED6759
:10F3B800ED47ED47ED47ED27E527E5279D4D3D1145
:10F3C80025732D3424F31CD214911CB124B324D3F7
:10F3D80024B41CB41CB424D424B41C75145514359A
:10F3E8001C161C15141613F713F513D513F50BF586
:10F3F8000BD50BD51B953B57435943394B394B38E4
:10F408004B184B174AF74B375B977C7A8CDB951B6D
:10F418009D3BA55BA55BA59BADBBADDBB5DABDFB95
:10F42800BE1BBE1BF66BF68BF66AFE6AF64AF62A18
:10F43800F62AF629F609F609E586ED87E587E567F0
:10F44800E567E547ED47E546E546E546ED26E50689
:10F45800E507E4C6952B2CF01D321CD214911491AB
:10F4680014B21CB21CB21CD31CB324B424B414555B
:10F478001414141514150BF614161416141613F682
:10F4880013F50BF60BF613D50BB513B51B753378BF
:10F498004B394B194B394B384B384B384B394B3868
:10F4A8004B174AF753176BF98CDC9D3C9D3BA55ACB
:10F4B800A57AAD7BADBAB5FCBDFCBDFBFE6BF68C89
:10F4C800F66BFE6BF64AF64AF64AF629F629F6294D
:10F4D800E5A7EDA7ED87ED87ED67ED67ED67ED66CD
:10F4E800E567E546ED46E526E4E7ECC69D0B2C8F7F
:10F4F80014B1147014911CB21CB21CB31CB31CD4EC
:10F508001C94145414140C140C15141514160BF61E
:10F5180013F613F613F613F513F50BF50BF513D5D0
:10F528000BB513B51B7533774B394B194B394B3822
:10F538004B384B384B384B1842F84AF84AF74AD6FA
:10F548004AD65B77951C9D5C9D5BA55BA59BADDC56
:10F55800A57A9496FE8BF68BF68BF66BF66AF66AAE
:10F56800F64AF62AF62AF629EDA7EDA7EDA7EDA7A4
:10F57800ED87ED87ED87E587ED67ED67ED47E527D3
:10F58800ECE7ECC6A50B244E1470149014B11CB211
:10F598001CB31CB31C9414741435141614161415C7
:10F5A800141514151415141613F513F513F60BF595
:10F5B8000BD50BF50BD50BD50BB513B51B753377E1
:10F5C8004B394B194B394B384B184B184B184AF8D9
:10F5D80042F842D842D84AD84AD84AD7531773F97A
:10F5E8009D3C9D5CA57CA55B8C76B5BAFE8BF68BA5
:10F5F800F68BF68BF66BF66AF66AF64AF64AF64A20
:10F60800EDC7EDC7EDA7EDA7EDA7ED87ED87ED8772
:10F61800E587ED67E547E527E4E7ECC69CEB1C0DBD
:10F628001C911CB21CB21C931C9414540C140C1581
:10F638001416141614161415141514161416141674
:10F6480013F513F613F613F50BD50BF50BD50BD5F0
:10F658000BB513B51B7533774B394B1943384B181A
:10F668004B184AF84AF84AD84AD84AD74AB74AB744
:10F678004AB74AB74AB74A965B1694BB9CDB94983C
:10F68800B59AB599FEABF6ACF6ABF68BF68BF66B86
:10F69800F66BF66AF64AF64AEDC8EDC7EDC7EDC750
:10F6A800EDA7EDA7ED87E587ED87ED67E547E5274A
:10F6B800E4E7E4C69CEB242E24D21CB21CB31494B9
:10F6C8000C330C140C150C151415141514151416EC
:10F6D800141614161416141513F613F513F613F559
:10F6E8000BD50BF50BD50BD50BB50B951B753377D8
:10F6F80043384B1843184AF84AF84AF84AD74AD7C1
:10F708004AB64AB64AB74AB74AB74AB64A9652B705
:10F71800529552B48C18B55BAD38BD77F6ACF6CBC4
:10F72800F6ABF6ABF6ABF68BF68AF66AF66AF66ACD
:10F73800EDE7EDC7E5E7EDE7EDE7E5A7E5A7EDA719
:10F74800E587E587E567DD26DD06DD069D2C244F88
:10F758001CF21CB214930C340C140C150BF50BF59D
:10F768000C160C160C1514160C1614160C160C1672
:10F7780013F61416141613F513F50BF50BD50BD554
:10F7880013950B9413753B3742F8431842F842F827
:10F7980042F842D742B742B742B74AB74A974A9760
:10F7A8004A775277529752765A7662356253A479DD
:10F7B800B518B557F6ACF6CBF6CBF6ABF6ABF6AB61
:10F7C800F68AF68BF68AF66AE5E8EDE8E5E8EDE80C
:10F7D800EDE7E5C7EDC7EDA7E587E587E567DD4612
:10F7E800DD06DD269D4C244F14B214930C330C1403
:10F7F8000C150C150BF50BF50C160C160C150C1638
:10F808000C160C160C160C1613F61416141613F503
:10F8180013F50BF50BD50BB50B950B9413553B371F
:10F8280042F842F842F842D742D742D742B742B7E5
:10F8380042974A974A974A774A774A765276525673
:10F8480062356A157A357233A3F6B518F6CCF6EC3C
:10F85800F6CCF6CCF6CBF6ABF6ABF68BF68AF68A98
:10F86800EE08E5E8E5E8E5E8EDE8E5E7EDC7EDC72A
:10F87800E5A7E587E567DD47DD47E5679D8D24302A
:10F8880014730C140C140BF50BF60BF60C150BF586
:10F898000C150C150C150C150C150C160C160C1655
:10F8A8001416141613F60BF50BF50BD50BD50BB573
:10F8B8000B950B941354331642D742D842D742D7EC
:10F8C80042B742B742B742974A974A974A774A7728
:10F8D8005277527652566235721579F579D6821575
:10F8E8007A33A437F6CDF6ECF6CCF6CCF6CCF6ABFC
:10F8F800F6ABF6ABF68AF68AEE08EE08E608E608F6
:10F90800EE08EDE8EDE7E5C8E5C8E587E587E567D2
:10F91800E588E5A8A5AD24100C340BF40BF50BF61F
:10F928000BF50BF50C150C150BF50BF50BF50BF58D
:10F938000C160C160C160C161416141613F613F5D2
:10F9480013D50BD50BD50BB50B950B94135432F679
:10F9580042B742D742D742D742B742B742974297B7
:10F9680042764A774A77527752775A56621669F53D
:10F9780079D579D581B589F682357A53FECDF70CDC
:10F98800F6EDF6EDF6CCF6CCF6CCF6ABF6ABF68AA1
:10F99800EE28EE08E608EE08EE08EDE8EDE8EDE8FA
:10F9A800E5C8E5A7E5A7E588E5A9E5A8A5AD1BF0A5
:10F9B8000C3513F50BF50BF50BF513F40C150BF5CE
:10F9C8000BF50C150C150BF50C160C160C160C1665
:10F9D8001416141613F513F513D50BD50BD50BB553
:10F9E8000B950B74133432F642B742B742B742B79D
:10F9F80042B742974297427642764A774A774A57C1
:10FA080052575A1661F571B479B479B479D481F53D
:10FA180082158254F6CDF6ECF6CCF6ECF6CCF6CCA4
:10FA2800F6CBF6ACF6ABF6ABE648E628E628EE28C9
:10FA3800E628E628E608E5E7E5C7E5C7E5C7E5C837
:10FA4800DDC9E5C99D6E1BB0141513F513D513F563
:10FA580013F514150C160C160C160C150BF50C15C5
:10FA68000BF50C160C150C150BF613F60BF60BF61E
:10FA78000BF50BD50BD50B940B740B741B342AF5B3
:10FA880042974A9742B742964296427642764A76DB
:10FA98004A774A774A57523659F569B569B571B404
:10FAA800799479B479B579F47A148214FEEDF6EC88
:10FAB800F6EDF6EDF6CCFECCF6CCF6ACF6ABF6AB46
:10FAC800E649E648EE48EE48EE28E628E628E5E866
:10FAD800E5E7E5E8E5E8E5E8DDC8DDC9954D1BB0F3
:10FAE800141513F513D513F513F614160C160C1676
:10FAF8000C160BF50BF50C150C150C150BF50BF579
:10FB08000BF60BF60BF60BF50BD50BD50BB50B94CB
:10FB18000B740B7413342AD5429642774296427678
:10FB28004276427642764A774A774A575256621662
:10FB380061D569B569B471947994799479B479D5B2
:10FB480079F581F5F6EDF6ECF6EDF6EDF6EDF6CC99
:10FB5800F6CCF6CCF6CBF6CBE669E668EE48E64896
:10FB6800E648E648E628E608E608E608E609E6097B
:10FB7800DDC8DDC89D6E136F13F513F513F513F586
:10FB880013F50BF50C160C160C160C150BF50C15BD
:10FB98000BF50BF50BF50BF50BF60BD50BF50BD59C
:10FBA8000BD50BD50BB50B940B740B741B342AD5E2
:10FBB800427642764276427642564A764A764A7685
:10FBC8004A56523659F669B571946994719471948C
:10FBD8007993799379B479B581D681F4F6EEF6ED17
:10FBE800F6EDF6EDF6EDF6EDF6CCF6CCF6CBF6CB7B
:10FBF800E669E669E648E648E648E648E648E6088B
:10FC0800E608E629EE29E609DDE8DDC89D8E1B6FCA
:10FC180013D513F513F513F50BF50BF50C150C159A
:10FC28000C160C160C160C160C150BF50BF50BF523
:10FC380013D50BD50BD50BD50BD50BB50B940B9456
:10FC480013740B541B142AB542764A564276425610
:10FC58004A764A764A774A76523659F661957175E8
:10FC6800717471747174717479937993719481B5A5
:10FC780081B479D0F70EF70DF70EF70EF70DF6ED04
:10FC8800F6EDF6ECF6ECF6CBE689E689EE68EE6979
:10FC9800E668E648E648E628E628EE29EE49E60959
:10FCA800D5E9DDC8A5AE1B8F13D513F513F513F5EC
:10FCB80013F50BF50BF50BF50C150C160C150C16AE
:10FCC8000C160BF50BF50BF513D50BB50BD50BD5A2
:10FCD8000BB50BB50B940B740B740B531B142AB593
:10FCE80042764256427642564A764A764A774A766B
:10FCF80051F659B569957154715471747174717371
:10FD08007973799379B481B47971A331F6EEEF0DF3
:10FD1800F6EEF6EEF6EDF6EDF6CDF6EDF6CCF6EC03
:10FD2800E669E669EE69EE69E648E628E628E64807
:10FD3800E628E649E649DE08D609E60AA58F1BB09B
:10FD4800141513F513F50BF513F50BF50BF50BF56A
:10FD58000BF50BF50BF50C160C360C1614160BF5EB
:10FD68000BD50BD50BD50BD50BB50BB50B95139543
:10FD780013540B341B132AB43A75425642764A562A
:10FD88004A764A56523551D561746174715471542A
:10FD98007154715471747973717379938193714F3C
:10FDA800A331C4D1F70EF72DF70EF70EF70EF6EDC7
:10FDB800F6EDF6EDF6ECF6ECEE89E689E669E6682E
:10FDC800E668E648E648E649E649E649E629E629D6
:10FDD800DE29E60AA58F1BB1141513F513F513F5E3
:10FDE80013F50BF50BF50BF50BF50BF50BF50C16E1
:10FDF8000C160BF50BF50BF50BD50BD50BD50BB579
:10FE08000BB50B950B950B7413540B3412F32AD4C2
:10FE180042754A5642764A764A56523659D55994C8
:10FE280061746954715471337133715371547174BD
:10FE380071747994716FA352CCD2BCAEF70EF72DC2
:10FE4800F6EEF70EF70EF6EDF6EDF6EDF6ECF6EC4F
:10FE5800E68AE689E689E669E669E648E648E64923
:10FE6800E649E649E629E629DE29E62AA5B01BB1D6
:10FE7800141513F513F513F513F50BF50BF50BF531
:10FE88000BF50BF50BF50C150C160BF50BF50BD547
:10FE98000BD50BB50BB50BB50B950B9513941374CC
:10FEA8000B540B131AF32AB442754A764A764A560B
:10FEB800521659D56174695469347134713479337F
:10FEC800713371537154715471737171AB72CCD2B7
:10FED800C4ACC4CCF70EF72DF70EF70EF70EF70DDE
:10FEE800F70DF6EDF6EDF6ECE68AE68AE689E689A0
:10FEF800E669EE68E648E66AE66AE649DE29E62A41
:10FF0800DE29E62AADB01BB0141513F513F513F569
:10FF180013F50BF50BF50BF50BF50BF50BF50BF5D1
:10FF28000BF50BF50BD50BD50BD50BB50BB50B9509
:10FF380013950B74137413540B340B131AF32AB45C
:10FF480042754A764A76523659B5617469547114C5
:10FF580069347134793471337133715371547173F5
:10FF6800694E9AF1CCD2C4CFC4ACC4CBFF0EF72EE5
:10FF7800F70EF70EF70EF70EF70DF6EEF6EDF6ECB8
:10FF8800E68AE68AE689E689E689E669E668E68A2F
:10FF9800E66AE649DE29E64ADE29E62AADD01BB044
:10FFA800141513F513F513F50BF50BF50BF50BF508
:10FFB8000BF50BF50BF50BF50BD50BD50BB50BB5F9
:10FFC8000BB50BB50B950B940B950B740B740B546D
:10FFD800133413341AF32AB442754A564A5651D583
:10FFE8005975693471147114693471347114713329
:08FFF80071337133715369107C
:020000041002E8
:100000009B11D4F3C4AEC4AEC4ADC4ACF70FF72F8C
:10001000F70FF70EF70EF70EF70DF6EDF6EDF6EC1F
:10002000E68AE689E689E689E669E689EE89E6698F
:10003000E649E629E629E629DE29E62A9DAF1BB036
:100040000C1513F413F513F513F513F50C150BF547
:100050000BD50BF50BD50BD50BD50BD40BD40BB4A3
:100060000B940B951395139513740B740B54133455
:100070001313131322D4329442754A3559D561545F
:1000800061346934691471137115691469337133FA
:100090007153715369309AF1CCF2BCADC4ADC4ACAC
:1000A000C4ACC4CCF70FF72FF70FF70FF72FF70EED
:1000B000F70EF70EF70DF70DE6AAE68AE689E68950
:1000C000E689E689EE89E669E649E649E649E64ACF
:1000D000DE29E62A9DD01BB00C1513F413F513F599
:1000E00013F513F50BF50BF50BD50BD50BD50BD481
:1000F0000BD40BB40BB40BB40B940B9413940B7480
:10010000137413540B34131313130B1322B43A74D4
:100110004A5551F55974613461346934691370F387
:100120007114713471337133713369109AF2D4F3ED
:10013000C48EC4ADC4ADC4ADC4ADC4CCF70FF72FED
:10014000F72FF72FF72FF70FF70EF70EF70DF70D25
:10015000E6AAE68AE6AAE689E689E689E689E66904
:10016000E649E649E649E64ADE49E64A9DAF1BB064
:100170000BF50BF40BF50BF50BF50BF50BF50BF580
:100180000BD50BD50BB40BD40BB40BB40B940B9455
:100190000B940B740B740B740B5413341313131351
:1001A00013130AF322B4423551D4599561346114C2
:1001B00061146914691368F3693369147133713216
:1001C00060F09AF2D4F4CCCDC4CBC4ADC48DC48D50
:1001D000C4ADC4ACF70FF72FF72FF72FF72FF72F7A
:1001E000F72FF70EF70EF70DE6ABE68AE6AAE68ADA
:1001F000E68AE68AE68AE669E669E669DE4ADE4973
:10020000DE4AE64A9DAF13B00BF513F413F513F570
:1002100013F513F50BF50BD50BD50BB40BB40BB5D0
:100220000BB50B950B940B740B740B740B540B5494
:100230000B540B13131312F312D31AF32A5441D491
:1002400059746155611461146914691368F368F392
:10025000691369136912610D9B11CCD3C4AEC4AB91
:10026000C4ABC48DC48DC48DC48DC4ADF730F72F1D
:10027000F730F72FF72FF72FF72FF70EF70EF70DB1
:10028000E6ABE6AAE6AAE68AE68AE68AE68AE6898E
:10029000E669E669DE4ADE49DE4AE64B9DAF13B009
:1002A0000BF513F413F513F50BD50BD50BD50BD5B7
:1002B0000BD40BB40BB40BB50BB50B950B740B74C3
:1002C0000B740B540B540B340B3303330B1312D33B
:1002D0001AD31AB31930495359346134611460F395
:1002E00068F368F368F368F368F268F360CF92B07C
:1002F000CCB2BC6DC4ACC48CC48CC46DC48DC48D74
:10030000C48DC48DF74FF74FF730F74FF74FF74FC6
:10031000F74FF72FF72EF72DE6AAE6AAE6AAE68A08
:10032000E68AE68AE669E68AE669E669DE69DE6902
:10033000E64AE64B9DCF1BD013F40BF40BF40BF500
:100340000BF50BF50BD50BB50BB50BB50B940B944F
:100350000B9413740B540B540B540B530B530B3360
:100360000B3312F412F31AD31A73097118AF513305
:10037000611360F360F360F360F360F268F368F3B5
:1003800060F358AF8A90D4F3BC8EC46CC48DC46C37
:10039000C46DC46CC48CC48CC4ACC48CF72FF74F30
:1003A000F730F750F74FF72FF74FF72FF72EF72DBE
:1003B000E6ABE6AAE6CAE6AAE68AE68AE68AE68A1C
:1003C000E66ADE69DE69DE69E64AE64B9DAF13B098
:1003D00013F40BF40BF40BD40BD40BD50BD50BB5DA
:1003E0000BB40B940B940B940B740B740B540B54B5
:1003F0000B540B340B330B330B130B1313131A93D4
:10040000117110F0188F511258F358F360D360F344
:1004100060F360F360F360D358CF8A51D4D4BC6EDC
:10042000BC8DC46DC48DC46DC48DC48DC48CC48C8E
:10043000C48CC48CF730F74FF730F750F74FF72FD5
:10044000F72FF72FF72FF72EE6ABE6AAE6AAE6AAD4
:10045000E6AAE68AE68ADE8ADE6ADE6ADE6ADE6AA4
:10046000DE4AE64B95AF13B013F50BF40BD40BD467
:100470000BD40BD40BB50BB50B940B940B940B74E2
:100480000B740B540B540B540B340B3413140B130D
:10049000131413141AB3097018F018B0186E51120F
:1004A00060F358F360F260F260F360F360D2588F4B
:1004B0007A0FCCB4BC8DBC8CBC8CC46DC48DC46DA7
:1004C000C46DC46DC48DC48DC48DC48DF730F74F19
:1004D000F730F730F750F750F72FF72FF72FF72EA9
:1004E000E68BE6AAE6ABDEAAE6AAE68AE68ADE6B39
:1004F000DE6ADE6ADE6ADE4ADE4ADE6B958F1390C4
:1005000013F50BD40BD40BD40BB40BB40BB50B9469
:100510000B940B940B740B740B541354135413342B
:100520000B340B34131412F412F422B4097010F0CB
:1005300020D1188F186E511260F258F260D260F21A
:1005400060F260F2506C820FC493BC4FBC6DBC6C07
:10055000BC6DBC4DBC4DBC6DBC6DBC6DBC6DBC4DB3
:10056000BC6DBC6DF730F74FF730F730F750F750F0
:10057000F72FF72FF72FF70EE68BE6AAE6AADE8A0B
:10058000E68AE68AE66AE68BDE6BDE6ADE6ADE4AC9
:10059000DE4ADE6B958F137013D50BD40BB40BD4DE
:1005A0000BB40BB40B940B940B940B740B740B7473
:1005B0000B540B54133413340B340B1412F412F485
:1005C0001AF41171113118F118B018AF184E50F219
:1005D00060D258D260D258D260F2506E8A4FCC931B
:1005E000B42DBC4EB40EB42EB42DBC4DBC2DBC4DA0
:1005F000BC4DBC4DB44DB42DB44DB44DEF13F713F9
:10060000F733EF33EF33EF32EF12EF11EF31E73122
:10061000CECFCEEFCEEEC6CECEEFD6CFD6AFCE8FEC
:10062000D6AFD6AFD6AFD6AFCEADC6F18E13137060
:100630000BD50BB40BB40BD40BB40BB40B940B74E1
:100640000B740B540B540B741334133413141334F2
:100650000B130AF312F51A95099218F118F018D035
:1006600018D0188F206E48F160D260D258D360F352
:1006700050AF8A70C473ABEDB40DB40DB40DB40DAE
:10068000B42EB42DB42DB42DB42DB40DB40DB40DC1
:10069000ABEDABECEF19EEF9E6F8E6D8DED8DED834
:1006A000DED8D6F7D717AED654ED558F55904D708E
:1006B0005571448F4C4F440F3C0F440F442F442F2F
:1006C00043F043F02BD113B20BD40BB40BB40BB4E7
:1006D0000BB40B940B940B740B740B540B540B5402
:1006E0000B3413340B340B3413141AF422741151D9
:1006F00018F118F118D018D018D018AF204E48F1C2
:1007000058D258D258F2508F7A10BC53ABEFA3CEC8
:10071000A3CEA3CEA3CEA3CEABCEABEEABEEABEED1
:10072000ABEEABEEABCEABCEA3ADA3ADE71CE6FC20
:10073000DEFCDEDCD6DCD6DCD6DCD6DBCEFB9EDA1D
:100740002D121D931DD31D9325950C3313F40BD43B
:100750000BD40BF40BF40BD40BB40BB413B50BB5D7
:100760000BB50BB40BB40BB40B940B9413950B7526
:10077000137513540B540B340B340B140B140B1450
:1007800013141A94115118F120F118F018D018D040
:1007900020AF188F184E40F150F258D148AF71D0A9
:1007A000ABD2A3CEA3AEA390A3AEA3AEA3AEA3AE93
:1007B000A3AEA3AEA38EA3AEA3AEA38EA38EA38D32
:1007C000A38E9B6DE71CDEFCDEFCDEFCD6FCD6FCBB
:1007D000D6FCDEBBD6DCAEDB34D21D941DB31D923D
:1007E00025940C5314150BD50BF50BF50BF50BD409
:1007F0000BF40BF40BD50BB513B50BB50BB50B9573
:100800000B950B941375137513551354133413145C
:100810000B140B1412F41AF41A54115118D020D1DD
:1008200020B018902090208F208F206F202D48F12D
:1008300050F250AF6971AB95A331A36FA370A3724F
:10084000A370A370A370A370A370A370A36FA36F12
:10085000A34FA34FA36FA34FA34F9B4FE71CDF1CD6
:10086000DEFCDEFCDEDCDEDCD6DCD6BBD6FCAEDBC2
:1008700055743E153DD63DF635B6143313D513B534
:1008800013B513D513B513B51B9413B50BB50BB432
:1008900013B40B940B9513950B940B74137513559C
:1008A000135513340B341334133412F41AD422B402
:1008B0003A15417349334933415339533933393246
:1008C000391138D138AF491248906131A316A2F4DA
:1008D0009AF39AF29AF29AF29AF29AF29AF29AD2D7
:1008E0009AD29AD29AD29AD29AD29AB29AB292B111
:1008F0009AB19291E71DE71DDEFCDEFCDEFCD6FC22
:10090000D6FBD6DBCEFCAEDC65B75E594E795658C9
:1009100056181C1313F613D513D513D513D513B5C9
:100920000BB513B513B513B513951395139513950F
:1009300013751375135413541334131413140B1425
:1009400012F422B43254423451D559B55975595420
:1009500051545134513351334933491350F248B053
:100960006130A31892B69A959A959A959A959A7528
:100970009A759A759A759A75927492559255925580
:10098000925592349A359214921491F4E71DE71D12
:10099000DF1CDEFCDEFCD6FCD6FBD6DBCEFCAEBB21
:1009A00065B756384E384E174DF8141313D613B595
:1009B00013D513D513B513B513B513B513B51395D7
:1009C0001395139513751375137513551354135409
:1009D0000B340B340B3413141AB432744A3551F4FB
:1009E00059B559955975597451545154513451331D
:1009F0005113511348B061529AD79AB692B69A964B
:100A00009A759A759A759A559A5592559255925526
:100A100092359235923592359235921591F589D469
:100A200091F589F5E71DE71DDF1CDF1CDF1CD6FCF7
:100A3000D6FBD6FCCEFCAEBC65D756384E585638E1
:100A400055F81BF313D613B513B513B513B513959A
:100A500013B513B513B51395139513751375137556
:100A60001355135513540B540B341334131422938E
:100A700032744A3559D5619559B5599559745954B7
:100A80005954515351335134513348F1597192B63D
:100A900092969A9692969A769A769A569A569A56E6
:100AA0009A56923692369235921592169216921561
:100AB000921589F591D689D589D589D5E73DE71D68
:100AC000DF1CDF1CDF1CD6FCD6FCD6DCCEFCAEDC8B
:100AD0006DD756384E38563856181C1413D613B6E0
:100AE00013B513B613951395139513951395139585
:100AF00013751375135513551355133513340B34E0
:100B000013141AD422944255525659F561B5619581
:100B100061955995599559745954595451345133D3
:100B20005111517082B392B592969A969A969A778D
:100B3000927692569A569A569A369A3692369215D6
:100B400092159216921691F591F589F589D589B588
:100B500089B589B5E73DE71DDF1CDF1CDF1CDF1C05
:100B6000D71CD6DCCEFCAEDC65D756384E385618CE
:100B70005E1924351BD613B613B513B613B51395EA
:100B80001396139513961375137513551355135523
:100B900013351335133513151AF42A943A755A562A
:100BA00061F569D561D559D56996619559B559955C
:100BB0005954595459545132515082D38AD292B413
:100BC00092759A7692769A76925692559A569A5647
:100BD0009A3592359235923592159215921589F57E
:100BE00089D589D589B589B589B58195E71CE71C73
:100BF000DF1CDF1CDF1CD6FCD6FCDEFCD71DAEDC08
:100C000065B75E395658563856382C9413B513D6F6
:100C100013B513B6139613961395137513751375B1
:100C200013751355133513351315131513151315A4
:100C30001AD53A955A3661F661D661D561D561D536
:100C400061B561B56194619461755974513259B15E
:100C50008353832F82F08AB39296927792769A7614
:100C600092569256923692369A369A169A169A1644
:100C700091F691F691D591D691D589B589958194C2
:100C800081947975E73DE71CDF1CDF1CDF1CDF1C4E
:100C9000D71CDEFCD71DAEDC6DD75E5956585659B1
:100CA00056383D3613B513B613B513B613951396D0
:100CB00013751375137513751355133513351315F4
:100CC0001315131513151AB53AB652965A3669F616
:100CD00061F661D661D661D569D569B569B569D561
:100CE00061B5597361F28B738371832F83108AD33B
:100CF0009296927792779A77925692569236923649
:100D00009A369A169A16921691F591F691D591D532
:100D100089D589958195817481747974E73DE71C43
:100D2000DF1CDF1CDF1CDF1CD71CD6FCD6FDB6DCAD
:100D30006DD75E395658565956584DB813B413D618
:100D400013B513951396137513761376135613551F
:100D50001335131513151315131512F51AB43A9507
:100D600062566A1662366A1669F669F669F661F6BF
:100D700069F569D569D569F5619369F38B74838FDA
:100D8000836E832F83108AD39296927792769A7687
:100D900092569256923692369A169A169A1692163B
:100DA00091F591F691D591D589B589958195817502
:100DB00081757975E73DE71CE71DDF1CDF1CDF1C33
:100DC000D71CD6FCD71DB6FC6DD75E395658565881
:100DD0005658667A13D41BB61BB613B61B961376F9
:100DE0001B7613561B561B351B3513151315131580
:100DF0001AD522B53A755A766A1672166A366A1686
:100E00006A166A1669F669F669F569D569D561D217
:100E10006A1293938B9083AE836E832F83108AD351
:100E200092769277927692569256923692369216A1
:100E30009A169A16921691F591F591D589B591D594
:100E400089B589958175817579557955E73DE71C97
:100E5000DF1DDF1CDF1CDF1CD71CD6FCD71DB6FC3A
:100E60006DD85E595679565956375E592C761BD631
:100E70001BD61BB61B961B761B561B561B561B36CA
:100E80001B361315131512F522B53A965A7662568B
:100E90006A3672167216721672166A1669F669F654
:100EA00069F569F561B3723293748BAF838F838F69
:100EB000836F7B2F83108AD39276927792769256A5
:100EC0009256923692369216921691F691F691F5C6
:100ED00091D591D589B589B58995899481558155E3
:100EE00079357114E73DE73DE71CE71CDF1CDF1C8B
:100EF000DF1CDF1CD73DBEFC6DD75E595E595E58C6
:100F00005E585E5A45581BD51BD613B613961396DA
:100F1000137613561B561B5613351B1613151AD56D
:100F200042B662576A376A377237723672366A3635
:100F30006A15721571F571F571F561B472538B73A1
:100F400083908BAF83AF836F836F832E83118AD49B
:100F500092969277925692569236923692159215B2
:100F6000921591F591F591F589D589B589B5899550
:100F70008995817479557935793568F4E73DE73D90
:100F8000E73DE71DDF1CDF1CDF1CDF1CD71DBF1D7D
:100F900076185E795E595E585E585E395E3B1393F3
:100FA0001BD61BD613B613961B76137613761356E1
:100FB0001356133622D542D75A776A57725772376B
:100FC0007237723672367236723672167216721640
:100FD00069F5723393B593D28BB08BCF8BAF838F80
:100FE000836F832F83118AD492969277925692566A
:100FF00092369236921592159216921591F591F5B8
:1010000089D589B589B589958175815479347135CA
:10101000711568D4E73DE73DE73DE71DDF1DDF1CA7
:10102000DF1CDF1CD71DBEFD75F85E795E595E5969
:101030005E595E59667B24351BF61BB71BB71396AA
:101040001B7713771376135613361AF542D66AB800
:101050007257723772577257725772367A567236A3
:1010600072367236723572356A5393B493F193EFD8
:101070008BD08BCF8BAF8B8F8370834F83118AD3B1
:1010800092769257925692569256923692159215A1
:101090009216921691F589D589D589B58195819554
:1010A000817579547935711568F468D4E73DE73D69
:1010B000E73DE71DDF1CDF1CDF1CDF1CD71DBF1D4C
:1010C00075F85E795E595E595E595E595E594D9963
:1010D00013B41BB71BB713B61B971B971B771B3695
:1010E00022F642D662D872577A377A5772577257B9
:1010F0007A577A567A567A367236723672546A321D
:101100008B7393F293EF93EF8BCF8BCF8BAF8B8F50
:101110008370834F83118AD3927692579256923678
:101120009236923692169215921691F691F689D5CC
:1011300089B581B58195817581757934711568F4AA
:1011400068D560D5E73DE73DE73DE71DDF3DDF3C86
:10115000DF3CDF1CDF3DC71D6DD85E79667966799F
:10116000667A5E595E386E7C1BF51BD71BD71BB6A3
:101170001B971B971B7622F63B176AD872B87277BB
:101180007A5772577A577A577A577A577A567A3700
:101190007A37723572529394941093F08BD08BCF30
:1011A0008BAF8BCF8BAF8BB08370834F83118AD380
:1011B000927692568A3692369216923692159215F9
:1011C00091F691F691F689D58995819581957974F5
:1011D0007954713470F568D460D460B5E73DE73D6B
:1011E000E73DE73DDF1CDF3DDF3DE71CDF3DBF1D89
:1011F00075F866595E795E796679667966796E7B8F
:1012000045181BB5139613B613961B77231642F891
:1012100072FA82B87A987A987A777A777A577A5780
:101220007A567A567A567A567A55729393B38BEFEA
:101230008BEF8BEF93EF93F08BCF8BCF8BCF838F95
:10124000836F834F8AF18AB3927692579256923582
:1012500092369236921691F691F591F689F689B505
:1012600081958175795579557135711468D468B453
:1012700060B46095E73DE73DE73DE73DDF1CDF3DBE
:10128000DF1DE71CDF3DBF1D75F866595E79667985
:101290006679667966796659663B1BF51BB60B76EF
:1012A000137722B642F76B597AD87AB87A987A9837
:1012B0007A777A777A577A577A577A577A57723590
:1012C0007AB493B493D18BEF93F093F093F093F0BF
:1012D0008BCF8BCF8BCF838F836F834E8AF18AB373
:1012E000927692579256923692369236921691F69E
:1012F00091F689D589D589B581758175793471352E
:10130000711468D468D468B460B46095E73DE73D73
:10131000E73DE73DE73DDF3DDF3DE71CDF3DBF1D2E
:1013200075F8667966796679669A66796679665936
:101330006E9B34F71BB51B771AD64A977B197AF840
:101340007AF87AB87AB87A987A977A777A777A77D1
:101350007A577A567A567AD59BD493F093EF93F0D6
:1013600093F093F093F093F08BEF8BEF8BCF838F11
:10137000836F834F8AF08A93925692569256923692
:1013800092369216921691F689F689D581B5819595
:1013900081757955711570F468D460D460B560B505
:1013A00060B560B5E73DE73DE73DE73DE73DE73D3B
:1013B000DF3DE71CDF3DBF1D75F866796679669AEB
:1013C0006E7A6E796E7A6E7A6679663A2BD51AD510
:1013D0004AD77B198AB98AD882D882D882B882B88B
:1013E000829782978278827882777A9582B393B453
:1013F00093F293EF93EF93EF93F093F093F093F0D6
:101400008BEF8BEF8BCF838F836F834F82F08A9329
:1014100092569236925692368A16921689F689F626
:1014200089D689B58195817579557135711568F4BD
:1014300060B460B460B560B560B560B5E73DE73DE8
:10144000E73DE73DE73DDF3DDF3CE71CDF3DBF1DFE
:1014500076186679667966996E7A6E796E7A667AAA
:1014600066796E7A5CD843577B798AF88AD88AF98C
:101470008AB882D882D882B882B8829882988298B4
:10148000829782B49B94941194119410941093EFCA
:101490009410941093F093F08BEF8BEF8BCF838F9E
:1014A000836F834F8AF08A93925592368A368A16D2
:1014B0008A1689F689D689D689B58195819581550F
:1014C0007934711468F460B460B460B46095609568
:1014D000609560B5EF5DE73DE75DE73DE73DE73DE2
:1014E000E73DE71CDF3EBEFD76186E9A669A6E7A7F
:1014F0006E7A6E7A667A763B6E797618A61C945967
:101500008B178AF98ADA8AD98AF88AD98AB88AD866
:101510008AB882B88AD88AD882F58BB393F09410AF
:1015200093F093F0941094109410941094109410DD
:101530008BEF8BEF8BCF838F836F834E8AF08A94F0
:10154000925692368A369216921689F689F689D67E
:101550008195817579757955713568F560D460B478
:1015600060B460946095609560B56095EF5DE73D0F
:10157000E75DE73DE73DE73DE73DE6FCDF3DBF1DBD
:1015800075F86E9A669A667A6E9A667A66796E5A77
:1015900075F8AEDBCEFEC61D833793398AD98AF93A
:1015A0008AF88AD98AD98AD98AF98AF98AF88B1667
:1015B000939393F293F09410941093F093F093F02C
:1015C00093F093F093F094108BEF8BEF8BCF838F8E
:1015D000836F834E8AF08A9492568A358A369216A1
:1015E0008A1689F689D681B58195795579557135EF
:1015F000711468D460B460B460B460946095609510
:1016000060956095E75DE73DE73DE73DE73DE73DF8
:10161000E73DE71CDF3DBEFD75F86E7A6E7A6E9A87
:10162000669966796E796DF8AEDBD6DCD67BDEDD49
:10163000B4DB7AF68B198B198AF88AF88AD98AD999
:101640008AF88AF88B16939493F0940F93F093F0A2
:1016500093F094109410941094109410941094108B
:101660008BEF8BEF8BCF838F836F834E82F08A94C7
:1016700092568A368A168A1689F689F681B6819537
:10168000797579557135691568F460B460B460B4E2
:1016900060B4609460B460B460B460B4E73DE73DAA
:1016A000E73DE75DE73DE73DE73DE71DDF3DBEFC8C
:1016B00075F866796E7A66796659765875F7AEFC74
:1016C000CF1DDE9BDE9AD69ADE9E9C178B378B1938
:1016D0008B198AF98AF98AF89317933593D493F280
:1016E00093EF940F93EF941094109410941094101F
:1016F00094109410941094108BEF8BEF8BCF838FFA
:10170000836F834E82F08A748A568A358A1689F6E8
:1017100089D681B68195797579557135711568F5D8
:1017200060D560B460B460B460B5609560B460B416
:10173000609460B4E75DE73DE73DE75DE73DE73D89
:10174000E73DE71DDF3DBEFC75F86E796E7A6E9A57
:101750006E596DD7AF1CCF3DCEDBD6BBD69BD69B8B
:10176000DEBBDE7E8B778B188B3A92F99319931838
:1017700093569BB493F0941094109410940F94107B
:101780009410941094109410941094109410941039
:101790008BEF8BEF8BCF838F836F834E8AF08A74AE
:1017A0008A358A158A1689F681B5819579757954B5
:1017B0007135711468F560D560D560B460B460B4FB
:1017C0006095609560B4609460B460B5EF5DEF5D66
:1017D000EF3DEF3DE73DE71DE71DE73CE71DBEFCA4
:1017E0007618765A6E396E5965F7AEFCD71DDEBB9A
:1017F000D6BBD6BBD6BBD6BBDE7CDE9CDE5D8B56B5
:10180000933B933A93199B579BB493F2940F940F85
:10181000941094109410940F9410941193F193F0E9
:10182000940F941093F093F093EF8BEF8BCF8B90FA
:101830008B90832F8AF08A738A3589F581D681D57A
:1018400081B5799571757135711568F468F468D44E
:1018500060D460D560B560B560B560B560946094E3
:10186000609468B4EF5DEF5DE73DEF3DE73DE71D58
:10187000E71DE71CE71DBF1C6E186E5A6E3A6DD847
:10188000A6BBCF1CD6FBDEDAD6DAD6BAD6BAD6BA23
:10189000D6BAD6BADEBCDE3E93B893589B979BB4BB
:1018A0009C11942F944E944E944F942F942F942ED9
:1018B000942F9430942F940F940F941094109410AC
:1018C00093EF8BEF8BCF8B8F8B70832F82CF8253D5
:1018D0008A1581F581D579B4799479757135711549
:1018E00068F468D468F568D460B460D560B560B554
:1018F00060B560B56094609468D46093EF3DEF3D4F
:10190000E73DE73DE73DE73DE71CE6FCE73DB71C6B
:101910006E176E396DD8AEBCD71DDEDBD6FBDEDDB3
:10192000D6DDDEDEDEFDDEFDDEDDD6DCDEFDDEDE8E
:10193000D61D93D693B59BF39411942F9451945143
:1019400094519452945294519452943294329431CA
:10195000941094109410941093EF8BEF8BCF8B8F87
:101960008B70832F82AF823381F581D579B57994DD
:1019700079747154691468F468D468D468D568D5EA
:1019800060D560D560B560B560B560B5689468B481
:1019900068B37915E73DE73DE73DE73DE73DE73DC6
:1019A000E71CE71CE71DBEFC7E186DB7AEBCD75E1A
:1019B000DEDBDEBBD6FC84358C578C58949794972D
:1019C0009CB794B794D79CD79CB6943573106ACEC5
:1019D0006AEE6AEE6AEF6ACF6AEF62CF62CF62B0F8
:1019E00062B062B05A6E73319430940F940F8C0FC2
:1019F0008BEF8BEF8BCF8B8F836F7B0E7A8F7A136E
:101A000081D481B4799579757154713568F468D54C
:101A100060D460D460D560D560D568D568B560B451
:101A200068B560B468B4689379158996E73DE73D79
:101A3000E73DE73DE73DE73DE71CE71DE73DBEFB32
:101A40007596AEFCD73ED6DBDEDAD6BBDEDDAD9AD0
:101A500084368C588C778C76947794778C769495A2
:101A600094928C718C517B6F62AE6AD062B062B01E
:101A70005A8F5A8F5A8F6290629062705A6F7311A8
:101A80009431940F8C0F8C0F8BF08BEF8BCF8B8F4F
:101A9000834F7AEE7A6F79F279B479747154715414
:101AA0007134691468D468D560D460D468D568D5B9
:101AB00068B568D568B468B468D568B468B3813669
:101AC00089B79196EF5DEF3DE73DE73DE73DE71DC7
:101AD000E71CEEFDDF3DBEBABEBADF5DDEDBDEDB5E
:101AE000DEBBDEDAD6BAD69C8C758C778C978C965A
:101AF00094969497949694948C908C8F8C8F94B0A9
:101B00007BF05ACE62AF62905A905A905A8F5A9098
:101B10005A705A715A30731194308C0F8C0F93EFA6
:101B200093EF8BEF8BCE8B8E832F72AE724F71D172
:101B300079B471547153711568F468F468D568D537
:101B400060D560D560D460D460B468B468B468B45B
:101B500068B470D48156899789768997EF5DE73D9F
:101B6000E73DE73DE73DE73DE71CE6FDDF1DDF3DE7
:101B7000D71CDEFCDEDCDEDBDEDBDEDBD6BAD6DC71
:101B8000A5378C76949794B794B794B694B58C9205
:101B90008C8F94908C8F8C8F94B18C7262EE5A8D56
:101BA0005A8F5A905A705A905A8F5A705A2F730FF0
:101BB00094308C0F8C0F93EF8BEF8BCF83AE838E93
:101BC000832F72AE6A0E69B07173715471336914E8
:101BD00068F468D460D560B560D560D560D568D547
:101BE00068B468D470F568D4793589778996897630
:101BF00089968997EF5DEF3DE73DE73DE73DE73D9E
:101C0000E71CE71DDF1CDF1CE71DE6DCDEDCDEDB9E
:101C1000DEDBDEDBDEDAD6DBC61994949CB694B745
:101C200094B694D594B28C9094AF8C8F94AF8C8FE3
:101C30008C8F94AF94917BF05ACD526E5A905A90FB
:101C40005A6F5A715A4F732F94308C0F8C0F8BEF41
:101C50008BCF8BCF83AE836E832E72AD6A0E69B04D
:101C6000717371546933691468F468D460D460B4D2
:101C700060D560B568B568D568D468D370F48196CE
:101C800089B789968996897689968996EF3DEF5D21
:101C9000EF3DE73DE73DE73DE71CE73DE71CE71C7F
:101CA000DEFCDEDCDEDCDEDBDEDBDEDBD6BADEDA73
:101CB000D658AD149CD594D79CF594D294B094AFDB
:101CC00094AF94AF94AF94AF94AF94AF94B094B0FA
:101CD00094B17BF15ACE5A6F5A8F62915A50731059
:101CE00094108BEF8BEE8BEF8BCF83CF83AE836E15
:101CF0007B2E72AD6A0E699071537154693368F32B
:101D000068F368D468D460D468B468B468B468B35D
:101D100070F4795589D789B6899689968996899676
:101D200089968976EF5DEF5DEF3DE73DE73DE73D65
:101D3000E71DE71DE71CE71CDF1CDEFCDEDCDEDB4D
:101D4000DEDBDEDBD6BADEFAD698CDD6A4D49D177C
:101D50009CF394B094CE94AF94B094AF94AF94AFFE
:101D600094AF94AF94AF94AF8C8F94B19CD283F125
:101D700062ED628E5A6F730F8C108BEF8BEF8BCFEF
:101D80008BCF83AE838E836E7B0E72AD6A0E6990AD
:101D900069537134691368F368D360D360D468D42D
:101DA00068B368B370F48155899689B68995899529
:101DB000899589958976897689768976EF5DEF5D53
:101DC000E73DE73DE73DE71CE71CE71DE71CE71C97
:101DD000DEFCDEFCDEDCDEDBDEDBDEDBDEDBDEBA19
:101DE000D658D658AD34A5569CD094AF94AE94CF67
:101DF00094CF94D094B094B094D094B094D08CAF4D
:101E00008CAF8CAF8CAF94B094D29471736D83CD42
:101E1000946E8C2B83EC83AE83AD83AE838E834E26
:101E20007B0F728E6A0F615169546933691368F3CD
:101E300068D360D368D368F47934817581958175EE
:101E400081758175817481758175817581758175E3
:101E500081758175EF5DEF5DE73DE73DE73DE71C8F
:101E6000E71CE71CE71CDEFCDEFCDEFCDEDBDEDB69
:101E7000DEDBDEDBDEDBDEDADE58DE77C5F59CD1CD
:101E800094D094CF94CF9CCE9CCF94CF94AF94AF6A
:101E900094AF94AF94CF94AF94AF94AF94AF8CAF12
:101EA0008C908C90946FB5B2DED3CE50B5AEA4EECC
:101EB0009CAC944C8C0C838B7B2B7B0B722C699091
:101EC0006912693269337113713379547975817587
:101ED0008154795479547954795479547954795492
:101EE000795479547954795579557954EF5DEF3DAA
:101EF000E73DE73DE73DE71CE71CE71CE71CDEFC90
:101F0000DEFBDEFBDEDBDEDBDEDBDEDADEDADEDACC
:101F1000DE77E675DE34ACEE9CEF94EF94EF9CEE4A
:101F20009CCE94CF94CF94CE94AE94AE94CF94AFF5
:101F300094AF94CF94AF8CAF8CAF94AF94ADAD8F82
:101F4000DEF0DEEEDECFDED1DED0DEB1D671CE1039
:101F5000C58FB50DBCB1823081D381B379938173C4
:101F60008173795379337933795479347933793387
:101F7000793379337933795379337933795479549F
:101F800079547954EF3DE73DEF3DE73DE71DE71C10
:101F9000E71CE71CDEFBDEFBDEFBDEFBDEFBDEDB45
:101FA000DEFBDEFADEDADEDADE76EE94DE10CD8DF2
:101FB0009CCD9D0E94EF94EF9CCF94CF94CF94EF53
:101FC00094EF94CF94CF94CF94CF94CF94CF8CCFE1
:101FD0008CAF94AF8C8DAD8FDEF0D6EDD6CDD6AE76
:101FE000D6ADD6AED68ED64ECE0DBDABD570820D4B
:101FF00081927972795279527932793279327932A1
:1020000079337933791371137113713371337133F8
:10201000713371337133713379337954E73DE73D6F
:10202000EF3DE73DE71DE71CE71CE71CE71CDEFB77
:10203000DEFBDEFBDEFBDEDBDEFBDEDADEDADEFA3B
:10204000DE96E631DDEEE60DB50DA50E950F951089
:102050009CF0950F951095109510951094F094F0B4
:1020600094F094F08CD08CCF8CD094B08C8DAD90BB
:10207000DEF1D6EED6CED6AED6ADD6ADD68CD66CFB
:10208000CE0BBDAAD56E7A0C8192817279517952AC
:1020900071327112711271127913711371137112FD
:1020A0007113711271327132713271327133713355
:1020B00071337133E73DE73DE73DE73DE73CE71C22
:1020C000E71CE71CDEFBDEFBDEFBDEDBDEDCDEDB53
:1020D000DEFADEFBDEDBE6FAEE12F5CDEDCCEDCB83
:1020E000CDAD9C9184B37CF27CB27CB27CB27CB2EC
:1020F0007CD37CB37CB37CB37CB37C737C737C7308
:102100007C527C737411AD2FD712D6EED6CDD6CEBD
:10211000D6CDD6ADD68DD64DCE0CC5AACD8F79EE07
:10212000817381727972715271527132793379335C
:102130007132713271327132713271527152715227
:10214000715271527133713371537153E73DE73DF1
:10215000E73DE73DE73CE71CE71CE71CDEFBDEFB59
:10216000DEFBDEDBDEFBDEFADEFADEFBDEFBEEF8BC
:10217000C46ADC87DC86DCA5CCAA5229328F2AD03F
:102180002AB022D022D022F122F122F122B022B1B3
:102190002AB12291229122912A6F22511A0D742F75
:1021A000DF32D6EED6CDD6CED6CDD6ADD68DD66D47
:1021B000CE0CC5AAD5AF820E89B38192799369B34B
:1021C00069B371B469B469B571947174697469540F
:1021D0006974695369746974697469747174717428
:1021E00071747174E73DE73DE73DE73DE73CE71C6F
:1021F000E71CE71BDEFBDEFBDEFBDEDBDEFADEFAE6
:10220000DEFADEFADEFBEEF6D489EC86EC86F484A8
:10221000E4A89BED32B02314233423142315233573
:102220002335231522F522F522F622D522D522B513
:102230002A9422751A306C31DF52D6EED6CDD6CE26
:10224000D6EDD6CDD6ADD66CCE0CC5CAD5AF822EC6
:10225000899381B3615239114111411239123912F6
:10226000391230F230F230F230F230F238F238F225
:1022700038F238F2391238F239123912E73DE73DB7
:10228000E71DE71DE73CE71CE71CE71BDEFBDEFA6A
:10229000DEFBDEFBDEFADEFADEFADEFADEF9EED295
:1022A000D487F465F465F465EC66D4EB5ACB32F26E
:1022B00023332B142AF42B142B152B152AF52AF56E
:1022C0002AD52AD52AB52AB532742A7521F07BF091
:1022D000DF52D6EED6CDD6CED6EDD6CDD6ADD66C97
:1022E000CE0BC5CAD5AF822E89B279D3513228F12F
:1022F00029112112211221121932193219321912FF
:102300001912193219321932193219321933193393
:1023100019331933E73DE73DE71DE73DE73CE71C8F
:10232000E71CE71BDEFBDEFADEFADEFADEFADEFB96
:10233000DEDADEF9D6F7E6B0DCA6F485EC66EC86EC
:10234000F486E4A7A3EC426F23132AF322F32B14A1
:102350002B142B142AF42AF42AD42AD422B42AB413
:102360002A932A7521F073D0DF53D6EED6CDD6CE80
:10237000D6EDD6CDD6ADCE4CCE0BC5CAD5AF820DDF
:1023800089D379F349522112213221321933195359
:102390002133213321132112211219331933193317
:1023A000193319331953195319531953E73DE71DBD
:1023B000E73DE73CE71CE71CE71CDEFBDEFBDEFA43
:1023C000DEFADEFADEFADEDADEDADEF7D6D3EECEDB
:1023D000DCA7EC86EC85EC85E465E485DCAC5A8C06
:1023E000231222F32AF222F4231522F5231522F5D3
:1023F00022F522D522B52A9522942A7321B16C0E9A
:10240000E752D6EED6EDD6CED6CDD6CDD6ACD66C5E
:10241000CE0BCDCAD5AF7A0D91F481F44973211258
:1024200021321953195321532933293329322112C7
:1024300021122132213221322132213219531952F3
:1024400021522132E73DE71DE73DE73DE71CE71C50
:10245000E71CDEFBDEFBDEFADEFADEFADEFBDEDAAE
:10246000DEF9DEF5D6B0EECDDCC7EC86EC85EC858A
:10247000EC66E485DCA89BEE328F22F422F422F491
:1024800022F42AF422F422F422D422B422B42A958B
:102490002274227321B1740EE752D6EED6CDD6CE79
:1024A000D6CDD6ADD68CCE4CCE0BCDCAD58F7A2D0F
:1024B00091F481F449732132215221732173215304
:1024C000215321532153215321532153215321536C
:1024D000213221321953215221532153E73DE71D67
:1024E000E71DE71CE71CE71CDEFBDEFBDEFBDEFA7C
:1024F000DEFADEFADEDBDEDAE6F7DED2D6CEEEACF0
:10250000DCE6EC85EC85EC86EC66EC85ECA5D4ECA1
:1025100062CD32B222F522F522D322D322D422D4A4
:102520002AD42AB42A942A7422542A532191740F4B
:10253000E772D6EEDECDD6CED6CDD6ADD68CCE4C8D
:10254000CE0BC5CAD58F7A2D91F3821451732132E7
:1025500021722173217321732173217321731973E4
:1025600019732153215321531932195221522153E6
:1025700021532153E73DE71CE71CE71CE71CE71C40
:10258000DEFBDEFBDEFBDEFADEFADEFADEDBDEF9A8
:10259000DEF5D6AFDEEDEECCDCE6F4A5ECA6ECA6DF
:1025A000EC86ECA6ECA4E4C8B42D422C2B1422F546
:1025B0002AD322D422D42AD42AB42A942A742A547C
:1025C0002A532A3321717C0FE772D70EDECDD6CE87
:1025D000D6CDD6CDD68CCE4CCDEBC5CAD5AF7A0DE7
:1025E00089D381F4497321522172217319732173A4
:1025F00021732173217321731973215321532153A3
:10260000195219532153215321532953E73DE71CF4
:10261000E71DE71CE71CE71CDEFBDEFBDEFBDEFA4A
:10262000DEFADEFADEFAE6F8DED3DECFDEECEECC62
:10263000E4E6F4A5F4A6F4A6ECC5ECC8ECA6ECC65A
:10264000DCED6ACC2AB222D432B322D522B42AB429
:102650002AB42A742A742A3422332A3221717C0F34
:10266000E772D70EDECDD6CED6CDD6CDD68CCE4C1B
:10267000CDEBC5AAD58F7A0D89D381F54953215267
:102680002173219319932173217321732173217372
:102690002173217321732173195319532153295322
:1026A00029532973E71DE71DE71CE73CE71CDEFB08
:1026B000DEFBDEFBDEFADEFBDEFBDEFBE6FADEF552
:1026C000DEB0DECED6ECEECCE4E6F4C6F4C6ECC664
:1026D000ECC7ECE6ECC6ECC6ECC7BC2D3A6E22D4D7
:1026E0002AD42A942AB42A942A742A542A342A33BB
:1026F0002A1329F321717C2FE772D70ED6EDD6CE9F
:10270000CECDD6ACD68CD62BCDCAC5A9D58F7A2D39
:1027100089D381F449732153217321942194219306
:102720002193217321732173217321532153215349
:10273000215321532973297429942974E73DE71DF6
:10274000E71CE73CE71CDEFBDF1BDEFBDEFBDEFB02
:10275000DEFBDEFBE719DED3DECFDECEDEECEECC39
:10276000E4E6F4C6F4E6F4E6ECE7ECE6ECE6ECC608
:10277000ECC7E4EA732C329132B32AB32A932A735A
:102780002A742A532A33321329F329F32951740F57
:10279000E772DF0EDEEDD6CECECDD6ACD66CD62B24
:1027A000CDCAC5A9D58F7A2D89D3821449932173B7
:1027B000219421B421B42193219321732173217396
:1027C000217321732174217421742974299429940B
:1027D00031942994E71DE71DE71CE71CE71CDEFB8D
:1027E000DF1BDEFBDEFBDEFADEFADEFADEF7DED131
:1027F000DECEDEEDDF0DEEECE506F4C6F4E5F4E644
:10280000F4E6F4E6ECC6ECC6ECC6F4E7BC6D422D8B
:102810002AB322B42A732A732A532A332A1329F398
:1028200029D331D229517C0FE752DEEEDEEDD6CE30
:10283000D6CDD6ACD66CD62BCDEACDA9D58F7A2DF8
:1028400089D382144993217321B421B419B421B3DB
:102850002193199319931973197321732173217497
:10286000299429942994299429942994E71DE71DF2
:10287000E71CE71CE71CE6FBDF1BDEFBDEFBDEFAEA
:10288000DEFADF1ADEF5DECFDEECE6EDDEEDEEECB5
:10289000E4E6F4C5F4E5F4E6F4E5F4C6F4C7F4C6FA
:1028A000F4C6ECC7E4EB7B2C327122942A532A3312
:1028B0002A132A1329F329D229D331B229317BEEE5
:1028C000E752DEEEDECDDECED6CDD6ACD66BD62B45
:1028D000CDEACDA9D5AF7A0C89D3821451B3219317
:1028E00021B421B419B419B32193219319931993E5
:1028F0001993217421942994299429942994299431
:1029000029942994E71DE71DE71CE71CE71CE71B3A
:10291000DF1BDEFBDEFBDEFADEF9DF1ADEF3DEEDC7
:10292000E6EBE6ECDEEDEEECDCE5F4C5F4E5F4E533
:10293000F4E5F4E6F4C7F4E6F4C6ECA7F4A6D50E85
:102940003A2D2A122A532A332A1329F229D229B2DC
:1029500029B231B229117BCEE752DEEEDECDDECEDA
:10296000D6CDD6ACD66CD62BCDEACDA9D5AF7A0CC8
:1029700089F3821451B3219321B421D519D421B301
:1029800021B421B42193219321B42994299429B508
:102990002994299429B429B429B429B4E73CE73C03
:1029A000E71CE71CDEFBDEFBDF1BE71BDF1ADF1B80
:1029B000DF1ADF17DED0DEECE70BDEECDEECEEAC90
:1029C000E4E6ECC5ECE5F4E6F4C6F4E6F4C6F4C6D9
:1029D000F4C6ECC5ECC6ED2B9B8D31EF2A332A52A1
:1029E00029D231B321B231933192319129117BCF68
:1029F000EF52DEEEDEEDDECDDEACD6ACD66BD62A07
:102A0000CDEACDA9D58F7A0C89F2821449B321B3CE
:102A100019D419D519D419B421B419B421B421B4D5
:102A200021B529B429B429B429B429B429B429B4C5
:102A300029B429B4E73DE73CE71CE71CDEFBDEFBDD
:102A4000DF1BE71BDF1ADF1BE71ADEF5DECFDF0C2B
:102A5000E70BE6ECDEECEEABE4E5ECC5ECE5F4E62A
:102A6000F4C6F4C6F4E6F4C6F4C6F4C6ECE6E4C76D
:102A7000D50F4A0C31F2221329B3319329923172C6
:102A80003172317129117BCFEF52DEEEDEEDDECDFA
:102A9000DEACD6ACD66BD64ACDEACDAAD58F7A0CB1
:102AA00089F2821449D421D421D419F519D521D41D
:102AB00021B421B421D421D529D529D429D429D48C
:102AC00029D429D429D429D429D429D4E73DE73CD1
:102AD000E71CE71CE71CDEFBDEFBDF1BDEFADF1B6F
:102AE000E739DEF3DEEDE70BE70BE6EDE6ECEEAB08
:102AF000DCE5ECC4ECE5ECE6F4E6F4E6F4E6F4E65A
:102B0000F4E6F4C7F4E5F4E4E50B9BCE292D29B2F5
:102B100031B43172315131723172317128F173AF88
:102B2000E752DEEEDECDDECDDEACD6ACD66BD64ADD
:102B3000CDEACDAAD58F7A0C89F2823449D421F41A
:102B400021F519F519F521F521F421F521F521F5E6
:102B500021D529F429D529F529F529D429F529F5EF
:102B600029F529F4E73DE73CE71CE71CE71CDEFB01
:102B7000DEFBDEFBDF1BDEFAE717DED0DEECE70B69
:102B8000E6ECE6EDE6CCEEABDCE5ECC4ECE5ECE542
:102B9000F4E5F4E5F4E5F4E5F4E5F4C6ECE5F4E495
:102BA000ECC7E52E51A93170319331513132315298
:102BB0003152315128F0736EE752D6EEDECDDEADE4
:102BC000DEACD6ACD68BD64ACDEACDAAD58F7A2C40
:102BD00089F2825451F421D421F519F519F521F522
:102BE00021F521F521F529F529F521F521F521F525
:102BF00021F521F522152A152A152215E73DE73C76
:102C0000E71CE71CE71CDEFBDEFBDEFBDF1BDEFA5E
:102C1000E717DECFE6EBE70BE6ECE6CDE6CCF6CB4E
:102C2000DCE5ECC4ECE5F4E5F4E5F4E5F4E5F4E525
:102C3000F4E5ED05ED06F4E6F4C7E4E9B42E290C5D
:102C400029723150313231322951313128D0736EED
:102C5000E752D6EEDECDDEADDEACD6ACD68BD64AB4
:102C6000CDEACDAAD58F7A2C8A13825451F419D388
:102C7000221519F51A1522152A3622162A152A1593
:102C80002A16221522152215221522152215221583
:102C900022152215E73CE73CE71CE71CE71BDF1B7E
:102CA000DEFBE6FADEFBE71AE6F4DECDE6EBE6EC69
:102CB000E6ECE6ECE6ECF6AADD25ECC5F4E5ED0580
:102CC000F4E5F4E5F4E5F4E5F4E5ECE5ECE5F4E64B
:102CD000F4E6F4E6E50D61C93131293331303112C2
:102CE0003131313028D0734EE752DEEDD6EDDECDF6
:102CF000DECCD68BD68AD62ACDE9CDC9CD8F7A4DFA
:102D00009213823549F519D422151A362236223605
:102D10002A162A162A162A162A162236223622366B
:102D200022362236221622162A162A16E73CE73CBD
:102D3000E71CE71CE71BDF1BDEFBE6FADEFBE71AFE
:102D4000E6F3DECCE6EBE6EBE6ECE6ECE6ECF6AA48
:102D5000DD05F4E5F4E5ED05F4E5F4E5F4E5F4E589
:102D6000F4E5F505F4E6F4E6F4E6F4E7E4E7BC4E52
:102D700028A92930293131123131313028D06B2D39
:102D8000E752DEEDD6CCDECDDECCD68BD68BCE4A6E
:102D9000CDEACDCAD58F7A0C89F2823451F41A1556
:102DA00022562256225622362A362A362A362A36E3
:102DB0002A36225622562A562236223622362236E3
:102DC0002A362A36E73CE73CE71CE71CE71BDF1BFB
:102DD000DEFBDEFBDEFBE719DED1E6CBE6EBE6EB66
:102DE000E6EBE6EBE6EBF6AADD25F4E5F4E5ED052A
:102DF000F4E5F4E5F4E5F505F4E5F505F505F50686
:102E0000F4E6F506F4E6E52D61E930EE29343112F9
:102E10003131313028D0732DEF51DEEDDECCDECDF7
:102E2000DEACD68CD68BCE2ACDEAC5CAD58F79EB4F
:102E300091D28A3452142235225622762276225694
:102E40002256227622762276225622762256225642
:102E5000225622562256225622572256E73CE71C7B
:102E6000E71CE71CE71BDF1BDEFBDEFBDEFAE717D8
:102E7000E6D0E6EAE6EAE6EBE6EBE6EBE6EBF6CAF8
:102E8000DD25F4E5F4E5ED05F4E5F4E5F505F505F6
:102E9000F505F506F506F506F506F506F4E7ECC9C1
:102EA000CC8E38A9311331123130313028B0734E05
:102EB000EF51DECDDECCDEADDEACD68BD68BD64A86
:102EC000CDEACDCADD8F820C91D28A135A142256D4
:102ED00022762296227722772276229622772276EF
:102EE0002276227622762276227622762277227720
:102EF00022772277E73CE71CE71CE71CE71BDF1B78
:102F0000DEFBDEFBDEFAE716E6CFEEEAE6EAE6EA0D
:102F1000E6EAE6CBE6EBF6CBDD25F4E5F4E5F525D0
:102F2000F505F505F505F505F505F506F506F506CE
:102F3000F505F506F4E7F4E6F54C724A30EF311288
:102F40003111310F28AF734EEF51DECDDECCDEAC48
:102F5000DEACDE8BDE8BDE4AD5EAD5CAE5D08A2D23
:102F600091B19A74625522762297229722972277FE
:102F70002297229722B72297229722972297229769
:102F8000229622972277227722772277E73CE73C26
:102F9000E73CE71CDEFBDF1BDEFBE6FBE6F9E715A3
:102FA000DEAEEEECEEECEEECEEECE6CBE6CBF6AB2A
:102FB000DD26ED05F505ED45ED45ED45ED45ED2548
:102FC000ED45F525F525F525F525F525FCE6FD0668
:102FD000ED27D50F2867391030F230EF288E730FA8
:102FE000F751E6CCE6ACE68CE6ABE6ABE66BDE4A48
:102FF000DE2ADE0AEDF18A6E9A549AD66A75227636
:103000001A961AB71AB71A971AB71AB722B722D749
:1030100022B722B722B722B722D722B72297229708
:10302000229722B7E73CE73CE73CE71CDEFBDF1BCF
:10303000DEFBE6FAE6F9E737F753FF4FFF4EFF4FA7
:10304000FF4FF72EF72EFEEDE587F566F586F58640
:10305000FD87FD87FD87FD87FD87FD87FD87FDA730
:10306000FDA7FDA7FD87FD66FDA8F5F07A8B30ADC5
:1030700038F238F1288E7B2FFF93F72FF70FEEEE03
:10308000EF0DF6EEEEEDEEADEEADEE8EE654A3B442
:10309000ABBBAC1C6B5A2AF82318233823392339CD
:1030A0002319233923392339233923392339233960
:1030B000233923392319233923392339E73CE73CC2
:1030C000E73CE71CE71BDF1BDEFBE6FADEF9E71750
:1030D000F754FF31FF50FF50FF50FF2FF72FFF2E07
:1030E000E5C8F5A6F5A6F5C7F586FD86FDA6FDA7FC
:1030F000FDA7F5A6F5A6F5A6FDA7F5A6F5C6F586E6
:10310000F586ED8AE590388938D038F130AF7B4FBD
:10311000FF73F70FF6EFF6EFEEEEEECEEECEEEAE7D
:10312000EE8EEE6EEE55ABF7ABBDA41E635B2318BF
:1031300023581B591B591B592359235923592359C8
:103140002359235A235A235A23592359235A235A9A
:10315000235A2359E73CE73CE73CE71CE71BDF1B0E
:10316000DEFBE6FADEF9E717F734FF31FF30FF3018
:10317000FF50FF30F70FFF0EEDC8F5A6FDA6F5A72F
:10318000F5A6F5A6FDA6FDC6FDC6F5A6F5A6FDA607
:10319000FDA6FDA6F5C6F5A6F5A5F5A7FDEC932BB6
:1031A00038AB38F130907B2EFF73F710F6EFF6F066
:1031B000F6EEEECFEECEEEAEEE8EE64EEE35ABD7C1
:1031C000B39DABFE6B5B233923591B791B7A1B7AAA
:1031D0001B7A1B7A1B7A1B7A1B7A1B7A1B7A1B7A47
:1031E0001B7A1B7A237A237A237A235AE73CE73C1B
:1031F000E73CE71CE71BDEFBDEFBE6FBDEF9E7173F
:10320000F733FF30FF2FFF30FF50FF30F72FFF0F56
:10321000EDC8FDA6FDA6FDA7F5A6F5A6FDC6FDC653
:10322000F5C6FDA6FDA6FDA6FDA6FDA6F5A6F5A77D
:10323000F5C6F5C5EDA7E5CF40C838F028907B2F3F
:10324000FF73F70FF6EFF6EFF6EEEEEFEECEEEAE23
:10325000EE8EE64EEE54ABF7ABBDA43E637A235937
:1032600023791B7A1B7A237A237A237A237A237A87
:10327000237A237A237A237A237A237A237A237A66
:10328000237A237AE73CE71CE71CE71BE71BE71BD5
:10329000DF1BDEFBE6FAEF17F733F750FF50FF5066
:1032A000FF50FF2FF72FFF0EEDE8F5A6FDA6F5C6A0
:1032B000F5A6F5A6FDA6FDA7FDA7FDA7FDA7FDA701
:1032C000F5A6FDA6F5C6F5A6F5A7F5A7F5A6F5CAD8
:1032D0009B6A38EB28707B0DFF93F72FEF0FF6EF0B
:1032E000EEEEEECEEECEEEAEEE8EEE6EEE55A3D65A
:1032F000ABBDA43E635A23591BB91B9A237A1B9A70
:103300001B7A1B7A1B7A1B7A1B7A1B9A1B9A1B9AB5
:103310001B9A1B9A237A239A239A1B7AE73CE71C71
:10332000E73CE71CE71BDF1BDF1BDEFBE6FAEF17C2
:10333000F733F750FF50FF50FF50FF50FF50FF2E64
:10334000EDE8FDC6FDC6F5C6FDC6FDC6FDC7FDC65A
:10335000FDC6FDC6FDC6FDC7FDC6FDC6FDC6FDC753
:10336000FDC7F5A7F5A7EDC6EE0F4968308C7B0DBC
:10337000FF73F710EF10F6F0EEEFEECEEECEEEAEFE
:10338000EE8EEE6EEE55ABD7ABBDA43E637A2359FD
:103390001BBA1BBA239A1B9A1B9A1B9A1B9A1B9A3D
:1033A0001B9A1B9B1B9B1B9B1B9B1B9B239A239A60
:1033B000239A1B9AE73CE73CE73CE73CE71BDF1B13
:1033C000DEFBDEFBE6FAEF17F733F750FF50FF5056
:1033D000FF50FF50F750FF2EEDE8FDC6FDC6F5C6C5
:1033E000FDC6FDC6FDC6FDC6FDC6FDC6FDC6FDC6C5
:1033F000FDC6FDC6FDC6FDC6FDC7F5C7F5A6F5E6CB
:10340000F60CAC0C38698B6FFF54F710EF10F6F028
:10341000F6EFEECEEECEEEAEEE8EEE6EEE55AC17D5
:10342000ABBDA43E639B237A1BDA1BBA239A1BBA5B
:103430001B9A1B9A1BBA1BBA1BBA1BBB1BBB1BBB21
:103440001BBB1BBB239A239A23BA239AE73CE73C76
:10345000E73CE73CE71BDF1BDEFBDF1BE6FAEF1771
:10346000F733F730FF50FF50FF50FF50F730FF2E7B
:10347000EE08FDC7FDC6F5E6FDE6FDE6FDE6FDE668
:10348000FDE6FDE6FDE6FDE6FDE6FDE6FDC6FDC664
:10349000FDC6FDC7FDC6F5C7F5C8F60E48E693AEF6
:1034A000FF73EF10EF10F6F0F70FF6CEEECEEEAEA4
:1034B000EE8EE64EEE55AC17ABDDA45E63BB2B7A09
:1034C0001BDB1BBB239B1BBB1B9B1BBB1BBB1BBB64
:1034D0001BBB1BBB1BBB1BBB1BBB1BBB23BB23BB2C
:1034E00023BB23BBE73DE73CE73CE73CE71BDF1B97
:1034F000DEFBDF1BE6FAEF17F733F730FF50FF5024
:10350000FF50FF50F730FF2EEE08FDE7FDC6FDE748
:10351000FDE6FDE6FDE6FDE6FDE6FDE6FDE6FDE693
:10352000FDE6FDE6FDE6FDE6FDC6F5C6F5C6F5C71A
:10353000FDE5FE29ABED8B49FF73F72FEF0FF6F09A
:10354000F70EF6CEEECEEEAEEE8EE66EEE75ABF785
:10355000ABFDA45E63BB2B9A1BDB1BDB23BB1BDB1E
:103560001BBB1BBB23BB1BBB1BBB1BBB1BBB1BBBA3
:103570001BBB1BBB23BB23BB23BB23BBE73CE73CE1
:10358000E73CE71BE71BE71BDF1BE6FAE6F9EF1753
:10359000F753F750F750F750F750F750F750FF2E0A
:1035A000EE08FE06FDE6F606FE06FE06FE06FE0632
:1035B000FE06FE06FE06F606F5E6F5E6F5E6F5E697
:1035C000F5E6F5E6F5E6FDC7FDC7F5C7EE0AB46911
:1035D000FF91F70FF6F0EEEFEEEFF6EFEECEEEAE78
:1035E000EE8EE66EEE56AC18ABDDA45E6BBB239A96
:1035F0001BDA1BDB23BB1BDC1BDB1BDB1BDB1BDB33
:103600001BDB1BDB1BDB1BDB1BDB1BDB23DB23DBFA
:1036100023DB23DBE73CE73CE73CE71CE71BE71B3E
:10362000DF1BE6FBE6FAEF17F753F750F750F750BA
:10363000F750F750F750FF2EEE08FE06FE06F6078D
:10364000F606FE06FE06FE06FE06FE06FE06FE0662
:10365000FE06FE06F5E6F5E6F5E6F5E6F5E6FDE638
:10366000FDC7FDE6E5E7F68EFF50F70FF6EFF6EF44
:10367000EEEEF6EFEECEEEAEEE8EE64EEE76AC1859
:10368000ABFDA45E6BBB239A1BDA1BDB23DB1BDCCD
:103690001BFB1BFB1BFB1BFB1BFB23FB23FB23FB62
:1036A00023FB23FB23FB23FB23FB23FBE73CE73C20
:1036B000E73CE71CE71BE71BE71BE71BE6FAEF17F6
:1036C000F733F750F750F750F750F750F750FF2EF9
:1036D000EE08FE06FE06FE07FE06FE06FE06FE06D7
:1036E000FE06FE06FE06FE06FE06FE06FE06FE06BA
:1036F000FE06F5E6F5E6F5E6FDE6FE05EE05F68BDB
:10370000F72FF70FF6EFF6EFF6EEF6EFEECEEEAEA2
:10371000EE8EEE6EEE76AC18ABFDA45E6BBB23BAFC
:103720001C1B1BFB23DC1BFC23FC23FC23FC23FCBA
:1037300023FC23FB23FB23FB23FB23FB23FB23FB98
:1037400023FB23FBE73CE73CE73CE71CE73BE71BAD
:10375000E71BE71BE6FAEF17F733F750F750F75080
:10376000F750F750F750FF2EEE08FE06FE06FE2734
:10377000FE06FE06FE06FE06FE06FE06FE06FE0629
:10378000FE06FE06FE06FE06FE06FE06FE06F60621
:10379000FDE7FE06EE06F68AFF2FF70FF70FF6EFAE
:1037A000F6EEEECEEECEEEAEEE8EEE6EEE76AC1821
:1037B000ABDDA45E63BB23BA1C1B1BFB23FC1C1CE0
:1037C00023FC23FC23FC23FC23FC1C1B1BFB1BFBFB
:1037D0001BFB1BFB23FB23FB23FB23FBE73CE73CFF
:1037E000E73CE71BE73BE71BE71BE71BE6F9EF17A7
:1037F000F733F750F750F750F750F750F750FF2FC7
:10380000EE08FE06FE06FE27FE06FE06FE06FE0685
:10381000FE06FE26FE06FE26FE26FE26FE06FE0608
:10382000FE06FE06FE06FE26FE07FE07EE07F68BE8
:10383000FF2FFF0FF6EFF6EFF6EEEEEEEECEEEAE6A
:10384000EE8EEE6EEE76AC18ABDDA45E639A23BA14
:103850001C1B1BFB1BFC1C1C23FC23FC23FC23FC50
:1038600023FC1C1B1C1B1C1B1C1B1C1B241C241CA6
:10387000241C241CE73CE73CE73CE73CE73BE71B18
:10388000E71BE6FBE6FAEF17F733F750FF50FF5060
:10389000FF50FF50F750FF2FEE07FE06FDE6F6261D
:1038A000FE26FE26FE26FE26FE26FE26FE26FE26F8
:1038B000FE06FE06FE26FE26FE26FE26FE26FE0648
:1038C000FDE7FE07F627F68BFF0FF72FF72FF6EF32
:1038D000F6CEF6CEEEAEEEAEEE6EEE6EEE76ABF869
:1038E000B3BEA45E5BBB23BB23DB13FB13FB1BDC60
:1038F0001BFC1BFC1C1C1BFC1BFC1BFC23FC241CBE
:10390000241C241C241C241C241C1C1CE73CE73CF9
:10391000E73CE71CE73BE71BE71BE6FBE6FAEF1794
:10392000F753F750FF50FF50FF50FF50F750FF2F55
:10393000EE07FE06FE07F626FE26FE26FE26FE26DD
:10394000FE26FE26FE26FE26FE26FE26FE26FE2657
:10395000FE26FE26FE26FE26FE07FE07F627F68B2F
:10396000FF0FF72FF72FF6EFF6CEF6CEEEAEEEAE58
:10397000EE8EEE6EEE56ABF8B3DEAC5F639A2B9A2A
:1039800023BA1BDA1BBA23BA1BBB1BDB23DB1BDBF3
:1039900023DB23DB23DB23DB23DB23DB23DB23DB37
:1039A00023FB23FBE73CE73CE73CE73CE73BE71B2B
:1039B000E71BE6FBE71AEF17F753F770F750F750DE
:1039C000F750FF50F750FF2FEE27FE06FE07FE26AA
:1039D000FE26FE26FE27FE27FE27FE26FE26FE27C3
:1039E000FE27FE27FE26FE26FE26FE26FE26FE26B5
:1039F000FE07FE07F627F6ABFF2FF70FF72FF70F9F
:103A0000F6EEF6CEEECEEEAEEE8EEE6EEE76A3F8DF
:103A1000ABBDAC1E7BBC5BBB5BBB53DB53BB5BBCBE
:103A20005BBC63BC63BC63BC5BBC63DC63DC63DC4E
:103A300063DC63DC63FC63FC63FC63FCEF5CE73C1E
:103A4000E73CE73CE73BE71BE71BE6FBEF1AEF171A
:103A5000F753F770F750F750F750FF50F750FF2F1C
:103A6000EE27FE06FE07FE26FE27FE26FE27FE2781
:103A7000FE27FE26FE26FE27FE27FE27FE26FE2622
:103A8000FE26FE26FE26FE26FE07FE07F627F6ABDE
:103A9000FF2FF70FF72FF70FF6EEF6CEEECEEEAEC6
:103AA000EE8EEE6EF676A3F7B3DDABDDA43FA43E5B
:103AB000A43FA43FA43FA43FAC1FAC1FB41FAC1F46
:103AC000AC1FB41FB41FB43FB43FB43FB43FB43FC6
:103AD000B43EB45FEF5CE73CE73CE73CE73BE71B09
:103AE000E71BE6FBE71AEF17F753F770F750F750AD
:103AF000F750FF50F750FF2FEE27FE06FE07FE2679
:103B0000FE27FE27FE27FE27FE27FE27FE27FE278D
:103B1000FE27FE27FE26FE26FE26FE26FE26FE2683
:103B2000FE07FE07F627F68BFF2FF70FF72FF70F8D
:103B3000F6EEF6CFF6CEF6AEEEAEEE6FF676A41754
:103B4000B3FDB3DDAC1EABFDB3FEB3FEB3FEB3FEFF
:103B5000B3FEB41EB41EB3FEB3FEB41EB41EBC1E30
:103B6000B41EB41EB41EBC3EBC3EBC5EE73CE75C6B
:103B7000E73CE73CE73CE73BE71BE71BE71AEF378F
:103B8000F753F770FF50FF50FF50FF70F750FF4E94
:103B9000EE28FE06FE06F627FE26FE26FE26FE463A
:103BA000FE47FE46FE46FE46FE26FE26FE26FE2674
:103BB000FE26FE26FE26FE26FE06FE07EE27F68AD7
:103BC000F72EF72FF72FF70FF6CEF6EEF6CFF6CF4C
:103BD000EEAFEEAFEE77ABF8B3DEABFDABFFB3DE2F
:103BE000ABDEB3FFB3FFB3FFB3FFB3FFB3FFB3FF6E
:103BF000B3FFB41EB41EB43FB43FB43FB43FB45E91
:103C0000BC7DBC5DE73CE75CE73CE73CE73BE71B92
:103C1000E71BE71BE71AEF37F753F770FF50FF502A
:103C2000F750FF70F750FF2EEE28FE06FE26F6270F
:103C3000FE26FE26FE26FE26FE47FE26FE46FE4603
:103C4000FE26FE26FE26FE26FE26FE26FE26FE2654
:103C5000FE06FE07EE27F68AFF2FF72FF72FF70F46
:103C6000F6CEF6EEF6CFF6CFEEAFEEAFEE77AC18BF
:103C7000B3DEB3FEB3FFB3FFB3FFB3FFB3FFB3FFD6
:103C8000B3FFB3FFB41FB41FB41FB41EB41EB43FC0
:103C9000B43FB43FB45EBC5EBC7EBC9FEF5CE75CEF
:103CA000E73CE73CE73CE71BE71BE71BE71AEF377E
:103CB000F753F770F750F750FF50FF50F750FF2EB3
:103CC000EE28FE26FE26FE27FE26FE26FE46FE46A1
:103CD000FE47FE26FE46FE46FE26FE26FE26FE2663
:103CE000FE26FE26FE26FE26FE06FE07F627F68A9E
:103CF000F72FF70FF72FF70FF6EEF6EEF6CFF6CF1A
:103D0000EEAFEEAFEE77ABF8B3FEB3FEB3FFB3FFAB
:103D1000B3FFB3FFB3FFB3FFB3FFB41FB41FB41FB0
:103D2000B41FB41EB41EB43EB43EBC3EB45EBC7EF2
:103D3000BC7EBC9EEF5DEF5CE73CE73CE73CE71BED
:103D4000E71BE71BE71AEF37F753F750F750F75029
:103D5000FF50F750F750FF4EEE28FE26FE26FE4796
:103D6000FE46FE46FE46FE46FE46FE26FE46FE4653
:103D7000FE46FE46FE46FE46FE46FE26FE26FE2683
:103D8000FE06FE07F628F6AAFF2FF72FF72FF6EF0D
:103D9000F6EEF6EEF6CFF6CFEEAFEEAFF697ABF867
:103DA000B3FEB3FEABFFB3FFB3FFB3FFB3FFB3FF8D
:103DB000B3FFB41FB41FB3FFB3FFB41FB43EB43E90
:103DC000B45EBC5EBC5EBC7EBC9EBCDDEF5DEF5CE9
:103DD000E73CE73CE73CE71BE71BE71BE71AEF374D
:103DE000EF33F750F750F750FF50F750F750FF4FB1
:103DF000EE28FE26FE26F647FE26FE26FE26FE2698
:103E0000FE26FE46FE46FE26FE26FE26FE46FE4612
:103E1000FE46FE26FE26FE26FE26FE27F628F6AAEB
:103E2000FF4FF72FF730F70FFEEFF6EFF6EFF6CF75
:103E3000EEAFEEAFF697B419B3FEB3FEABFFB3FF30
:103E4000B3FFB3FFB3FFB3FFB3FFB41FB41FB3FFA0
:103E5000B3FFB43FB43FB43EBC5EBC5EBC5EBC7E50
:103E6000BCBEB49AEF5DE75DE73CE73CE73BE73B70
:103E7000E71BE71BE71AEF37EF32F770FF50FF50F1
:103E8000FF50F750F750FF2EEE48F626FE26FE476D
:103E9000FE46FE46FE46F626F646FE26FE26FE4771
:103EA000FE47FE47FE26FE46FE46FE26FE26FE4650
:103EB000FE26FE07F628F68AF72FF72FF730F70FC2
:103EC000F6EFF710F6EFF6CFEEAFEEB0F697B419C7
:103ED000B3FEB3FDB3FEB3FFB3FFB3FFB3FFB3FF56
:103EE000B3FFB3FFB3FEB3FEB41FB43EB45EBC5E1B
:103EF000BC7EBC7EBC7DBCBEB49CDE7EEF5DEF5D57
:103F0000E73CE73CE73CE73BE73BE71CE71AEF37DA
:103F1000EF32F770FF50F750FF70FF50F750FF2E51
:103F2000EE48F626FE26FE47FE46FE46FE46F626EE
:103F3000F646FE26FE26FE47FE47FE47FE26FE46C6
:103F4000FE46FE26FE26FE46FE26FE27F628F6AA9A
:103F5000FF4FF72FF730F70FF6EFF710F6EFF6EF0A
:103F6000EEAFEEB0F698B419B3FEB41DB3FFB3FFD5
:103F7000B3FFB3FFB3FFB3FFB3FFB3FFB3FEB41E92
:103F8000B41FB45EBC5EBC7FBC9EC49FBCBEB49B71
:103F9000DE5EF75FEF5DEF5DEF5CE73CE73CE73C43
:103FA000E73BE73CEF3AEF57EF33F770FF50FF5036
:103FB000FF70FF70F750FF2EEE48FE46FE46FE47AC
:103FC000FE46FE46FE46FE46FE46FE26FE26FE4710
:103FD000FE47FE47FE26FE46FE46FE26FE26FE461F
:103FE000FE26FE27F648F6AAFF6FF750F730F70FC8
:103FF000F6EFF6F0F6EFF6CFEECFEED0F6B8B43936
:10400000B3FEB41DB3FFB41FB41EB41FB41FB41F5E
:10401000B3FEB41EB41EB41EB43EBC5EBC7EBC9FD8
:10402000BC9EBCBDB4DCDE7EFF9EEF5DEF5DEF5D50
:10403000EF5CEF5CE75CE73CE73BE73CEF3AF757C8
:10404000F753F770FF50FF70FF50FF70F750FF2ECF
:10405000EE49FE46FE46F647FE46FE47FE47FE4751
:10406000FE47FE26FE46FE46FE46FE46FE26FE466F
:10407000FE46FE46FE26FE46FE26FE27F628F6AB48
:10408000FF6FF750F730F710F6EFF6EFEECFF6CF01
:10409000EECFEEB0F6B8B439B41EB41DB3FFB3FE24
:1040A000B3FEB3FEB3FEB3FEB41EB41EB43EBC3EBC
:1040B000BC3EBC5DBC7EB47DBCBCB4BAEEFFFF9F11
:1040C000EF7DEF7DEF5DEF5DEF5DEF5CEF5CEF5C53
:1040D000E75CE73CEF3AF757F753F770FF50FF7094
:1040E000FF50FF70F750FF2EEE49FE46FE26FE47BA
:1040F000FE47FE46FE46FE47FE47FE26FE26FE26FD
:10410000FE26FE26FE26FE26FE26FE26FE26FE466F
:10411000FE26FE27F628F6ABFF70F750F730F710B3
:10412000F6EFF6EFEECFF6CFEECFEEB0F6B8B45A2C
:10413000BC1EB41EB41FB41EB41EB41FB41FB41EE4
:10414000B43EB43EBC5EBC5EBC5EBC7EBC7EB47C99
:10415000B4BAF6FFF79EEF7EEF7EEF7EEF5DEF5D88
:10416000EF5DEF5DEF5DEF3CEF5DEF5CEF5BEF78F8
:10417000EF53F771FF50FF51FF51FF51F750FF2FE1
:10418000F668FE46FE27FE67FE47FE47FE46FE46F1
:10419000FE46FE46FE46FE46FE46FE46FE46FE46FF
:1041A000FE47FE47FE47FE46FE28FE26F627F6ACF3
:1041B000FF4FF72FF730F72FF70FF710F6EFEEEF6F
:1041C000EECFF6D0F6B7B459B41EB43EB41FB41F48
:1041D000B41FB41EB43EB43EB45EB45EBC5EBC5EFE
:1041E000BC7EC49EB47CB4DBFF3FFF9EEF9EEF9E7F
:1041F000EF9EEF9EEF7DEF5DEF7DEF7DEF5DEF5D7D
:10420000EF5DEF5CEF5BEF78EF54F771FF71FF71DB
:10421000FF71FF71F751FF2FF668FE47FE27FE473B
:10422000FE47FE47FE67FE67FE66FE67FE46FE46E9
:10423000FE46FE46FE46FE46FE47FE47FE47FE465B
:10424000FE27FE26F627F6ACFF50F750F730F73082
:10425000F70FF6F0F6EFF6EFF6F0F6F1F6B8B45920
:10426000B43EB43EB41FB43FB43FB43EB43EBC5EB3
:10427000B45EBC5EBC5EBC7EBC7EB4BDC55CF73FBC
:10428000F77FF77EEF9EEF7EEF7EEF7EEF7DEF7D97
:10429000EF7DEF7DEF7DEF5DEF7DEF5DEF5BEF7825
:1042A000F754FF71FF71FF71FF71FF71F751FF2F1D
:1042B000EE48FE46FE27FE47FE47FE47FE67FE67C6
:1042C000FE66FE67FE67FE67FE67FE67FE46FE4609
:1042D000FE47FE47FE47FE46FE27FE26F647F6ABA4
:1042E000FF50F750F750F730F70FF710F70FF70FB1
:1042F000F710F711F6D8BC9ABC5EBC3EBC3FB43E8A
:10430000B43EB43EBC5EBC5EBC7EBC7EBC7EBC9E8D
:10431000B47CBD7CFF9FF77DEF9DEF7FF79EEF9E06
:10432000EF9EF79EEF7EEF7EEF7DEF7DEF7DEF7DE1
:10433000EF7DEF5DEF7CEF79F754FF52F771F77186
:10434000F771F771F771FF2FEE47FE46FE27FE4724
:10435000FE67FE67FE67FE46FE66FE67FE67FE6757
:10436000FE67FE67FE47FE47FE46FE47FE47FE46E7
:10437000FE27FE26F647F6ABFF70F750F751F730F1
:10438000F730F730F730F710F710F711FEF8BCBA36
:10439000BC5EBC5EBC5FB43EBC5EBC5EBC7EBC7E34
:1043A000BC7EBC7EBC9EAC7ACDBCFFBFF77EF79DC9
:1043B000F79DEF9FF79EF79EEF9EF79EF77EF79E85
:1043C000EF7DEF7DEF7DEF7DEF7DEF5DEF7CF779AA
:1043D000F754FF52F771F772F771F771F772FF2F09
:1043E000EE48FE46FE27FE47FE67FE67FE67FE6656
:1043F000FE66FE67FE67FE67FE67FE67FE67FE47B6
:10440000FE47FE46FE47FE46FE27FE26F647F6CC52
:10441000FF70F771F751F730F730F750F730F7309A
:10442000F731F711FEF8BCBABC5EBC5EBC5FBC5E87
:10443000BC5EBC7EBC7EBC9EB49EBC9EAC3BC57BC1
:10444000FFBFF7BCF79DF77EF77EF79EEF9EEF9ECE
:10445000EF9EF79EEF9DEF9DF79EF79EF79EEF7DF7
:10446000EF7DEF7DEF9CF799F775FF72F772F772AA
:10447000F772F792F772FF50EE48FE27FE27F646D6
:10448000FE46FE46FE46FE47FE47FE46FE46FE67E9
:10449000FE67FE67FE47FE67FE67FE47FE46FE4775
:1044A000FE28FE27F647F6ACFF90FF71F751F75153
:1044B000FF50F751F750F751F731F732FF18BCB8FA
:1044C000BC7DBC5EBC5FBC5EBC7EBC9EBC9EBC9E1C
:1044D000BCBEAC7AD63CFFBFEF7EF79EF79EF79E40
:1044E000F79EF79EF77EF77EF77EF77EF79EF79EA4
:1044F000F79EF79EEF7DEF7DEF7DEF7DF79CF799BF
:10450000F775FF72F792F792F792F792F772FF50F2
:10451000EE48FE27FE27F646FE47FE47FE47FE47CB
:10452000FE47FE46FE46FE67FE67FE67FE47FE4705
:10453000FE67FE47FE47FE47FE28FE27F647F6AC1D
:10454000FF91F771F771F771FF51F751F751F7517B
:10455000F752F752F719BCB8BC7DBC5EBC5EBC7E9E
:10456000BC7EBC9EBC9EC4BEAC9AE67EFF9FF79EFE
:10457000EF9EF79EF79EF79EF79EF79EF77EF79EBB
:10458000F79EF79EF79EF79EF79EF79EF79EEF7DAC
:10459000F79DF77EF79CF799EF75FF72F772F77248
:1045A000F772F772F772FF50EE48FE26FE27F646C6
:1045B000FE47FE47FE47FE46FE47FE66FE67FE6775
:1045C000FE67FE67FE47FE47FE67FE67FE47FE4743
:1045D000FE28FE27F647F6CCFF91F772F772F772C6
:1045E000FF72F752F772F772F752F753FF19BCD800
:1045F000BC9EBC7EBC7EC47DC47EC4BEBCBDBCBCF7
:10460000EEDDFF7FF77DF79DF79EF79EF79EF79E05
:10461000F79EF79EF77EF79EF79EF79EF7BEF7BED2
:10462000F79EF79EF79EF79EF79EEF7EEF9DF79A17
:10463000F775FF73F773F773F773F773F773FF701B
:10464000EE48FE27FE27F666FE46FE46FE46FE467E
:10465000FE67FE67FE67FE67FE67FE67FE47FE4772
:10466000FE67FE47FE47FE47FE28FE27F647F6ACEC
:10467000FF92F792F793F772FF72F772F772F77281
:10468000F753F753FF59BCD8BCBEBC9EBC9EBC9D23
:10469000BCBEBCBDB4DAEEDFFFBFEF7EEF7EEF7DC8
:1046A000EF9DF79EF79EF79EF79EF79EF77EF79E8B
:1046B000F79EF79E000000000000000000000000D0
:1046C000001010101010000010000000006C48488E
:1046D0000000000000000000001414287C287C2842
:1046E0005050000000103840403848701010000052
:1046F000002050200C700814080000000000001872
:104700002020544834000000001010101000000059
:104710000000000000080810101010101008080019
:1047200000202010101010101020200000107C100D
:1047300028280000000000000000101010FE1010DB
:1047400010000000000000000000001810302000E1
:1047500000000000007C00000000000000000000DD
:104760000000003030000000000404080810102091
:1047700020400000003844444444444438000000D1
:1047800000301010101010107C000000003844049D
:10479000081020447C00000000384404180404443D
:1047A00038000000000C141424447E040E000000A5
:1047B000003C20203804044438000000001C204045
:1047C0007844444438000000007C44040808081081
:1047D00010000000003844443844444438000000CD
:1047E00000384444443C04087000000000000030DD
:1047F00030000030300000000000001818000018E1
:104800003020000000000C10608060100C000000E0
:10481000000000007C007C00000000000000C020C0
:1048200018041820C000000000001824040810001C
:10483000300000003844444C54544C40443800008C
:104840000030102828287C44EE00000000F8444482
:1048500078444444F8000000003C44404040404458
:104860003800000000F0484444444448F000000090
:1048700000FC445070504044FC000000007E2228A0
:104880003828202070000000003C4440404E444442
:104890003800000000EE44447C444444EE00000034
:1048A000007C1010101010107C000000003C080864
:1048B000084848483000000000EE44485070484422
:1048C000E600000000702020202024247C0000004E
:1048D00000EE6C6C54544444EE00000000EE64643E
:1048E0005454544CEC0000000038444444444444C4
:1048F00038000000007824242438202070000000B4
:104900000038444444444444381C000000F8444403
:1049100044784844E200000000344C403804046409
:104920005800000000FE9210101010103800000017
:1049300000EE4444444444443800000000EE444443
:10494000282828101000000000EE44445454545409
:104950002800000000C6442810102844C6000000AB
:1049600000EE44282810101038000000007C440895
:10497000101020447C00000000382020202020203F
:1049800020203800004020202010100808080000D7
:10499000003808080808080808083800001010281F
:1049A00044000000000000000000000000000000C3
:1049B000000000FE001008000000000000000000E1
:1049C00000000038443C44443E00000000C0405811
:1049D00064444444F80000000000003C444040446B
:1049E00038000000000C04344C4444443E000000F5
:1049F00000000038447C40403C000000001C207C4B
:104A0000202020207C000000000000364C4444445C
:104A10003C04380000C0405864444444EE000000A8
:104A200000100070101010107C00000000100078C2
:104A3000080808080808700000C0405C487050482A
:104A4000DC00000000301010101010107C0000007E
:104A5000000000E854545454FE000000000000D848
:104A600064444444EE0000000000003844444444E0
:104A700038000000000000D8644444447840E0005E
:104A8000000000364C4444443C040E000000006C1E
:104A9000302020207C0000000000003C443804440A
:104AA000780000000000207C202020221C00000054
:104AB000000000CC4444444C36000000000000EEEE
:104AC0004444282810000000000000EE44545454D0
:104AD00028000000000000CC48303048CC00000026
:104AE000000000EE44242818101078000000007C1C
:104AF000481020447C000000000810101010201006
:104B000010100800001010101010101010100000ED
:104B100000201010101008101010200000000000DD
:104B20000024580000000000000000000000000009
:104B30000000000000000000000000000000000075
:104B4000000000000000000000000C000C000C0041
:104B50000C000C000C000C000C0000000C0000000D
:104B60000000000000000000000000001DC01DC08B
:104B7000088008800880000000000000000000009D
:104B8000000000000000000000000D800D800D807E
:104B90000D803FC01B003FC01B001B001B001B0003
:104BA000000000000000000004001F803180318000
:104BB00038001E000F000380318031803F00040068
:104BC0000400000000000000000018002400240081
:104BD00018C007801E0031800240024001800000A2
:104BE0000000000000000000000000000F0018009E
:104BF000180018000C001D80370033001D800000D5
:104C00000000000000000000000000000700070096
:104C1000020002000200000000000000000000008E
:104C20000000000000000000000003000300060078
:104C30000E000C000C000C000C000E00060003001F
:104C400003000000000000000000180018000C0025
:104C50000600060006000600060006000C001C0008
:104C600018000000000000000000060006003FC021
:104C70003FC00F001F8019800000000000000000EE
:104C80000000000000000000000000000000040020
:104C9000040004003F800400040004000000000041
:104CA0000000000000000000000000000000000004
:104CB00000000000000000000000060004000C00DE
:104CC00008000800000000000000000000000000D4
:104CD000000000003F800000000000000000000015
:104CE00000000000000000000000000000000000C4
:104CF000000000000000000000000C000C0000009C
:104D0000000000000000000000C000C00180018021
:104D10000300030006000C000C001800180030000F
:104D2000300000000000000000000E001B00318079
:104D3000318031803180318031801B000E000000D5
:104D40000000000000000000000006003E00060019
:104D50000600060006000600060006003FC0000030
:104D6000000000000000000000000F0019803180EA
:104D70003180030006000C00180030003F80000066
:104D8000000000000000000000003F006180018082
:104D900003001F0003800180018061803F0000004C
:104DA00000000000000000000000070007000F00E6
:104DB0000B001B00130033003F8003000F80000036
:104DC000000000000000000000001F801800180014
:104DD00018001F0011800180018021801F00000049
:104DE0000000000000000000000007801C00180008
:104DF0003000370039803180318019800F00000089
:104E0000000000000000000000007F0043000300DD
:104E100006000600060006000C000C000C00000056
:104E2000000000000000000000001F003180318001
:104E300031801F0031803180318031801F000000BF
:104E4000000000000000000000001E003300318060
:104E5000318033801D800180030007003C0000008A
:104E60000000000000000000000000000000000042
:104E70000C000C000000000000000C000C00000002
:104E80000000000000000000000000000000000022
:104E900003000300000000000000060004000800FA
:104EA00008000000000000000000000000C0030037
:104EB00004001800600018000400030000C0000097
:104EC00000000000000000000000000000000000E2
:104ED00000007FC000007FC0000000000000000054
:104EE000000000000000000000000000600018004A
:104EF0000400030000C0030004001800600000006C
:104F00000000000000000000000000001F003180D1
:104F10003180018007000C000C0000000C00000034
:104F2000000000000000000000000E001100210041
:104F300021002700290029002700200011000E0071
:104F40000000000000000000000000003F000F0013
:104F50000900198019801F8030C030C079E000003E
:104F60000000000000000000000000007F00318011
:104F7000318031803F003180318031807F000000FE
:104F80000000000000000000000000001F4030C0D2
:104F90006040600060006000604030801F000000E2
:104FA0000000000000000000000000007F003180D1
:104FB00030C030C030C030C030C031807F00000011
:104FC0000000000000000000000000007F80308032
:104FD000308032003E003200308030807F80000020
:104FE0000000000000000000000000007FC0304012
:104FF000304032003E003200300030007C000000C3
:105000000000000000000000000000001E80318051
:1050100060806000600067C0618031801F00000018
:105020000000000000000000000000007BC0318094
:10503000318031803F803180318031807BC0000001
:105040000000000000000000000000003FC006005B
:105050000600060006000600060006003FC000002D
:105060000000000000000000000000001FC003005E
:105070000300030003006300630063003E000000C0
:105080000000000000000000000000007BC0318034
:10509000330036003C003E003300318079C0000010
:1050A0000000000000000000000000007E0018006A
:1050B0001800180018001840184018407FC0000061
:1050C000000000000000000000000000E0E060C000
:1050D00071C07BC06AC06EC064C060C0FBE00000ED
:1050E00000000000000000000000000073C03180DC
:1050F00039803D8035803780338031807980000071
:105100000000000000000000000000001F003180CF
:1051100060C060C060C060C060C031801F0000001F
:105120000000000000000000000000007F0031804F
:105130003180318031803F00300030007E0000003F
:105140000000000000000000000000001F0031808F
:1051500060C060C060C060C060C031801F000CC013
:105160001F80000000000000000000007F00318070
:10517000318031803E003300318031807CE000009E
:105180000000000000000000000000001F803180CF
:10519000318038001F000380318031803F000000E3
:1051A0000000000000000000000000007F804C8034
:1051B0004C804C800C000C000C000C003F000000E8
:1051C0000000000000000000000000007BC03180F3
:1051D0003180318031803180318031801F0000008A
:1051E0000000000000000000000000007BC03180D3
:1051F00031801B001B001B000A000E000E00000087
:10520000000000000000000000000000FBE060C0A3
:1052100064C06EC06EC02A803B803B80318000003D
:105220000000000000000000000000007BC0318092
:105230001B000E000E000E001B0031807BC0000022
:1052400000000000000000000000000079E030C015
:1052500019800F0006000600060006001F800000EF
:105260000000000000000000000000003F802180DE
:105270002300060004000C00188030803F800000EE
:10528000000000000000000000000780060006008B
:1052900006000600060006000600060006000600DE
:1052A00007800000000000003000300018001800E7
:1052B0000C000C000600030003000180018000C008
:1052C00000C000000000000000001E0006000600F4
:1052D000060006000600060006000600060006009E
:1052E0001E0000000000000004000A000A00110077
:1052F000208020800000000000000000000000006E
:10530000000000000000000000000000000000009D
:10531000000000000000000000000000000000008D
:10532000000000000000FFE0080004000200000090
:10533000000000000000000000000000000000006D
:10534000000000000000000000000000000000005D
:105350001F00018001801F80318033801DC000004C
:10536000000000000000000000007000300030006D
:105370003700398030C030C030C03980770000003D
:10538000000000000000000000000000000000001D
:105390001E80318060806000608031801F000000CE
:1053A0000000000000000000000003800180018078
:1053B0001D80338061806180618033801DC000006A
:1053C00000000000000000000000000000000000DD
:1053D0001F00318060C07FC0600030C01F800000AF
:1053E0000000000000000000000007E00C000C00BE
:1053F0003F800C000C000C000C000C003F800000F3
:10540000000000000000000000000000000000009C
:105410001DC0338061806180618033801D80018088
:1054200001801F000000000000007000300030000C
:105430003700398031803180318031807BC000007D
:105440000000000000000000000006000600000050
:105450001E00060006000600060006003FC0000011
:105460000000000000000000000006000600000030
:105470003F000300030003000300030003000300D8
:1054800003003E000000000000007000300030000B
:10549000378036003C003C003600330077C0000007
:1054A000000000000000000000001E0006000600D2
:1054B0000600060006000600060006003FC00000C9
:1054C00000000000000000000000000000000000DC
:1054D0007F8036C036C036C036C036C076E00000A9
:1054E00000000000000000000000000000000000BC
:1054F0007700398031803180318031807BC000007D
:10550000000000000000000000000000000000009B
:105510001F00318060C060C060C031801F0000008B
:10552000000000000000000000000000000000007B
:105530007700398030C030C030C03980370030004B
:1055400030007C00000000000000000000000000AF
:105550001DC0338061806180618033801D80018047
:10556000018007C0000000000000000000000000F3
:105570007B801CC018001800180018007F00000075
:10558000000000000000000000000000000000001B
:105590001F8031803C001F00038031803F000000ED
:1055A00000000000000000000000180018001800B3
:1055B0007F00180018001800180018800F00000065
:1055C00000000000000000000000000000000000DB
:1055D0007380318031803180318033801DC0000084
:1055E00000000000000000000000000000000000BB
:1055F0007BC0318031801B001B000E000E000000BC
:10560000000000000000000000000000000000009A
:10561000F1E060C064C06EC03B803B803180000020
:10562000000000000000000000000000000000007A
:105630007BC01B000E000E000E001B007BC0000094
:10564000000000000000000000000000000000005A
:1056500079E030C0198019800B000F0006000600A9
:105660000C003E00000000000000000000000000F0
:105670003F80218003000E00180030803F80000032
:105680000000000000000000000006000C000C00FC
:105690000C000C000C0018000C000C000C000C009E
:1056A00006000000000000000000060006000600E2
:1056B00006000600060006000600060006000600BA
:1056C000060000000000000000000C0006000600BC
:1056D000060006000600030006000600060006009D
:1056E0000C000000000000000000000000000000AE
:1056F00000001800248003000000000000000000EB
:1057000000000000000000007F0000007F0000009B
:105710007F7F7F00007F7F7F007F7F7F7F00000093
:105720002857021004FF010021622311001442A433
:105730000020202020202020202028282828282061
:105740002020202020202020202020202020202059
:1057500020881010101010101010101010101010C1
:1057600010040404040404040404041010101010B1
:10577000101041414141414101010101010101017B
:1057800001010101010101010101010110101010CD
:10579000101042424242424202020202020202024D
:1057A00002020202020202020202020210101010A1
:1057B00020000000000000000000000000000000C9
:1057C00000000000000000000000000000000000D9
:1057D00000000000000000000000000000000000C9
:1057E00000000000000000000000000000000000B9
:1057F00000000000000000000000000000000000A9
:105800000000000000000000000000000000000098
:105810000000000000000000000000000000000088
:105820000000000000000000000000000000000078
:10583000000000001F0000001C0000001F0000000E
:105840001E0000001F0000001E0000001F000000DE
:105850001F0000001E0000001F0000001E000000CE
:105860001F0000001F0000001D0000001F000000BE
:105870001E0000001F0000001E0000001F000000AE
:105880001F0000001E0000001F0000001E0000009E
:105890001F0000000A0001000200030004000500D0
:1058A00006000700080009000A000B000C000D00AC
:1058B0000E000F00100000000C5F104E154E2A4E17
:1058C000314E364E3C4E3F4E424E564E584E824E14
:1058D000854E6B8C8A4E12820D5F8E4E9E4E9F4E71
:1058E000A04EA24EB04EB34EB64ECE4ECD4EC44E8E
:1058F000C64EC24ED74EDE4EED4EDF4EF74E094F2E
:105900005A4F304F5B4F5D4F574F474F764F884F41
:105910008F4F984F7B4F694F704F914F6F4F864F0E
:10592000964F1851D44FDF4FCE4FD84FDB4FD14F4A
:10593000DA4FD04FE44FE54F1A50285014502A50F8
:10594000255005501C4FF64F215029502C50FE4F2A
:10595000EF4F115006504350475003675550505079
:1059600048505A5056506C50785080509A5085503C
:10597000B450B250C950CA50B350C250D650DE5085
:10598000E550ED50E350EE50F950F55009510151FA
:1059900002511651155114511A5121513A51375192
:1059A0003C513B513F51405152514C515451625125
:1059B000F87A69516A516E5180518251D8568C5192
:1059C00089518F519151935195519651A451A6519E
:1059D000A251A951AA51AB51B351B151B251B051D9
:1059E000B551BD51C551C951DB51E0515586E95101
:1059F000ED51F051F551FE5104520B5214520E521A
:105A000027522A522E52335239524F5244524B523D
:105A10004C525E5254526A527452695273527F52BF
:105A20007D528D5294529252715288529152A88F47
:105A3000A78FAC52AD52BC52B552C152CD52D752C3
:105A4000DE52E352E652ED98E052F352F552F8522C
:105A5000F9520653085338750D5310530F5315530D
:105A60001A5323532F533153335338534053465310
:105A70004553174E49534D53D6515E5369536E5398
:105A800018597B53775382539653A053A653A5536B
:105A9000AE53B053B653C353127CD996DF53FC6652
:105AA000EE71EE53E853ED53FA5301543D54405414
:105AB0002C542D543C542E54365429541D544E54B9
:105AC0008F5475548E545F5471547754705492545B
:105AD0007B5480547654845490548654C754A254B2
:105AE000B854A554AC54C454C854A854AB54C2546C
:105AF000A454BE54BC54D854E554E6540F55145520
:105B0000FD54EE54ED54FA54E25439554055635562
:105B10004C552E555C5545555655575538553355AA
:105B20005D5599558055AF548A559F557B557E5587
:105B300098559E55AE557C558355A9558755A85502
:105B4000DA55C555DF55C455DC55E455D4551456C2
:105B5000F7551656FE55FD551B56F9554E565056DF
:105B6000DF7134563656325638566B5664562F56B9
:105B70006C566A56865680568A56A05694568F564C
:105B8000A556AE56B656B456C256BC56C156C356A6
:105B9000C056C856CE56D156D356D756EE56F9569D
:105BA0000057FF560457095708570B570D571357FF
:105BB00018571657C7551C572657375738574E573B
:105BC0003B5740574F576957C057885761577F57C2
:105BD00089579357A057B357A457AA57B057C357DD
:105BE000C657D457D257D3570A58D657E3570B58EE
:105BF00019581D587258215862584B587058C06B2C
:105C000052583D5879588558B9589F58AB58BA588A
:105C1000DE58BB58B858AE58C558D358D158D75885
:105C2000D958D858E558DC58E458DF58EF58FA5896
:105C3000F958FB58FC58FD5802590A5910591B597C
:105C4000A66825592C592D59325938593E59D27ABE
:105C5000555950594E595A595859625960596759AE
:105C60006C596959785981599D595E4FAB4FA35969
:105C7000B259C659E859DC598D59D959DA59255ABA
:105C80001F5A115A1C5A095A1A5A405A6C5A495AE0
:105C9000355A365A625A6A5A9A5ABC5ABE5ACB5A1E
:105CA000C25ABD5AE35AD75AE65AE95AD65AFA5A4C
:105CB000FB5A0C5B0B5B165B325BD05A2A5B365B84
:105CC0003E5B435B455B405B515B555B5A5B5B5B9B
:105CD000655B695B705B735B755B785B88657A5B42
:105CE000805B835BA65BB85BC35BC75BC95BD45B54
:105CF000D05BE45BE65BE25BDE5BE55BEB5BF05BB2
:105D0000F65BF35B055C075C085C0D5C135C205C78
:105D1000225C285C385C395C415C465C4E5C535CC0
:105D2000505C4F5C715B6C5C6E5C624E765C795C67
:105D30008C5C915C945C9B59AB5CBB5CB65CBC5C62
:105D4000B75CC55CBE5CC75CD95CE95CFD5CFA5CB9
:105D5000ED5C8C5DEA5C0B5D155D175D5C5D1F5D48
:105D60001B5D115D145D225D1A5D195D185D4C5D52
:105D7000525D4E5D4B5D6C5D735D765D875D845DF0
:105D8000825DA25D9D5DAC5DAE5DBD5D905DB75D0C
:105D9000BC5DC95DCD5DD35DD25DD65DDB5DEB5D88
:105DA000F25DF55D0B5E1A5E195E115E1B5E365E7E
:105DB000375E445E435E405E4E5E575E545E5F5E9D
:105DC000625E645E475E755E765E7A5EBC9E7F5EF6
:105DD000A05EC15EC25EC85ED05ECF5ED65EE35E90
:105DE000DD5EDA5EDB5EE25EE15EE85EE95EEC5EB1
:105DF000F15EF35EF05EF45EF85EFE5E035F095FE7
:105E00005D5F5C5F0B5F115F165F295F2D5F385F21
:105E1000415F485F4C5F4E5F2F5F515F565F575F3A
:105E2000595F615F6D5F735F775F835F825F7F5FE5
:105E30008A5F885F915F875F9E5F995F985FA05FD1
:105E4000A85FAD5FBC5FD65FFB5FE45FF85FF15FAB
:105E5000DD5FB360FF5F21606060196010602960E2
:105E60000E6031601B6015602B6026600F603A6029
:105E70005A6041606A6077605F604A6046604D606A
:105E800063604360646042606C606B605960816015
:105E90008D60E76083609A6084609B609660976025
:105EA0009260A7608B60E160B860E060D360B4602E
:105EB000F05FBD60C660B560D8604D611561066178
:105EC000F660F7600061F460FA6003612161FB60D5
:105ED000F1600D610E6147613E61286127614A6191
:105EE0003F613C612C6134613D6142614461736199
:105EF0007761586159615A616B6174616F61656165
:105F000071615F615D6153617561996196618761DE
:105F1000AC6194619A618A619161AB61AE61CC615F
:105F2000CA61C961F761C861C361C661BA61CB6109
:105F3000797FCD61E661E361F661FA61F461FF6149
:105F4000FD61FC61FE610062086209620D620C6223
:105F500014621B621E6221622A622E623062326209
:105F6000336241624E625E6263625B62606268627B
:105F70007C62826289627E62926293629662D4627D
:105F800083629462D762D162BB62CF62FF62C662F3
:105F9000D464C862DC62CC62CA62C262C7629B62BD
:105FA000C9620C63EE62F162276302630863EF6209
:105FB000F56250633E634D631C644F6396638E636A
:105FC0008063AB637663A3638F6389639F63B56309
:105FD0006B636963BE63E963C063C663E363C963FC
:105FE000D263F663C463166434640664136426647F
:105FF00036641D65176428640F6467646F64766493
:106000004E642A6595649364A564A9648864BC643D
:10601000DA64D264C564C764BB64D864C264F164E2
:10602000E7640982E064E164AC62E364EF642C65D8
:10603000F664F464F264FA640065FD6418651C6536
:106040000565246523652B653465356537653665DB
:1060500038654B754865566555654D6558655E658F
:106060005D6572657865826583658A8B9B659F65D2
:10607000AB65B765C365C665C165C465CC65D265EA
:10608000DB65D965E065E165F16572670A660366FF
:10609000FB6573673566366634661C664F66446614
:1060A000496641665E665D666466676668665F66E9
:1060B00062667066836688668E66896684669866A0
:1060C0009D66C166B966C966BE66BC66C466B866CA
:1060D000D666DA66E0663F66E666E966F066F5660D
:1060E000F7660F6716671E672667276738972E675C
:1060F0003F67366741673867376746675E6760673F
:1061000059676367646789677067A9677C676A67AF
:106110008C678B67A667A1678567B767EF67B4670A
:10612000EC67B367E967B867E467DE67DD67E26776
:10613000EE67B967CE67C667E7679C6A1E68466800
:10614000296840684D6832684E68B3682B685968A2
:10615000636877687F689F688F68AD6894689D689A
:106160009B688368AE6AB9687468B568A068BA68E5
:106170000F698D687E680169CA680869D8682269F4
:106180002669E1680C69CD68D468E768D568366926
:1061900012690469D768E3682569F968E068EF68FF
:1061A00028692A691A6923692169C6687969776942
:1061B0005C6978696B6954697E696E69396974696B
:1061C0003D695969306961695E695D6981696A69BA
:1061D000B269AE69D069BF69C169D369BE69CE6968
:1061E000E85BCA69DD69BB69C369A7692E6A916901
:1061F000A0699C699569B469DE69E869026A1B6AED
:10620000FF690A6BF969F269E769056AB1691E6A93
:10621000ED69146AEB690A6A126AC16A236A136A31
:10622000446A0C6A726A366A786A476A626A596AAC
:10623000666A486A386A226A906A8D6AA06A846AC5
:10624000A26AA36A976A1786BB6AC36AC26AB86AF7
:10625000B36AAC6ADE6AD16ADF6AAA6ADA6AEA6A93
:10626000FB6A056B1686FA6A126B166B319B1F6B05
:10627000386B376BDC76396BEE98476B436B496B49
:10628000506B596B546B5B6B5F6B616B786B796BAD
:106290007F6B806B846B836B8D6B986B956B9E6B48
:1062A000A46BAA6BAB6BAF6BB26BB16BB36BB76B21
:1062B000BC6BC66BCB6BD36BDF6BEC6BEB6BF36BBD
:1062C000EF6BBE9E086C136C146C1B6C246C236CFF
:1062D0005E6C556C626C6A6C826C8D6C9A6C816CB5
:1062E0009B6C7E6C686C736C926C906CC46CF16C83
:1062F000D36CBD6CD76CC56CDD6CAE6CB16CBE6C18
:10630000BA6CDB6CEF6CD96CEA6C1F6D4D88366D26
:106310002B6D3D6D386D196D356D336D126D0C6DD6
:10632000636D936D646D5A6D796D596D8E6D956D5C
:10633000E46F856DF96D156E0A6EB56DC76DE66D0E
:10634000B86DC66DEC6DDE6DCC6DE86DD26DC56D52
:10635000FA6DD96DE46DD56DEA6DEE6D2D6E6E6ED4
:106360002E6E196E726E5F6E3E6E236E6B6E2B6EAE
:10637000766E4D6E1F6E436E3A6E4E6E246EFF6EDD
:106380001D6E386E826EAA6E986EC96EB76ED36E31
:10639000BD6EAF6EC46EB26ED46ED56E8F6EA56ECE
:1063A000C26E9F6E416F116F4C70EC6EF86EFE6E98
:1063B0003F6FF26E316FEF6E326FCC6E3E6F136FC8
:1063C000F76E866F7A6F786F816F806F6F6F5B6F1C
:1063D000F36F6D6F826F7C6F586F8E6F916FC26FAE
:1063E000666FB36FA36FA16FA46FB96FC66FAA6F0B
:1063F000DF6FD56FEC6FD46FD86FF16FEE6FDB6F1F
:1064000009700B70FA6F117001700F70FE6F1B70C6
:106410001A70746F1D7018701F7030703E7032707B
:106420005170637099709270AF70F170AC70B87009
:10643000B370AE70DF70CB70DD70D9700971FD7014
:106440001C711971657155718871667162714C7139
:1064500056716C718F71FB7184719571A871AC71FB
:10646000D771B971BE71D271C971D471CE71E07139
:10647000EC71E771F571FC71F971FF710D721072B9
:106480001B7228722D722C72307232723B723C7207
:106490003F72407246724B72587274727E72827290
:1064A0008172877292729672A272A772B972B27278
:1064B000C372C672C472CE72D272E272E072E172BC
:1064C000F972F7720F5017730A731C7316731D73EA
:1064D00034732F73297325733E734E734F73D89E95
:1064E00057736A7368737073787375737B737A7399
:1064F000C873B373CE73BB73C073E573EE73DE738F
:10650000A27405746F742574F87332743A745574F8
:106510003F745F74597441745C746974707463740B
:106520006A7476747E748B749E74A774CA74CF7404
:10653000D474F173E074E374E774E974EE74F27484
:10654000F074F174F874F7740475037505750C75BF
:106550000E750D75157513751E7526752C753C75A4
:1065600044754D754A7549755B7546755A756975FB
:10657000647567756B756D757875767586758775D5
:1065800074758A758975827594759A759D75A575EA
:10659000A375C275B375C375B575BD75B875BC7592
:1065A000B175CD75CA75D275D975E375DE75FE7591
:1065B000FF75FC750176F075FA75F275F3750B765B
:1065C0000D7609761F762776207621762276247638
:1065D000347630763B764776487646765C765876E3
:1065E00061766276687669766A7667766C767076BA
:1065F0007276767678767C768076837688768B76F9
:106600008E769676937699769A76B076B476B876D4
:10661000B976BA76C276CD76D676D276DE76E17661
:10662000E576E776EA762F86FB76087707770477B4
:10663000297724771E77257726771B773777387762
:1066400047775A7768776B775B7765777F777E7761
:1066500079778E778B779177A0779E77B077B677BB
:10666000B977BF77BC77BD77BB77C777CD77D7775B
:10667000DA77DC77E377EE77FC770C781278267997
:1066800020782A7945788E78747886787C789A781C
:106690008C78A378B578AA78AF78D178C678CB789B
:1066A000D478BE78BC78C578CA78EC78E778DA78A0
:1066B000FD78F47807791279117919792C792B7989
:1066C0004079607957795F795A79557953797A7930
:1066D0007F798A799D79A7794B9FAA79AE79B37929
:1066E000B979BA79C979D579E779EC79E179E3793A
:1066F000087A0D7A187A197A207A1F7A8079317A95
:106700003B7A3E7A377A437A577A497A617A627A63
:10671000697A9D9F707A797A7D7A887A977A957A64
:10672000987A967AA97AC87AB07AB67AC57AC47A0B
:10673000BF7A8390C77ACA7ACD7ACF7AD57AD37A5C
:10674000D97ADA7ADD7AE17AE27AE67AED7AF07A63
:10675000027B0F7B0A7B067B337B187B197B1E7BBE
:10676000357B287B367B507B7A7B047B4D7B0B7B98
:106770004C7B457B757B657B747B677B707B717B1A
:106780006C7B6E7B9D7B987B9F7B8D7B9C7B9A7BC0
:106790008B7B927B8F7B5D7B997BCB7BC17BCC7B27
:1067A000CF7BB47BC67BDD7BE97B117C147CE67BF5
:1067B000E57B607C007C077C137CF37BF77B177C9C
:1067C0000D7CF67B237C277C2A7C1F7C377C2B7CF2
:1067D0003D7C4C7C437C547C4F7C407C507C587C82
:1067E0005F7C647C567C657C6C7C757C837C907C57
:1067F000A47CAD7CA27CAB7CA17CA87CB37CB27C6D
:10680000B17CAE7CB97CBD7CC07CC57CC27CD87CB4
:10681000D27CDC7CE27C3B9BEF7CF27CF47CF67CE3
:10682000FA7C067D027D1C7D157D0A7D457D4B7DB4
:106830002E7D327D3F7D357D467D737D567D4E7D3F
:10684000727D687D6E7D4F7D637D937D897D5B7DEF
:106850008F7D7D7D9B7DBA7DAE7DA37DB57DC77D22
:10686000BD7DAB7D3D7EA27DAF7DDC7DB87D9F7D16
:10687000B07DD87DDD7DE47DDE7DFB7DF27DE17D3B
:10688000057E0A7E237E217E127E317E1F7E097E5A
:106890000B7E227E467E667E3B7E357E397E437E43
:1068A000377E327E3A7E677E5D7E567E5E7E597E84
:1068B0005A7E797E6A7E697E7C7E7B7E837ED57DF4
:1068C0007D7EAE8F7F7E887E897E8C7E927E907E5E
:1068D000937E947E967E8E7E9B7E9C7E387F3A7FD2
:1068E000457F4C7F4D7F4E7F507F517F557F547F3A
:1068F000587F5F7F607F687F697F677F787F827F57
:10690000867F837F887F877F8C7F947F9E7F9D7F1C
:106910009A7FA37FAF7FB27FB97FAE7FB67FB87F0C
:10692000718BC57FC67FCA7FD57FD47FE17FE67F2D
:10693000E97FF37FF97FDC98068004800B8012806A
:10694000188019801C80218028803F803B804A80ED
:106950004680528058805A805F8062806880738051
:1069600072807080768079807D807F808480868050
:1069700085809B8093809A80AD809051AC80DB8035
:10698000E580D980DD80C480DA80D6800981EF80FF
:10699000F1801B81298123812F814B818B96468138
:1069A0003E8153815181FC8071816E816581668158
:1069B0007481838188818A8180818281A08195818F
:1069C000A481A3815F819381A981B081B581BE81BA
:1069D000B881BD81C081C281BA81C981CD81D18197
:1069E000D981D881C881DA81DF81E081E781FA81AC
:1069F000FB81FE8101820282058207820A820D826A
:106A00001082168229822B823882338240825982F8
:106A100058825D825A825F826482628268826A8260
:106A20006B822E827182778278827E828D829282C0
:106A3000AB829F82BB82AC82E182E382DF82D28220
:106A4000F482F382FA8293830383FB82F982DE82EB
:106A50000683DC820983D9823583348316833283AB
:106A6000318340833983508345832F832B8317835E
:106A7000188385839A83AA839F83A2839683238323
:106A80008E8387838A837C83B58373837583A08396
:106A90008983A883F4831384EB83CE83FD830384EB
:106AA000D8830B84C183F7830784E083F2830D844A
:106AB00022842084BD8338840685FB836D842A84E8
:106AC0003C845A85848477846B84AD846E8482840C
:106AD000698446842C846F8479843584CA84628472
:106AE000B984BF849F84D984CD84BB84DA84D08464
:106AF000C184C684D684A1842185FF84F48417854B
:106B000018852C851F8515851485FC844085638533
:106B100058854885418502864B8555858085A485A5
:106B2000888591858A85A8856D8594859B85EA856C
:106B300087859C8577857E859085C985BA85CF8533
:106B4000B985D085D585DD85E585DC85F9850A861D
:106B500013860B86FE85FA85068622861A8630867F
:106B60003F864D86554E54865F866786718693862E
:106B7000A386A986AA868B868C86B686AF86C486AF
:106B8000C686B086C9862388AB86D486DE86E9862B
:106B9000EC86DF86DB86EF8612870687088700870C
:106BA0000387FB86118709870D87F9860A87348753
:106BB0003F8737873B87258729871A8760875F87C5
:106BC00078874C874E877487578768876E87598781
:106BD000538763876A870588A2879F878287AF87E5
:106BE000CB87BD87C087D087D696AB87C487B3874E
:106BF000C787C687BB87EF87F287E0870F880D8836
:106C0000FE87F687F7870E88D28711881688158841
:106C10002288218831883688398827883B884488AB
:106C20004288528859885E8862886B8881887E880D
:106C30009E8875887D88B5887288828897889288B2
:106C4000AE889988A2888D88A488B088BF88B188CA
:106C5000C388C488D488D888D988DD88F98802890F
:106C6000FC88F488E888F28804890C890A891389E9
:106C700043891E8925892A892B89418944893B8931
:106C8000368938894C891D8960895E89668964895D
:106C90006D896A896F89748977897E8983898889F2
:106CA0008A8993899889A189A989A689AC89AF899C
:106CB000B289BA89BD89BF89C089DA89DC89DD8951
:106CC000E789F489F889038A168A108A0C8A1B8A54
:106CD0001D8A258A368A418A5B8A528A468A488A70
:106CE0007C8A6D8A6C8A628A858A828A848AA88A6A
:106CF000A18A918AA58AA68A9A8AA38AC48ACD8AF9
:106D0000C28ADA8AEB8AF38AE78AE48AF18A148BE8
:106D1000E08AE28AF78ADE8ADB8A0C8B078B1A8B81
:106D2000E18A168B108B178B208B338BAB97268BBE
:106D30002B8B3E8B288B418B4C8B4F8B4E8B498BF7
:106D4000568B5B8B5A8B6B8B5F8B6C8B6F8B748BC7
:106D50007D8B808B8C8B8E8B928B938B968B998B70
:106D60009A8B3A8C418C3F8C488C4C8C4E8C508C3E
:106D7000558C628C6C8C788C7A8C828C898C858C0E
:106D80008A8C8D8C8E8C948C7C8C988C1D62AD8CB6
:106D9000AA8CBD8CB28CB38CAE8CB68CC88CC18CDA
:106DA000E48CE38CDA8CFD8CFA8CFB8C048D058DE5
:106DB0000A8D078D0F8D0D8D108D4E9F138DCD8CEF
:106DC000148D168D678D6D8D718D738D818D998D5F
:106DD000C28DBE8DBA8DCF8DDA8DD68DCC8DDB8DEB
:106DE000CB8DEA8DEB8DDF8DE38DFC8D088E098ECA
:106DF000FF8D1D8E1E8E108E1F8E428E358E308E14
:106E0000348E4A8E478E498E4C8E508E488E598EC7
:106E1000648E608E2A8E638E558E768E728E7C8EF8
:106E2000818E878E858E848E8B8E8A8E938E918EA8
:106E3000948E998EAA8EA18EAC8EB08EC68EB18E97
:106E4000BE8EC58EC88ECB8EDB8EE38EFC8EFB8E07
:106E5000EB8EFE8E0A8F058F158F128F198F138F71
:106E60001C8F1F8F1B8F0C8F268F338F3B8F398F7B
:106E7000458F428F3E8F4C8F498F468F4E8F578F55
:106E80005C8F628F638F648F9C8F9F8FA38FAD8F7A
:106E9000AF8FB78FDA8FE58FE28FEA8FEF8F879012
:106EA000F48F0590F98FFA8F1190159021900D9025
:106EB0001E9016900B902790369035903990F88F51
:106EC0004F905090519052900E9049903E90569015
:106ED00058905E9068906F907690A896729082908D
:106EE0007D90819080908A9089908F90A890AF90AB
:106EF000B190B590E290E4904862DB9002911291DB
:106F00001991329130914A915691589163916591BE
:106F10006991739172918B9189918291A291AB91B8
:106F2000AF91AA91B591B491BA91C091C191C99113
:106F3000CB91D091D691DF91E191DB91FC91F591CC
:106F4000F6911E92FF9114922C92159211925E92DC
:106F50005792459249926492489295923F924B92F1
:106F600050929C92969293929B925A92CF92B992FF
:106F7000B792E9920F93FA9244932E931993229326
:106F80001A9323933A9335933B935C9360937C934A
:106F90006E935693B093AC93AD939493B993D69369
:106FA000D793E893E593D893C393DD93D093C89395
:106FB000E4931A94149413940394079410943694BD
:106FC0002B94359421943A944194529444945B9434
:106FD000609462945E946A94299270947594779404
:106FE0007D945A947C947E9481947F948295879525
:106FF0008A959495969598959995A095A895A79515
:10700000AD95BC95BB95B995BE95CA95F66FC395E0
:10701000CD95CC95D595D495D695DC95E195E5950E
:10702000E295219628962E962F9642964C964F964C
:107030004B9677965C965E965D965F966696729690
:107040006C968D96989695969796AA96A796B196D1
:10705000B296B096B496B696B896B996CE96CB96AA
:10706000C996CD964D89DC960D97D596F9960497DD
:107070000697089713970E9711970F9716971997DA
:1070800024972A97309739973D973E97449746978C
:107090004897429749975C97609764976697689777
:1070A000D2526B977197799785977C9781977A974A
:1070B00086978B978F9790979C97A897A697A3975B
:1070C000B397B497C397C697C897CB97DC97ED97BC
:1070D0004F9FF297DF7AF697F5970F980C983898AC
:1070E0002498219837983D9846984F984B986B98DC
:1070F0006F987098719874987398AA98AF98B1988F
:10710000B698C498C398C698E998EB9803990999DA
:1071100012991499189921991D991E9924992099C9
:107120002C992E993D993E994299499945995099A2
:107130004B99519952994C99559997999899A59924
:10714000AD99AE99BC99DF99DB99DD99D899D19920
:10715000ED99EE99F199F299FB99F899019A0F9AA4
:10716000059AE299199A2B9A379A459A429A409A27
:10717000439A3E9A559A4D9A5B9A579A5F9A629AA9
:10718000659A649A699A6B9A6A9AAD9AB09ABC9A0F
:10719000C09ACF9AD19AD39AD49ADE9ADF9AE29A79
:1071A000E39AE69AEF9AEB9AEE9AF49AF19AF79AA2
:1071B000FB9A069B189B1A9B1F9B229B239B259B3C
:1071C000279B289B299B2A9B2E9B2F9B329B449B72
:1071D000439B4F9B4D9B4E9B519B589B749B939BFA
:1071E000839B919B969B979B9F9BA09BA89BB49BEB
:1071F000C09BCA9BB99BC69BCF9BD19BD29BE39B59
:10720000E29BE49BD49BE19B3A9CF29BF19BF09B1D
:10721000159C149C099C139C0C9C069C089C129C1D
:107220000A9C049C2E9C1B9C259C249C219C309C8D
:10723000479C329C469C3E9C5A9C609C679C769CDA
:10724000789CE79CEC9CF09C099D089DEB9C039D21
:10725000069D2A9D269DAF9D239D1F9D449D159DA6
:10726000129D419D3F9D3E9D469D489D5D9D5E9D1D
:10727000649D519D509D599D729D899D879DAB9D9B
:107280006F9D7A9D9A9DA49DA99DB29DC49DC19D0F
:10729000BB9DB89DBA9DC69DCF9DC29DD99DD39DD6
:1072A000F89DE69DED9DEF9DFD9D1A9E1B9E1E9EE9
:1072B000759E799E7D9E819E889E8B9E8C9E929EC1
:1072C000959E919E9D9EA59EA99EB89EAA9EAD9EAE
:1072D0006197CC9ECE9ECF9ED09ED49EDC9EDE9E9D
:1072E000DD9EE09EE59EE89EEF9EF49EF69EF79E54
:1072F000F99EFB9EFC9EFD9E079F089FB776159FFB
:10730000219F2C9F3E9F4A9F529F549F639F5F9F48
:10731000609F619F669F679F6C9F6A9F779F729F28
:10732000769F959F9C9FA09F2F58C7695990647422
:10733000DC5199719C4E1655035A3F96C0541B61FF
:107340002863F659229075841C83507AAA60E16301
:10735000256EED656684A682F59B93682757A16527
:1073600071629B5BD0597B86F498627DBE7D8E9B5B
:1073700016629F7CB788895BB55E0963976648682B
:10738000C7958D974F67E54E0A4F4D4F9D4F49501A
:10739000F2563759D459015A095CDF600F617061A8
:1073A00013660569BA704F757075FB79AD7DEF7D19
:1073B000C3800E846388028B55907A903B53954E20
:1073C000A54EDF57B280C190EF78004EF158A26E03
:1073D0003890327A28838B822F9C41517053BD5450
:1073E000E154E056FB59155FF298EB6DE4802D8572
:1073F00062967096A096FB970B54F353875BCF7001
:10740000BD7FC28FE8966F535C9DBA7A114E937818
:10741000FC81266E185604551D6B1A853B9CE55958
:10742000A953666DDC748F954256914E4B90F2963F
:107430004F830C99E153B655305B715F2066F3665C
:107440000468386CF36C296D5B74C8764E7A349896
:10745000F1825B88608AED92B26DAB75CA76C59990
:10746000A660018B8A8DB2958E69AD5386511257F5
:1074700030584459B45BF65E2860A963F463BF6C6E
:10748000146F8E7014715971D5713F73017E7682BD
:10749000D182978560905B921B9D6958BC655A6C40
:1074A0002575F9512E596559805FDC5FBC62FA651C
:1074B0002A6A276BB46B8B73C17F56892C9D0E9DF6
:1074C000C49EA15C966C7B8304514B5CB661C68103
:1074D00076686172594EFA4F78536960296E4F7A17
:1074E000F3970B4E1653EE4E554F3D4FA14F734F32
:1074F000A052EF5309560F59C15AB65BE15BD179DF
:1075000087669C67B6674C6BB36C6B70C2738D7982
:10751000BE793C7A877BB182DB8204837783EF83F9
:10752000D3836687B28A2956A88CE68F4E901E9721
:107530008A86C44FE85C116259723B75E581BD8251
:10754000FE86C08CC5961399D599CB4E1A4FE38908
:10755000DE564A58CA58FB5EEB5F2A609460626050
:10756000D0611262D0623965419B6666B068776D02
:1075700070704C758676757DA582F9878B958E9691
:107580009D8CF151BE521659B354B35B165D6861C0
:107590008269AF6D8D78CB845788728AA793B89A29
:1075A0006C6DA899D986A357FF67CE860E92835239
:1075B00087560454D35EE162B9643C683868BB6B9B
:1075C0007273BA786B7A9A89D2896B8D038FED903A
:1075D000A39594966997665BB35C7D694D984E98C8
:1075E0009B63207B2B6A7F6AB6680D9C5F6F72522B
:1075F0009D557060EC623B6D076ED16E5B841089A7
:10760000448F144E399CF6531B693A6A84972A6852
:107610005C51C37AB284DC918C935B56289D2268BE
:1076200005833184A57C0852C582E6747E4E834F63
:10763000A051D25B0A52D852E752FB5D9A552A58A4
:10764000E6598C5B985BDB5B725E795EA3601F61C1
:107650006361BE61DB636265D1675368FA683E6B44
:10766000536B576C226F976F456FB0741875E37644
:107670000B77FF7AA17B217CE97D367FF07F9D80AF
:1076800066829E83B389CC8AAB8C84905194939507
:107690009195A2956596D39728991882384E2B54C8
:1076A000B85CCC5DA9734C763C77A95CEB7F0B8D05
:1076B000C196119854985898014F0E4F71539C558C
:1076C0006856FA574759095BC45B905C0C5E7E5E56
:1076D000CC5FEE633A67D765E2651F67CB68C46825
:1076E0005F6A305EC56B176C7D6C7F754879635B34
:1076F000007A007DBD5F8F89188AB48C778DCC8E1F
:107700001D8FE2980E9A3C9B804E7D5000519359FC
:107710009C5B2F628062EC643A6BA0729175477932
:10772000A97FFB87BC8A708BAC63CA83A09709547E
:107730000354AB555468586A708A27787567CD9E94
:107740007453A25B1A8150860690184E454EC74E60
:10775000114FCA533854AE5B135F256051653D67C6
:10776000426C726CE36C78700374767AAE7A087B44
:107770001A7DFE7C667DE7655B72BB53455CE85D08
:10778000D262E0621963206E5A86318ADD8DF892EA
:10779000016FA6795A9BA84EAB4EAC4E9B4FA04FA3
:1077A000D1504751F67A7151F651545321537F53BA
:1077B000EB53AC558358E15C375F4A5F2F605060F4
:1077C0006D601F6359654B6AC16CC272ED72EF77D1
:1077D000F880058108824E85F790E193FF975799CD
:1077E0005A9AF04EDD512D5C81666D69405CF266FF
:1077F000756989735068817CC550E4524757FE5DB6
:107800002693A465236B3D6B34748179BD794B7BE2
:10781000CA7DB982CC837F885F89398BD18FD19122
:107820001F5480925D4E3650E5533A53D77296738B
:10783000E977E682AF8EC699C899D29977511A61D5
:107840005E86B0557A7A7650D35B47908596324EF5
:10785000DB6AE791515C485C98639F7A936C7497FC
:10786000618FAA7A8A718896827C1768707E5168C7
:107870006C93F2521B54AB85138AA47FCD8EE1909A
:10788000665388884179C24FBE50115244515355B6
:107890002D57EA738B575159625F845F756076612B
:1078A0006761A961B2633A646C656F664268136E82
:1078B00066753D7AFB7C4C7D997D4B7E6B7F0E839C
:1078C0004A83CD86088A638A668BFD8E1A988F9DBF
:1078D000B882CE8FE89B87521F628364C06F9996EF
:1078E00041689150206B7A6C546F747A507D408857
:1078F000238A0867F64E3950265065507C5138521D
:107900006352A7550F570558CC5AFA5EB261F86119
:10791000F36272631C69296A7D72AC722E731478EB
:107920006F78797D0C77A9808B89198BE28CD28E48
:10793000639075937A965598139A789E43519F5306
:10794000B3537B5E265F1B6E906E8473FE73437D24
:107950003782008AFA8A50964E4E0B50E4537C547C
:10796000FA56D159645BF15DAB5E275F38624565BD
:10797000AF67566ED072CA7CB488A180E180F08374
:107980004E86878AE88D3792C7966798139F944EE4
:10799000924E0D4F485349543E542F5A8C5FA15F6D
:1079A0009F60A7688E6A5A7481789E8AA48A778BB2
:1079B00090915E4EC99BA44E7C4FAF4F195016500C
:1079C00049516C519F52B952FE529A53E35311548C
:1079D0000E5489555157A2577D59545B5D5B8F5B9F
:1079E000E55DE75DF75D785E835E9A5EB75E185F82
:1079F00052604C619762D862A7633B65026643663A
:107A0000F4666D6721689768CB695F6C2A6D696D54
:107A10002F6E9D6E327587766C783F7AE07C057D9F
:107A2000187D5E7DB17D15800380AF80B18054816B
:107A30008F812A8252834C8861881B8BA28CFC8C9C
:107A4000CA90759171923F78FC92A4954D960598D5
:107A50009999D89A3B9D5B52AB52F7530854D5582D
:107A6000F762E06F6A8C5F8FB99E4B513B524A546C
:107A7000FD56407A7791609DD29E4473096F708164
:107A80001175FD5FDA60A89ADB72BC8F646B039896
:107A9000CA4EF0566457BE585A5A6860C7610F669E
:107AA00006663968B168F76DD5753A7D6E82429B7E
:107AB0009B4E504FC95306556F5DE65DEE5DFB670B
:107AC000996C73740278508A9693DF885057A75E3A
:107AD0002B63B550AC508D510067C9545E58BB59EB
:107AE000B05B695F4D62A1633D68736B086E7D702A
:107AF000C7918072157826786D798E65307DDC832C
:107B0000C188098F9B966452285750676A7FA18C61
:107B1000B45142572A963A588A69B480B2540E5DDD
:107B2000FC579578FA9D5C4F4A528B543E64286608
:107B30001467F567847A567B227D2F935C68AD9B32
:107B4000397B19538A513752DF5BF662AE64E664C3
:107B50002D67BA6BA985D1969076D69B4C63069318
:107B6000AB9BBF765266094E9850C253715CE86079
:107B7000926463655F68E671CA732375977B827E42
:107B80009586838BDB8C78911099AC65AB668B6B9B
:107B9000D54ED44E3A4F7F4F3A52F853F253E355F5
:107BA000DB56EB58CB59C959FF59505B4D5C025E0F
:107BB0002B5ED75F1D6007632F655C5BAF65BD659E
:107BC000E8659D67626B7B6B0F6C45734979C17982
:107BD000F87C197D2B7DA2800281F38196895E8AD3
:107BE000698A668A8C8AEE8AC78CDC8CCC96FC9873
:107BF0006F6B8B4E3C4F8D4F5051575BFA5B48611A
:107C000001634266216BCB6EBB6C3E72BD74D47552
:107C1000C1783A790C803380EA8194849E8F506CCD
:107C20007F9E0F5F588B2B9DFA7AF88E8D5BEB96BB
:107C3000034EF153F7573159C95AA45B89607F6EDF
:107C4000066FBE75EA8C9F5B0085E07B7250F4671F
:107C50009D82615C4A851E7E0E829951045C686338
:107C6000668D9C656E713E79177D05801D8BCA8E71
:107C70006E90C786AA901F50FA523A5C53677C7088
:107C800035724C91C8912B93E582C25B315FF960EC
:107C90003B4ED653885B4B6231678A6BE972E07367
:107CA0002E7A6B81A38D529196991251D7536A54B3
:107CB000FF5B8863396AAC7D0097DA56CE5368540F
:107CC000975B315CDE5DEE4F0161FE62326DC07923
:107CD000CB79427D4D7ED27FED811F829084468894
:107CE0007289908B748E2F8F31904B916C91C696C8
:107CF0009C91C04E4F4F45514153935F0E62D467E4
:107D0000416C0B6E6373267ECD918392D4531959C7
:107D1000BF5BD16D5D792E7E9B7C7E589F71FA5141
:107D20005388F08FCA4FFB5C2566AC77E37A1C82E0
:107D3000FF99C651AA5FEC656F69896BF36D966E0A
:107D4000646FFE76147DE15D759087910698E6512B
:107D50001D5240629166D9661A6EB65ED27D727F00
:107D6000F866AF85F785F88AA952D95373598F5EA3
:107D7000905F5560E4926496B7501F51DD522053D6
:107D80004753EC53E8544655315517566859BE5978
:107D90003C5AB55B065C0F5C115C1A5C845E8A5EC3
:107DA000E05E705F7F628462DB628C63776307668C
:107DB0000C662D6676667E67A2681F6A356ABC6CA3
:107DC000886D096E586E3C7126716771C7750177B1
:107DD0005D7801796579F079E07A117BA77C397D4E
:107DE0009680D6838B8449855D88F3881F8A3C8A78
:107DF000548A738A618CDE8CA49166927E93189467
:107E00009C9698970A4E084E1E4E574E97517052A8
:107E1000CE573458CC58225B385EC560FE6461672B
:107E20005667446DB6727375637AB884728BB89175
:107E300020933156F457FE98ED620D69966BED7103
:107E4000547E77807282E689DF985587B18F3B5CDC
:107E5000384FE14FB54F0755205ADD5BE95BC35FF3
:107E60004E612F63B0654B66EE689B69786DF16D6E
:107E70003375B9751F775E79E679337DE381AF821B
:107E8000AA85AA893A8AAB8E9B8F3290DD9107979B
:107E9000BA4EC14E03527558EC580B5C1A753D5CD6
:107EA0004E810A8AC58F63966D97257BCF8A089885
:107EB0006291F356A853179039548257255EA863F0
:107EC000346C8A7061778B7CE07F7088429054912B
:107ED000109318938F965E74C49A075D695D706500
:107EE000A267A88DDB966E6349671969C5831798E9
:107EF000C096FE88846F7A64F85B164E2C705D75B0
:107F00002F66C4513652E252D359815F2760106206
:107F10003F6574651F667466F2681668636B056E6C
:107F200072721F75DB76BE7C5680F058FD887F89A3
:107F3000A08A938ACB8A1D9092915297599789650E
:107F40000E7A0681BB962D5EDC601A62A56514660A
:107F50009067F3774D7A4D7C3E7E0A81AC8C648DC0
:107F6000E18D5F8EA9780752D962A5634264986259
:107F70002D8A837AC07BAC8AEA96767D0C8249870B
:107F8000D94E485143536053A35B025C165CDD5DE0
:107F900026624762B06413683468C96C456D176D1A
:107FA000D3675C6F4E717D71CB657F7AAD7BDA7D77
:107FB0004A7EA87F7A811B823982A6856E8ACE8C02
:107FC000F58D78907790AD9291928395AE9B4D52BE
:107FD0008455386F367168518579557EB381CE7C72
:107FE0004C565158A85CAA63FE66FD665A69D97260
:107FF0008F758E750E795679DF79977C207D447D5B
:108000000786348A3B966190209FE7507552CC5387
:10801000E2530950AA55EE584F593D728B5B645C90
:108020001D53E360F3605C6383633F63BB63CD64B4
:10803000E965F966E35DCD69FD69156FE571894E06
:10804000E975F876937ADF7CCF7D9C7D61804983EA
:1080500058836C84BC84FB85C588708D01906D90BD
:1080600097931C97129ACF5097588E61D38135857C
:10807000088D2090C34F7450475273536F6049630B
:108080005F672C6EB38D1F90D74F5E5CCA8CCF6537
:108090009A7D525396887651C363585B6B5B0A5C3A
:1080A0000D6451675C90D64E1A592A59706C518AEA
:1080B0003E551558A559F0605362C1673582556920
:1080C0004096C499289A534F0658FE5B1080B15CC5
:1080D0002F5E855F20604B613462FF66F06CDE6E60
:1080E000CE807F81D4828B88B88C00902E908A9627
:1080F000DB9EDB9BE34EF05327592C7B8D914C98F4
:10810000F99DDD6E277053534455855B58629E621E
:10811000D362A26CEF6F2274178A3894C16FFE8A03
:108120003883E751F886EA53E953464F5490B08FAD
:108130006A593181FD5DEA7ABF8FDA68378CF8724F
:10814000489C3D6AB08A394E585306566657C562F8
:10815000A263E6654E6BE16D5B6EAD70ED77EF7A15
:10816000AA7BBB7D3D80C680CB86958A5B93E35618
:10817000C7583E5FAD659666806AB56B3775C78A2E
:108180002450E57730571B5F65607A66606CF47544
:108190001A7A6E7FF48118874590B399C97B5C7514
:1081A000F97A517BC4841090E979927A3683E15A46
:1081B00040772D4EF24E995BE05FBD623C66F16701
:1081C000E86C6B8677883B8A4E91F392D099176A58
:1081D00026702A73E7825784AF8C014E4651CB51EB
:1081E0008B55F55B165E335E815E145F355F6B5FAA
:1081F000B45FF2611163A2661D676E6F52723A75C9
:108200003A777480398178817687BF8ADC8A858D58
:10821000F38D9A9277950298E59CC5525763F47650
:108220001567886CCD73C38CAE937396256D9C587F
:108230000E69CC69FD8F9A93DB751A905A580268C3
:10824000B463FB69434F2C6FD867BB8F2685B47D21
:1082500054933F69706F6A57F7582C5B2C7D2A72D4
:108260000A54E391B49DAD4E4E4F5C50755043524D
:108270009E8C485424589A5B1D5E955EAD5EF75EF9
:108280001F5F8C60B5623A63D063AF68406C8778DB
:108290008E790B7AE07D4782028AE68A448E1390BB
:1082A000B8902D91D8910E9FE56C5864E264756585
:1082B000F46E84761B7B6990D193BA6EF254B95FE9
:1082C000A4644D8FED8F449278516B582959555CB9
:1082D000975EFB6D8F7E1C75BC8CE28E5B98B970CF
:1082E0001D4FBF6BB16F3075FB964E511054355812
:1082F0005758AC59605C925F97655C67216E7B76DE
:10830000DF83ED8C1490FD904D9325783A78AA5236
:10831000A65E1F577459126012505A51AC51CD517C
:1083200000521055545858585759955BF65C8B5D60
:10833000BC6095622D6471674368BC68DF68D7765E
:10834000D86D6F6E9B6D6F70C871535FD8757779FC
:10835000497B547B527BD67C717D30526384698526
:10836000E4850E8A048B468C0F8E03900F9019942F
:1083700076962D98309AD895CD50D5520C540258F7
:108380000E5CA7619E641E6DB377E57AF480048469
:1083900053908592E05C079D3F53975FB35F9C6D60
:1083A00079726377BF79E47BD26BEC72AD8A036834
:1083B000616AF851817A34694A5CF69CEB82C55B4C
:1083C00049911E7078566F5CC76066658C6C5A8CDC
:1083D000419013985154C7660D924859A390855106
:1083E0004D4EEA5199850E8B58707A634B936269B2
:1083F000B499047E777557536069DF8EE3965D6CA0
:108400008C4E3C5C105FE98F0253D18C8980798659
:10841000FF5EE565734E655182593F5CEE97FB4EFA
:108420008A59CD5F8D8AE16FB0796279E75B71849B
:108430002B73B171745EF55F7B639A64C371987C32
:10844000434EFC5E4B4EDC57A256A960C36F0D7DB8
:10845000FD803381BF81B28F9789A486F45D8A62E3
:10846000AD6487897767E26C3E6D36743478465A1E
:10847000757FAD82AC99F34FC35EDD629263576541
:108480006F67C3764C72CC80BA80298F4D910D50A6
:10849000F957925A856873696471FD72B78CF25806
:1084A000E08C6A9619907F87E479E77729842F4FCB
:1084B00065525A53CD62CF67CA6C7D76947B957CAA
:1084C00036828485EB8FDD66206F06721B7EAB8360
:1084D000C199A69EFD51B17B7278B87B8780487B9D
:1084E000E86A615E8C80517560756B5162928C6E2A
:1084F0007A769791EA9A104F707F9C624F7BA59590
:10850000E99C7A565958E486BC96344F24524A5313
:10851000CD53DB53065E2C6491657F673E6C4E6CD9
:108520004872AF72ED735475417E2C82E985A98C37
:10853000C47BC69169711298EF983D6369666A754C
:10854000E476D0784385EE862A53515326548359D6
:10855000875E7C5FB26049627962AB629065D46B82
:10856000CC6CB275AE769178D879CB7D777FA580CB
:10857000AB88B98ABB8C7F905E97DB980B6A387C9E
:1085800099503E5CAE5F8767D86B357409778E7FF4
:108590003B9FCA67177A39538B75ED9A665F9D8149
:1085A000F18398803C5FC55F6275467B3C9067684D
:1085B000EB599B5A107D7E762C8BF54F6A5F196ABA
:1085C000376C026FE27468796888558A798CDF5E4F
:1085D000CF63C575D279D7822893F2929C84ED86B9
:1085E0002D9CC1546C5F8C655C6D1570A78CD38C11
:1085F0003B984F65F6740D4ED84EE0572B59665A8E
:10860000CC5BA851035E9C5E166076627765A765B9
:108610006E666E6D3672267B50819A8199825C8B74
:10862000A08CE68C748D1C964496AE4FAB64666B42
:108630001E8261846A85E890015C5369A8987A84F7
:1086400057850F4F6F52A95F455E0D678F7979810E
:1086500007898689F56D175F5562B86CCF4E6972D0
:10866000929B06523B547456B358A4616E621A71C1
:108670006E59897CDE7C1B7DF09687655E80194E85
:10868000754F75514058635E735E0A5FC467264E2E
:108690003D8589955B96737C0198FB50C158567651
:1086A000A7782552A5771185867B4F5009594772C7
:1086B000C77BE87DBA8FD48F4D90BF4FC952295ADE
:1086C000015FAD97DD4F1782EA9203575563696BDF
:1086D0002B75DC88148F427ADF52935855610A62F9
:1086E000AE66CD6B3F7CE9832350F84F055346546B
:1086F000315849599D5BF05CEF5C295D965EB16233
:1087000067633E65B9650B67D56CE16CF9703278CB
:108710002B7EDE80B3820C84EC84028712892A8A45
:108720004A8CA690D292FD98F39C6C9D4F4EA14E20
:108730008D5056524A57A8593D5ED85FD95F3F6267
:10874000B4661B67D067D2689251217DAA80A88148
:10875000008B8C8CBF8C7E92329620542C981753B1
:10876000D5505C53A858B264346767726677467A0E
:10877000E691C352A16C866B00584C5E54592C672D
:10878000FB7FE151C6766964E878549BBB9ECB576A
:10879000B95927669A67CE6BE954D969555E9C81B1
:1087A0009567AA9BFE67529C5D68A64EE34FC8532F
:1087B000B9622B67AB6CC48FAD4F6D7EBF9E074E09
:1087C0006261806E2B6F138573542A67459BF35D3E
:1087D000957BAC5CC65B1C874A6ED184147A088199
:1087E00099598D7C116C2077D952225921715F7271
:1087F000DB772797619D0B697F5A185AA5510D5455
:108800007D540E66DF76F78F9892F49CEA595D727C
:10881000C56E4D51C968BF7DEC7D6297BA9E786484
:10882000216A028384595F5BDB6B1B73F276B27D36
:108830001780998432512867D99EEE766267FF527D
:108840000599245C3B627E7CB08C4F55B6600B7DF5
:10885000809501535F4EB6511C593A723680CE91C5
:10886000255FE2778453795F047DAC85338A8D8EF2
:108870005697F367AE85539409610861B96C5276D7
:10888000ED8A388F2F55514F2A51C752CB53A55BD4
:108890007D5EA0608261D6630967DA67676E8C6D62
:1088A0003673377331755079D588988A4A9091908C
:1088B000F590C4968D871559884E594F0E4E898A6A
:1088C0003F8F1098AD507C5E9659B95BB85EDA6305
:1088D000FA63C164DC664A69D8690B6DB66E94713F
:1088E0002875AF7A8A7F00804984C9848189218B69
:1088F0000A8E65907D960A997E619162326B836CD7
:10890000746DCC7FFC7FC06D857FBA87F888656702
:10891000B1833C98F7961B6D617D3D846A91714EE1
:108920007553505D046BEB6FCD852D86A789295259
:108930000F54655C4E67A86806748374E275CF882F
:10894000E188CC91E29678968B5F8773CB7A4E84E0
:10895000A06365758952416D9C6E097459756B7879
:10896000927C8696DC7A8D9FB64F6E61C5655C867B
:10897000864EAE4EDA50214ECC51EE5B9965816841
:10898000BC6D1F734276AD771C7AE77C6F82D28A0A
:108990007C90CF91759618989B52D17D2B5098530F
:1089A0009767CB6DD0713374E8812A8FA396579C5B
:1089B0009F9E60744158996D2F7D5E98E44E364FAE
:1089C0008B4FB751B152BA5D1C60B2733C79D38200
:1089D0003492B796F6960A97979E629FA666746B36
:1089E0001752A352C870C288C95E4B609061236F52
:1089F00049713E7CF47D6F80EE8423902C93425429
:108A00006F9BD36A8970C28CEF8D3297B452415AF2
:108A1000CA5E045F17677C6994696A6D0F6F627242
:108A2000FC72ED7B01807E804B87CE906D51939ED2
:108A300084798B803293D68A2D508C54718A6A6BDC
:108A4000C48C0781D160A067F29D994E984E109C0E
:108A50006B8AC185688500697E6E977855810000B4
:108A6000002502250C251025182514251C252C254C
:108A7000242534253C25012503250F2513251B25F9
:108A80001725232533252B253B254B2520252F2551
:108A9000282537253F251D25302525253825422524
:108AA0001004110412041304140415040104160420
:108AB0001704180419041A041B041C041D041E04C2
:108AC0001F04200421042204230424042504260472
:108AD0002704280429042A042B042C042D042E0422
:108AE0002F04000000000000000000000000000053
:108AF0000000000000000000000000000000000076
:108B0000300431043204330434043504510436048F
:108B10003704380439043A043B043C043D043E0461
:108B20003F04400441044204430444044504460411
:108B30004704480449044A044B044C044D044E04C1
:108B40004F0400009103920393039403950396034B
:108B50009703980399039A039B039C039D039E0329
:108B60009F03A003A103A303A403A503A603A703D4
:108B7000A803A9030000000000000000000000009E
:108B800000000000B103B203B303B403B503B6039E
:108B9000B703B803B903BA03BB03BC03BD03BE03E9
:108BA000BF03C003C103C303C403C503C603C70394
:108BB000C803C9030000000000000000000000001E
:108BC000000000010101010101010101010000009B
:108BD0000000000001010101010101010101010189
:108BE0000101010101010101010101010101000077
:108BF000000000000001010101010101010101016A
:108C00000101010101010101010101010101010055
:108C1000C625A125A025B325B225BD25BC253B2011
:108C200012309221902191219321133000000000F5
:108C30000000000000000000000000000000000034
:108C4000000008220B2286228722822283222A22E7
:108C500029220000000000000000000000000000C9
:108C6000000027222822AC00D221D4210022032296
:108C700029220000000000000000000000000000A9
:108C80000000000000002022A52212230222072259
:108C9000612252226A226B221A223D221D22352293
:108CA0002B222C2200000000000000000000000029
:108CB00000002B2130206F266D266A2620202120DF
:108CC000B6002C22000000000000EF25003001302B
:108CD00002300CFF0EFFFB301AFF1BFF1FFF01FFCE
:108CE0009B309C30B40040FFA8003EFF3E203FFF79
:108CF000FD30FE309D309E300330DD4E05300630B5
:108D00000730FC30142010200FFF3CFF1C301620D1
:108D10005CFF26202520182019201C201D2008FF7C
:108D200009FF143015303BFF3DFF5BFF5DFF08304E
:108D300009300A300B300C300D300E300F3010304F
:108D400011300BFF1222B100D700F7001DFF602287
:108D50001CFF1EFF662267221E2234224226402666
:108D6000B000322033200321A50004FFA200A3009D
:108D700005FF03FF06FF0AFF20FFA70006260526C2
:108D8000CB25CF25CE25C725000000001F001C20C5
:108D90000000000014210000020016240000000062
:108DA0001425000002001528000000001129000011
:108DB0000000142A00000000182B00000000142CF2
:108DC00000000000102D00000000142E0000010023
:108DD0000C3000000900143A00000100183C0000AB
:108DE0000200143F00000100034100001900155B60
:108DF00000000000145C00000000115D0000000095
:108E0000175E000000000F5F000000001760000008
:108E10000000036100001900157B00000000187CB1
:108E200000000000117D00000000187E000000001E
:108E3000007F000020001CA00000000014A1000022
:108E4000000016A20000030019A60000000014A7ED
:108E50000000000017A80000000019A90000000091
:108E600006AA0000000013AB0000000018AC0000D0
:108E7000000001AD0000000019AE0000000017AFB7
:108E80000000000019B00000000018B10000000050
:108E90000EB20000010017B40000000003B500008E
:108EA000000014B60000010017B8000000000EB961
:108EB0000000000006BA0000000012BB0000000025
:108EC0000EBC0000020014BF0000000003C0000040
:108ED000160018D70000000003D80000060004DFC9
:108EE0000000000003E00000160018F7000000007A
:108EF00003F800003F0004380100000003390100BE
:108F00000F00044901000000034A01004200048DE3
:108F100001000000038E01000C00049B0100000012
:108F2000039C01000D0004AA0100010003AC010034
:108F30000D0004BA0100000006BB0100000003BCE4
:108F40000100010004BE0100000003BF0100000099
:108F500006C00100030003C40100000007C50100B2
:108F6000000003C60100010007C80100000003C99A
:108F70000100010007CB0100000003CC0100230029
:108F800004F00100000003F10100000007F20100FD
:108F9000000003F301002D00042102000000032261
:108FA00002001100043402000500033A02001A0016
:108FB000045502000000035602000100045802009C
:108FC0000000035902000000045A02000000035B85
:108FD00002000100045D02000200036002000100C3
:108FE0000462020000000363020000000464020047
:108FF000000003650200010004670200000003682E
:1090000002000400046D02000100036F0200000072
:1090100004700200000003710200010004730200EA
:109020000100037502000000047602000600037DC3
:1090300002000000047E0200010003800200000024
:109040000481020000000382020001000484020087
:109050000200038702000500048D02000400039251
:1090600002000000049302000000069402000000C9
:10907000049502000700039D02000100049F020006
:10908000100005B00200110017C20200030005C65F
:1090900002000B0017D202000D0005E002000400E0
:1090A00017E50200060005EC0200000017ED0200C3
:1090B000000005EE0200000017EF020010000B0098
:1090C00003006F0003700300030005740300000039
:1090D000177503000000037603000100057A030002
:1090E0000000037B03000200147E03000000037FE6
:1090F0000300000017840300010003860300000042
:10910000148703000000038803000200038C03009F
:109110000000038E0300010004900300000003918F
:109120000300100003A303000C0004B003000000C0
:1091300003B10300200008D20300020003D503009E
:10914000200018F60300000003F70300040004FCED
:109150000300000003FD03008400198204000000E6
:109160000B83040004000A8804000100038A040041
:10917000A500033105002500055905000000145A1B
:1091800005000500046005000000036105002500DE
:10919000048705000100148905000000108A0500FD
:1091A0000000198D05000100168F050000000B91CD
:1091B00005002C0010BE050000000BBF05000000DC
:1091C00014C0050000000BC10500010014C3050018
:1091D00000000BC40500010014C6050000000BC709
:1091E0000500000006D005001A0006EF0500030088
:1091F00014F3050001000100060005001806060032
:109200000200140906000100160B06000000140CF1
:1092100006000100190E060001000B1006000A00EE
:10922000141B06000000011C06000000141D0600AF
:109230000200062006001F0005400600000006414F
:10924000060009000B4B060014000C600600090024
:10925000146A06000300066E060001000B7006008B
:10926000000006710600620014D40600000006D556
:10927000060000000BD60600060001DD0600000017
:1092800019DE060000000BDF0600050005E50600FC
:1092900001000BE70600010019E9060000000BEAD7
:1092A0000600030006EE060001000CF006000900AF
:1092B00006FA0600020019FD0600010006FF06007E
:1092C0000000140007000D00010F07000000061049
:1092D000070000000B1107000000061207001D0028
:1092E0000B3007001A00064D070058000BA60700B8
:1092F0000A0006B1070000000CC00700090006CAFA
:10930000070020000BEB0700080005F40700010030
:1093100019F60700000014F70700020005FA07001D
:1093200000000BFD0700000016FE0700010006000C
:10933000080015000B1608000300051A08000000BD
:109340000B1B080008000524080000000B2508007E
:1093500002000528080000000B2908000400143052
:1093600008000E000640080018000B590800020013
:10937000145E08000000066008000A00067008007D
:1093800017001788080000000689080005000190F2
:10939000080001000B980800070006A0080028003C
:1093A00005C9080000000BCA0800170001E2080008
:1093B00000000BE308001F00090309000000060479
:1093C000090035000B3A09000000093B09000000C4
:1093D0000B3C09000000063D09000000093E0900A1
:1093E00002000B41090007000949090003000B4D69
:1093F00009000000094E09000100065009000000A4
:109400000B51090006000658090009000B6209000B
:1094100001001464090001000C66090009001470C1
:1094200009000000057109000000067209000E0025
:109430000B8109000000098209000100068509006E
:109440000700068F0900010006930900150006AA0F
:109450000900060006B20900000006B60900030074
:109460000BBC0900000006BD0900000009BE090090
:1094700002000BC10900030009C70900010009CB64
:10948000090001000BCD0900000006CE0900000014
:1094900009D70900000006DC0900010006DF090009
:1094A00002000BE2090001000CE60900090006F0C9
:1094B0000900010016F2090001000EF40900050080
:1094C00019FA0900000016FB0900000006FC09005B
:1094D000000014FD090000000BFE090000000B0154
:1094E0000A00010009030A00000006050A00050041
:1094F000060F0A00010006130A001500062A0A00DA
:10950000060006320A00010006350A00010006388E
:109510000A0001000B3C0A000000093E0A0002009C
:109520000B410A0001000B470A0001000B4B0A0027
:1095300002000B510A00000006590A000300065EF3
:109540000A0000000C660A0009000B700A00010006
:1095500006720A0002000B750A00000014760A0069
:1095600000000B810A00010009830A000000068543
:109570000A000800068F0A00020006930A00150080
:1095800006AA0A00060006B20A00010006B50A0093
:1095900004000BBC0A00000006BD0A00000009BE62
:1095A0000A0002000BC10A0004000BC70A000100F8
:1095B00009C90A00000009CB0A0001000BCD0A000E
:1095C000000006D00A00000006E00A0001000BE2DD
:1095D0000A0001000CE60A00090014F00A0000006D
:1095E00016F10A00000006F90A0000000BFA0A0052
:1095F00005000B010B00000009020B00010006052D
:109600000B000700060F0B00010006130B001500EE
:10961000062A0B00060006320B00010006350B007F
:1096200004000B3C0B000000063D0B000000093E4F
:109630000B0000000B3F0B00000009400B00000076
:109640000B410B00030009470B000100094B0B0005
:1096500001000B4D0B0000000B550B0001000957DA
:109660000B000000065C0B000100065F0B0002000F
:109670000B620B0001000C660B00090019700B0057
:10968000000006710B0000000E720B0005000B823B
:109690000B00000006830B00000006850B00050090
:1096A000068E0B00020006920B00030006990B00C9
:1096B0000100069C0B000000069E0B00010006A3A3
:1096C0000B00010006A80B00020006AE0B000B0009
:1096D00009BE0B0001000BC00B00000009C10B000C
:1096E000010009C60B00020009CA0B0002000BCDE5
:1096F0000B00000006D00B00000009D70B00000093
:109700000CE60B0009000EF00B00020019F30B0031
:10971000050016F90B00000019FA0B0000000B0001
:109720000C00000009010C0002000B040C000000FA
:1097300006050C000700060E0C00020006120C00C5
:109740001600062A0C000F000B3C0C000000063D22
:109750000C0000000B3E0C00020009410C0003004D
:109760000B460C0002000B4A0C0003000B550C00CA
:10977000010006580C000200065D0C0000000660A7
:109780000C0001000B620C0001000C660C000900CB
:1097900014770C0000000E780C000600197F0C00F6
:1097A000000006800C0000000B810C000000098204
:1097B0000C00010014840C00000006850C0007005A
:1097C000068E0C00020006920C00160006AA0C0081
:1097D000090006B50C0004000BBC0C00000006BD1F
:1097E0000C00000009BE0C0000000BBF0C000000C4
:1097F00009C00C0004000BC60C00000009C70C00D7
:10980000010009CA0C0001000BCC0C00010009D5B5
:109810000C00010006DD0C00010006E00C00010058
:109820000BE20C0001000CE60C00090006F10C0034
:10983000010009F30C0000000B000D0001000902FB
:109840000D00010006040D000800060E0D000200C8
:1098500006120D0028000B3B0D000100063D0D0017
:109860000000093E0D0002000B410D0003000946F7
:109870000D000200094A0D0002000B4D0D00000012
:10988000064E0D000000194F0D00000006540D009B
:10989000020009570D0000000E580D000600065F7B
:1098A0000D0002000B620D0001000C660D000900A6
:1098B0000E700D00080019790D000000067A0D00E9
:1098C00005000B810D00000009820D0001000685D6
:1098D0000D001100069A0D00170006B30D000800D8
:1098E00006BD0D00000006C00D0006000BCA0D00ED
:1098F000000009CF0D0002000BD20D0002000BD6B4
:109900000D00000009D80D0007000CE60D0009004D
:1099100009F20D00010014F40D00000006010E0014
:109920002F000B310E00000006320E0001000B3438
:109930000E000600163F0E00000006400E00050057
:1099400005460E0000000B470E000700144F0E00E6
:1099500000000C500E000900145A0E000100068190
:109960000E00010006840E00000006860E000400B2
:10997000068C0E00170006A50E00000006A70E00BC
:1099800009000BB10E00000006B20E0001000BB47E
:109990000E00080006BD0E00000006C00E00040008
:1099A00005C60E0000000BC80E0006000CD00E000D
:1099B000090006DC0E00030006000F00000019017C
:1099C0000F00020014040F000E0019130F00000016
:1099D00014140F00000019150F0002000B180F00DF
:1099E0000100191A0F0005000C200F0009000E2AB3
:1099F0000F00090019340F0000000B350F000000A4
:109A000019360F0000000B370F00000019380F0047
:109A100000000B390F000000153A0F000000113B49
:109A20000F000000153C0F000000113D0F0000006A
:109A3000093E0F00010006400F00070006490F0015
:109A400023000B710F000D00097F0F0000000B8039
:109A50000F00040014850F0000000B860F000100AA
:109A600006880F0004000B8D0F000A000B990F00F1
:109A7000230019BE0F0007000BC60F00000019C716
:109A80000F00050019CE0F00010014D00F000400D4
:109A900019D50F00030014D90F00010006001000B3
:109AA0002A00092B100001000B2D100003000931C2
:109AB000100000000B3210000500093810000000F3
:109AC0000B3910000100093B100001000B3D100094
:109AD0000100063F100000000C4010000900144A6D
:109AE0001000050006501000050009561000010086
:109AF0000B5810000100065A100003000B5E100006
:109B000002000661100000000962100002000665F4
:109B100010000100096710000600066E1000020028
:109B20000B7110000300067510000C000B82100072
:109B300000000983100001000B8510000100098757
:109B4000100005000B8D10000000068E10000000B4
:109B5000098F100000000C9010000900099A1000F5
:109B600002000B9D10000000199E1000010003A0D0
:109B70001000250003C71000000003CD10000000F6
:109B800003D010002A0014FB1000000005FC100098
:109B9000000003FD10000200060011004801064A03
:109BA00012000300065012000600065812000000C2
:109BB000065A12000300066012002800068A1200EE
:109BC000030006901200200006B21200030006B83F
:109BD0001200060006C01200000006C212000300B8
:109BE00006C812000E0006D8120038000612130034
:109BF00003000618130042000B5D130002001460FE
:109C0000130008000E6913001300068013000F00F4
:109C100019901300090003A01300550003F8130066
:109C20000500100014000000060114006B02196DFD
:109C300016000000146E16000000066F16001000DB
:109C40001C8016000000068116001900159B1600E6
:109C50000000119C1600000006A016004A0014EB3C
:109C6000160002000DEE1600020006F116000700B5
:109C70000600170011000B1217000200091517004B
:109C80000000061F170012000B32170001000934F4
:109C900017000000143517000100064017001100DE
:109CA0000B5217000100066017000C00066E17002B
:109CB00002000B72170001000680170033000BB47E
:109CC0001700010009B6170000000BB717000600C7
:109CD00009BE170007000BC61700000009C71700D0
:109CE00001000BC917000A0014D41700020005D7A1
:109CF0001700000014D81700020016DB1700000040
:109D000006DC170000000BDD170000000CE0170058
:109D100009000EF0170009001400180005001006D5
:109D2000180000001407180003000B0B18000200B5
:109D3000010E180000000B0F180000000C10180096
:109D40000900062018002200054318000000064400
:109D5000180034000680180004000B85180001006C
:109D60000687180021000BA91800000006AA180099
:109D7000000006B018004500060019001E000B2068
:109D8000190002000923190003000B271900010024
:109D90000929190002000930190001000B321900CD
:109DA00000000933190005000B39190002001940A1
:109DB000190000001444190001000C4619000900A4
:109DC000065019001D0006701900040006801900D5
:109DD0002B0006B0190019000CD0190009000EDA8A
:109DE0001900000019DE1900210006001A001600F3
:109DF0000B171A00010009191A0001000B1B1A00A9
:109E00000000141E1A00010006201A003400095533
:109E10001A0000000B561A00000009571A00000033
:109E20000B581A0006000B601A00000009611A00A6
:109E300000000B621A00000009631A0001000B65A4
:109E40001A000700096D1A0005000B731A000900BB
:109E50000B7F1A0000000C801A0009000C901A00F9
:109E6000090014A01A00060005A71A00000014A893
:109E70001A0005000BB01A000D000ABE1A000000FF
:109E80000BBF1A000F000B001B00030009041B008E
:109E9000000006051B002E000B341B0000000935D6
:109EA0001B0000000B361B000400093B1B000000D8
:109EB0000B3C1B000000093D1B0004000B421B0073
:109EC000000009431B00010006451B0007000C5061
:109ED0001B000900145A1B00060019611B00090031
:109EE0000B6B1B00080019741B000800147D1B007D
:109EF00001000B801B00010009821B00000006838B
:109F00001B001D0009A11B0000000BA21B00030089
:109F100009A61B0001000BA81B00010009AA1B00D9
:109F200000000BAB1B00020006AE1B0001000CB0D2
:109F30001B00090006BA1B002B000BE61B000000EB
:109F400009E71B0000000BE81B00010009EA1B00E9
:109F500002000BED1B00000009EE1B0000000BEFE0
:109F60001B00020009F21B00010014FC1B0003008F
:109F700006001C00230009241C0007000B2C1C00F9
:109F8000070009341C0001000B361C000100143BC3
:109F90001C0004000C401C000900064D1C000200BF
:109FA0000C501C000900065A1C001D0005781C00FE
:109FB0000500147E1C00010003801C0008000390B3
:109FC0001C002A0003BD1C00020014C01C00070076
:109FD0000BD01C00020014D31C0000000BD41C008A
:109FE0000C0009E11C0000000BE21C00060006E961
:109FF0001C0003000BED1C00000006EE1C00050019
:10A000000BF41C00000006F51C00010009F71C0001
:10A0100000000BF81C00010006FA1C000000040000
:10A020001D002B00052C1D003E00046B1D000C00C4
:10A0300005781D00000003791D000000047A1D0052
:10A040000200037D1D000000047E1D000F00038E32
:10A050001D000000048F1D000B00059B1D00240047
:10A060000BC01D003F0003001E00950004961E005B
:10A070000400039B1E000000049C1E000100039EC0
:10A080001E000000049F1E00000003A01E007500BB
:10A0900003181F00050003201F00250003481F00B0
:10A0A000050004501F00000003511F00000004526F
:10A0B0001F00000003531F00000004541F00000095
:10A0C00003551F00000004561F00000003571F0027
:10A0D000000003591F000000035B1F000000035D28
:10A0E0001F000000035F1F001E0003801F00070009
:10A0F00007881F00070003901F00070007981F0034
:10A10000070003A01F00070007A81F00070003B0F7
:10A110001F00010004B21F00000003B31F00000075
:10A1200004B41F00000004B61F00010003B81F00A4
:10A13000030007BC1F00000017BD1F00000003BE86
:10A140001F00000017BF1F00020004C21F00000014
:10A1500003C31F00000004C41F00000004C61F004A
:10A16000010003C81F00030007CC1F00000017CD2B
:10A170001F00020003D01F00010004D21F000100D5
:10A1800004D61F00010003D81F00030017DD1F00C5
:10A19000020003E01F00010004E21F00020003E5CB
:10A1A0001F00000004E61F00010003E81F00040078
:10A1B00017ED1F00020004F21F00000003F31F0050
:10A1C000000004F41F00000004F61F00010003F863
:10A1D0001F00030007FC1F00000017FD1F00010007
:10A1E0001C0020000A00010B2000040010102000B9
:10A1F0000500141620000100131820000000121999
:10A2000020000000151A20000000131B2000010090
:10A21000121D20000000151E20000000131F20004A
:10A2200000001420200007001A28200000001B292D
:10A2300020000000012A200004001C2F2000000044
:10A24000143020000800133920000000123A2000CA
:10A250000000143B200003000F3F200001001441C8
:10A2600020000200184420000000154520000000D6
:10A27000114620000000144720000A001852200058
:10A2800000001453200000000F542000000014555B
:10A29000200009001C5F2000000001602000040075
:10A2A0000166200009000E702000000005712000EA
:10A2B00000000E7420000500187A20000200157DB1
:10A2C00020000000117E20000000057F200000001B
:10A2D0000E8020000900188A20000200158D200041
:10A2E0000000118E20000000059020000C0016A038
:10A2F000200020000BD020000C000ADD200003000D
:10A300000BE1200000000AE2200002000BE5200023
:10A310000B001900210001000802210000001903B0
:10A320002100030008072100000019082100010096
:10A33000040A21000000080B21000200040E210085
:10A34000010008102100020004132100000019146C
:10A35000210000000815210000001916210001004D
:10A36000181821000000081921000400191E2100FE
:10A370000500082421000000192521000000032603
:10A3800021000000192721000000082821000000FA
:10A39000192921000000032A21000100082C2100B6
:10A3A0000100192E21000000042F210000000830B8
:10A3B00021000100033221000000083321000000C9
:10A3C0000434210000000635210003000439210077
:10A3D0000000193A21000100043C21000100083E60
:10A3E0002100010018402100040008452100000060
:10A3F000044621000300194A21000000184B2100E7
:10A400000000194C21000100034E21000000194FEB
:10A41000210000000E5021000F000D6021002200DD
:10A420000383210001000D85210003000E89210016
:10A430000000198A210001001890210004001995DC
:10A4400021000400189A21000100199C210003003A
:10A4500018A02100000019A12100010018A321006B
:10A46000000019A42100010018A62100000019A76E
:10A470002100060018AE2100000019AF21001E00C7
:10A4800018CE2100010019D02100010018D22100AE
:10A49000000019D32100000018D42100000019D5B4
:10A4A00021001E0018F421000B01190023000700F1
:10A4B000150823000000110923000000150A2300DD
:10A4C0000000110B23000000190C230013001820BA
:10A4D0002300010019222300060015292300000093
:10A4E000112A23000000192B23005000187C2300A0
:10A4F0000000197D23001D00189B2300180019B4CB
:10A500002300270018DC2300050019E22300440083
:10A51000194024000A000E6024003B00199C24000E
:10A520004D000EEA2400150019002500B60018B7EA
:10A530002500000019B82500080018C125000000FA
:10A5400019C22500350018F825000700190026005B
:10A550006E00186F2600000019702600F7001568BD
:10A5600027000000116927000000156A270000007D
:10A57000116B27000000156C27000000116D2700EB
:10A580000000156E27000000116F270000001570F5
:10A59000270000001171270000001572270000003D
:10A5A00011732700000015742700000011752700A3
:10A5B00000000E7627001D00199427002B0018C0FC
:10A5C0002700040015C52700000011C62700000061
:10A5D00018C727001E0015E62700000011E7270016
:10A5E000000015E82700000011E92700000015EA27
:10A5F0002700000011EB2700000015EC27000000E9
:10A6000011ED2700000015EE2700000011EF2700D4
:10A61000000018F027000F0019002800FF001800A4
:10A620002900820015832900000011842900000000
:10A6300015852900000011862900000015872900D2
:10A640000000118829000000158929000000118AE6
:10A6500029000000158B29000000118C2900000042
:10A66000158D29000000118E29000000158F29008A
:10A67000000011902900000015912900000011929E
:10A680002900000015932900000011942900000002
:10A690001595290000001196290000001597290042
:10A6A0000000119829000000189929003E0015D8D3
:10A6B0002900000011D92900000015DA2900000046
:10A6C00011DB2900000018DC29001F0015FC2900FF
:10A6D000000011FD2900000018FE290001011900E9
:10A6E0002B002F0018302B00140019452B000100FF
:10A6F00018472B000500194D2B00260019762B005A
:10A700001F0019972B00680003002C0070000471D3
:10A710002C00000003722C00010004742C000000C7
:10A7200003752C00010004772C000400057C2C002C
:10A730000100037E2C00650004E42C00000019E5F4
:10A740002C00050003EB2C0003000BEF2C00020093
:10A7500003F22C00010014F92C0003000EFD2C0064
:10A76000000014FE2C00010003002D00250003272B
:10A770002D000000032D2D00000006302D003700B5
:10A78000056F2D00000014702D0000000B7F2D00C0
:10A79000000006802D00160006A02D00060006A869
:10A7A0002D00060006B02D00060006B82D0006009C
:10A7B00006C02D00060006C82D00060006D02D009C
:10A7C000060006D82D0006000BE02D001F00140027
:10A7D0002E00010013022E00000012032E000000C4
:10A7E00013042E00000012052E00000014062E0097
:10A7F000020013092E000000120A2E000000140BA4
:10A800002E000000130C2E000000120D2E00000080
:10A81000140E2E00080010172E00000014182E0031
:10A820000100101A2E000000141B2E000000131C43
:10A830002E000000121D2E000000141E2E0001002C
:10A8400013202E00000012212E00000015222E00E1
:10A85000000011232E00000015242E0000001125F9
:10A860002E00000015262E00000011272E000000EB
:10A8700015282E00000011292E000000142A2E0099
:10A880000400052F2E00000014302E000900103A9D
:10A890002E000100143C2E00030010402E0000008A
:10A8A00014412E00000015422E00000014432E001B
:10A8B0000C0019502E00010014522E0002001555F4
:10A8C0002E00000011562E00000015572E0000002B
:10A8D00011582E00000015592E000000115A2E00AC
:10A8E0000000155B2E000000115C2E000000105DC2
:10A8F0002E00000019802E001900199B2E00580010
:10A9000019002F00D50019F02F000B001C0030009B
:10A910000000140130000200190430000000050599
:10A92000300000000606300000000D073000000077
:10A93000150830000000110930000000150A300031
:10A940000000110B30000000150C30000000110D4C
:10A9500030000000150E30000000110F3000000024
:10A9600015103000000011113000000019123000E5
:10A9700001001514300000001115300000001516FC
:10A9800030000000111730000000151830000000E2
:10A99000111930000000151A30000000111B3000A2
:10A9A0000000101C30000000151D30000000111EBA
:10A9B000300001001920300000000D213000080097
:10A9C0000B2A30000300092E300001001030300047
:10A9D00000000531300004001936300001000D3848
:10A9E00030000200053B30000000063C3000000053
:10A9F000143D30000000193E3000010006413000D7
:10AA000055000B9930000100179B30000100059D97
:10AA100030000100069F3000000010A03000000050
:10AA200006A13000590014FB3000000005FC300086
:10AA3000020006FF30000000060531002A00063142
:10AA400031005D001990310001000E9231000300C9
:10AA500019963100090006A031001F0019C031000D
:10AA6000230006F031000F00190032001E000E20F6
:10AA700032000900192A32001D000E48320007007A
:10AA80001950320000000E5132000E0019603200E1
:10AA90001F000E8032000900198A320026000EB114
:10AAA00032000E0019C032003F0106003400BF1909
:10AAB00019C04D003F0006004E0014520515A000BD
:10AAC00000000616A00076041990A400360006D0F7
:10AAD000A400270005F8A400050014FEA40001004E
:10AAE0000600A5000B01050CA6000000140DA60031
:10AAF00002000610A6000F000C20A6000900062A7E
:10AB0000A60001000340A6002D00066EA60000006E
:10AB10000B6FA60000000A70A60002001473A600C6
:10AB200000000B74A6000900147EA6000000057F3B
:10AB3000A60000000380A6001B00059CA6000100E3
:10AB40000B9EA600010006A0A60045000DE6A6008B
:10AB500009000BF0A600010014F2A6000500170082
:10AB6000A70016000517A70008001720A70001007E
:10AB70000322A7000D000430A70001000332A70044
:10AB80003D000570A70000000471A70007000379CD
:10AB9000A7000E000588A70000001789A700010084
:10ABA000038BA7000200048EA7000000068FA700F9
:10ABB00000000390A70004000495A700000003967E
:10ABC000A700180004AFA700000003B0A7001A00F8
:10ABD00003D0A700010004D3A700000004D5A700FC
:10ABE000000003D6A700030005F2A700020003F54A
:10ABF000A700010006F7A700000005F8A700010064
:10AC000004FAA700000006FBA70006000B02A8003C
:10AC100000000603A80002000B06A80000000607BB
:10AC2000A80003000B0BA8000000060CA8001600EB
:10AC30000923A80001000B25A80001000927A8008E
:10AC400000001928A80003000B2CA80000000E30FB
:10AC5000A80005001936A80001001638A800000059
:10AC60001939A80000000640A80033001474A80099
:10AC700003000980A80001000682A800310009B481
:10AC8000A8000F000BC4A800010014CEA80001000A
:10AC90000CD0A80009000BE0A800110006F2A800E3
:10ACA000050014F8A800020006FBA800000014FC30
:10ACB000A800000006FDA80001000BFFA80000008E
:10ACC0000C00A9000900060AA9001B000B26A90018
:10ACD0000700142EA90001000630A90016000B473A
:10ACE000A9000A000952A9000100145FA900000090
:10ACF0000660A9001C000B80A90002000983A900BE
:10AD000000000684A9002E000BB3A900000009B4BE
:10AD1000A90001000BB6A900030009BAA9000100AF
:10AD20000BBCA900010009BEA900020014C1A900C2
:10AD30000C0005CFA90000000CD0A900090014DE0A
:10AD4000A900010006E0A90004000BE5A90000002D
:10AD500005E6A900000006E7A90008000CF0A9001C
:10AD6000090006FAA90004000600AA0028000B2921
:10AD7000AA000500092FAA0001000B31AA0001005A
:10AD80000933AA0001000B35AA0001000640AA0001
:10AD900002000B43AA0000000644AA0007000B4C67
:10ADA000AA000000094DAA0000000C50AA000900EA
:10ADB000145CAA0003000660AA000F000570AA0038
:10ADC00000000671AA0005001977AA000200067AA1
:10ADD000AA000000097BAA0000000B7CAA0000006A
:10ADE000097DAA000000067EAA0031000BB0AA006F
:10ADF000000006B1AA0000000BB2AA00020006B5CE
:10AE0000AA0001000BB7AA00010006B9AA000400BD
:10AE10000BBEAA00010006C0AA0000000BC1AA00D8
:10AE2000000006C2AA00000006DBAA00010005DD42
:10AE3000AA00000014DEAA00010006E0AA000A0031
:10AE400009EBAA0000000BECAA00010009EEAA0021
:10AE5000010014F0AA00010006F2AA00000005F3A8
:10AE6000AA00010009F5AA0000000BF6AA000000E4
:10AE70000601AB0005000609AB0005000611AB009A
:10AE800005000620AB0006000628AB0006000430D3
:10AE9000AB0022000353AB0000000454AB000600DB
:10AEA000175BAB000000055CAB0003000460AB0067
:10AEB00008000569AB000000176AAB0001000370D1
:10AEC000AB004F0006C0AB00220009E3AB0001005D
:10AED0000BE5AB00000009E6AB0001000BE8AB009E
:10AEE000000009E9AB00010014EBAB00000009EC25
:10AEF000AB0000000BEDAB0000000CF0AB00090054
:10AF00000600AC00A32B06B0D700160006CBD70076
:10AF100030000200D800FF070600F9006D0106703E
:10AF2000FA0069000400FB0006000413FB000400A3
:10AF3000061DFB0000000B1EFB000000061FFB00AF
:10AF400009001829FB000000062AFB000C00063847
:10AF5000FB000400063EFB0000000640FB00010071
:10AF60000643FB0001000646FB006B0017B2FB0026
:10AF7000100006D3FB006A01113EFD000000153FE2
:10AF8000FD0000001940FD000F000650FD003F00CD
:10AF90000692FD00350019CFFD00000006F0FD000F
:10AFA0000B0016FCFD00000019FDFD0002000B0067
:10AFB000FE000F001410FE0006001517FE00000032
:10AFC0001118FE0000001419FE0000000B20FE0006
:10AFD0000F001430FE0000001031FE0001000F339E
:10AFE000FE0001001535FE0000001136FE000000D5
:10AFF0001537FE0000001138FE0000001539FE0074
:10B000000000113AFE000000153BFE000000113C5C
:10B01000FE000000153DFE000000113EFE00000095
:10B02000153FFE0000001140FE0000001541FE002B
:10B0300000001142FE0000001543FE000000114414
:10B04000FE0000001445FE0001001547FE00000050
:10B050001148FE0000001449FE0003000F4DFE00E1
:10B0600002001450FE0002001454FE0003001058A9
:10B07000FE0000001559FE000000115AFE000000FD
:10B08000155BFE000000115CFE000000155DFE0077
:10B090000000115EFE000000145FFE000200186256
:10B0A000FE0000001063FE0000001864FE000200B5
:10B0B0001468FE0000001669FE000000146AFE001D
:10B0C00001000670FE0004000676FE00860001FF07
:10B0D000FE0000001401FF0002001604FF00000043
:10B0E0001405FF0002001508FF0000001109FF0011
:10B0F0000000140AFF000000180BFF000000140CF1
:10B10000FF000000100DFF000000140EFF00010002
:10B110000C10FF000900141AFF000100181CFF00AA
:10B120000200141FFF0001000321FF001900153B5E
:10B13000FF000000143CFF000000113DFF00000074
:10B14000173EFF0000000F3FFF0000001740FF0008
:10B1500000000341FF001900155BFF000000185CB0
:10B16000FF000000115DFF000000185EFF000000FE
:10B17000155FFF0000001160FF0000001461FF0078
:10B1800000001562FF0000001163FF00000014645E
:10B19000FF0001000666FF0009000570FF000000C7
:10B1A0000671FF002C00059EFF00010006A0FF00B5
:10B1B0001E0006C2FF00050006CAFF00050006D2F9
:10B1C000FF00050006DAFF00020016E0FF000100A4
:10B1D00018E2FF00000017E3FF00000019E4FF0081
:10B1E000000016E5FF00010019E8FF00000018E963
:10B1F000FF00030019EDFF00010001F9FF0002004C
:10B2000019FCFF000100060000010B00060D000103
:10B210001900062800011200063C00010100063F4B
:10B2200000010E00065000010D00068000017A00AA
:10B230001400010102000E0701012C001937010161
:10B2400008000D40010134000E7501010300197959
:10B25000010110000E8A01010100198C0101020098
:10B26000199001010C0019A00101000019D0010181
:10B270002C000BFD01010000068002011C0006A04D
:10B28000020130000BE0020100000EE102011A0091
:10B29000060003011F000E2003010300062D030119
:10B2A00013000D41030100000642030107000D4A8F
:10B2B000030100000650030125000B760301040082
:10B2C000068003011D00149F0301000006A0030176
:10B2D000230006C80301070014D0030100000DD1AC
:10B2E00003010400030004014F00065004014D0057
:10B2F0000CA00401090003B00401230003D80401D9
:10B300002300060005012700063005013300146FF5
:10B3100005010000037005010A00037C05010E0011
:10B32000038C050106000394050101000397050144
:10B330000A0003A305010E0003B30501060003BBC9
:10B34000050101000600060136010640070115004F
:10B350000660070107000580070105000587070152
:10B36000290005B2070108000600080105000608CB
:10B3700008010000060A08012B0006370801010039
:10B38000063C08010000063F08011600145708019A
:10B3900000000E5808010700066008011600197722
:10B3A000080101000E7908010600068008011E0050
:10B3B0000EA70801080006E00801120006F40801C3
:10B3C00001000EFB080104000600090115000E161D
:10B3D00009010500141F09010000062009011900D8
:10B3E000143F090100000680090137000EBC090165
:10B3F000010006BE090101000EC009010F000ED2B6
:10B4000009012D0006000A0100000B010A010200DB
:10B410000B050A0101000B0C0A01030006100A01CA
:10B42000030006150A01020006190A011C000B3868
:10B430000A0102000B3F0A0100000E400A01080049
:10B4400014500A01080006600A011C000E7D0A0162
:10B450000100147F0A01000006800A011C000E9DF5
:10B460000A01020006C00A01070019C80A0100000B
:10B4700006C90A011B000BE50A0101000EEB0A01D7
:10B48000040014F00A01060006000B01350014390F
:10B490000B01060006400B0115000E580B010700BA
:10B4A00006600B0112000E780B01070006800B01ED
:10B4B000110014990B0103000EA90B0106000600F0
:10B4C0000C01480003800C01320003C00C01320063
:10B4D0000EFA0C01050006000D0123000B240D01DE
:10B4E00003000C300D0109000E600E011E000680E5
:10B4F0000E0129000BAB0E01010010AD0E01000082
:10B5000006B00E0101000BFD0E01020006000F0146
:10B510001C000E1D0F01090006270F010000063058
:10B520000F0115000B460F010A000E510F01030019
:10B5300014550F01040006700F0111000B820F015A
:10B54000030014860F01030006B00F0114000EC59E
:10B550000F01060006E00F011600090010010000AF
:10B560000B01100100000902100100000603100188
:10B5700034000B3810010E001447100106000E5263
:10B58000100113000C66100109000B70100100007F
:10B590000671100101000B73100101000675100106
:10B5A00000000B7F100102000982100100000683D9
:10B5B00010012C0009B0100102000BB310010300B0
:10B5C00009B7100101000BB91001010014BB1001F3
:10B5D000010001BD1001000014BE100103000BC2E8
:10B5E0001001000001CD1001000006D0100118006C
:10B5F0000CF0100109000B001101020006031101FB
:10B6000023000B2711010400092C110100000B2D50
:10B61000110107000C36110109001440110103004B
:10B6200006441101000009451101010006471101FE
:10B6300000000650110122000B7311010000147468
:10B64000110101000676110100000B8011010100BB
:10B65000098211010000068311012F0009B31101B5
:10B6600002000BB61101080009BF1101010006C15B
:10B670001101030014C5110103000BC911010300DE
:10B6800014CD1101000009CE110100000BCF1101F2
:10B6900000000CD01101090006DA1101000014DBD2
:10B6A0001101000006DC1101000014DD110102008F
:10B6B0000EE1110113000600120111000613120120
:10B6C0001800092C120102000B2F1201020009328E
:10B6D000120101000B3412010000093512010000B3
:10B6E0000B36120101001438120105000B3E120145
:10B6F0000000063F120101000B411201000006800C
:10B7000012010600068812010000068A12010300D9
:10B71000068F12010E00069F1201090014A91201E2
:10B72000000006B012012E000BDF1201000009E03C
:10B73000120102000BE3120107000CF012010900D4
:10B740000B0013010100090213010100060513019A
:10B750000700060F13010100061313011500062A46
:10B76000130106000632130101000635130104001F
:10B770000B3B13010100063D13010000093E1301BC
:10B7800001000B40130100000941130103000947A8
:10B7900013010100094B13010200065013010000C0
:10B7A000095713010000065D13010400096213012B
:10B7B00001000B66130106000B7013010400060064
:10B7C000140134000935140102000B38140107007C
:10B7D0000940140101000B42140102000945140143
:10B7E00000000B4614010000064714010300144B2F
:10B7F000140104000C5014010900145A1401010032
:10B80000145D140100000B5E14010000065F1401BA
:10B810000200068014012F0009B0140102000BB3CE
:10B820001401050009B9140100000BBA140100004D
:10B8300009BB140103000BBF1401010009C114016D
:10B8400000000BC21401010006C41401010014C65B
:10B850001401000006C7140100000CD014010900F7
:10B86000068015012E0009AF150102000BB215016B
:10B87000030009B8150103000BBC1501010009BE46
:10B88000150100000BBF1501010014C115011600C0
:10B8900006D8150103000BDC150101000600160196
:10B8A0002F000930160102000B3316010700093B77
:10B8B000160101000B3D16010000093E16010000B3
:10B8C0000B3F160101001441160102000644160147
:10B8D00000000C5016010900146016010C000680CF
:10B8E00016012A000BAB1601000009AC160100007E
:10B8F0000BAD1601000009AE160101000BB01601D8
:10B90000050009B6160100000BB71601000006B8C5
:10B910001601000014B9160100000CC01601090040
:10B92000060017011A000B1D17010200092017015C
:10B9300001000B22170103000926170100000B2745
:10B94000170104000C30170109000E3A170101001D
:10B95000143C17010200193F1701000006401701AF
:10B960000600060018012B00092C180102000B2FFD
:10B97000180108000938180100000B3918010100EE
:10B98000143B1801000003A018013F000CE018014F
:10B9900009000EEA1801080006FF18010700060951
:10B9A00019010000060C1901070006151901010014
:10B9B0000618190117000930190105000937190186
:10B9C00001000B3B19010100093D190100000B3E6C
:10B9D00019010000063F190100000940190100008B
:10B9E0000641190100000942190100000B43190129
:10B9F00000001444190102000C501901090006A0AE
:10BA00001901070006AA1901260009D1190102002F
:10BA10000BD4190103000BDA1901010009DC19012B
:10BA200003000BE01901000006E11901000014E217
:10BA30001901000006E31901000009E419010000E2
:10BA400006001A0100000B011A010900060B1A0179
:10BA500027000B331A01050009391A010000063AC4
:10BA60001A0100000B3B1A010300143F1A010700E2
:10BA70000B471A01000006501A0100000B511A0171
:10BA8000050009571A0101000B591A010200065C52
:10BA90001A012D000B8A1A010C0009971A010000E7
:10BAA0000B981A010100149A1A010200069D1A014E
:10BAB0000000149E1A01040006B01A014800140088
:10BAC0001B01090006001C010800060A1C012400D5
:10BAD000092F1C0100000B301C0106000B381C0153
:10BAE0000500093E1C0100000B3F1C010000064040
:10BAF0001C01000014411C0104000C501C01090031
:10BB00000E5A1C01120014701C01010006721C0167
:10BB10001D000B921C01150009A91C0100000BAAB5
:10BB20001C01060009B11C0100000BB21C01010040
:10BB300009B41C0100000BB51C01010006001D0129
:10BB4000060006081D010100060B1D0125000B3132
:10BB50001D0105000B3A1D0100000B3C1D010100F9
:10BB60000B3F1D01060006461D0100000B471D018D
:10BB700000000C501D01090006601D01050006674C
:10BB80001D010100066A1D011F00098A1D01040034
:10BB90000B901D01010009931D0101000B951D0172
:10BBA000000009961D0100000B971D01000006987A
:10BBB0001D0100000CA01D01090006E01E0112007D
:10BBC0000BF31E01010009F51E01010014F71E010F
:10BBD00001000B001F01010006021F010000090304
:10BBE0001F01000006041F010C0006121F012100A6
:10BBF00009341F0101000B361F010400093E1F011B
:10BC000001000B401F01000009411F0100000B4211
:10BC10001F01000014431F010C000C501F010900FC
:10BC200006B01F0100000EC01F01140019D51F012E
:10BC3000070016DD1F01030019E11F01100014FFAA
:10BC40001F0100000600200199030D0024016E0071
:10BC500014702401040006802401C30006902F0103
:10BC6000600014F12F010100060030012F040130A3
:10BC700034010F000B40340100000641340105007F
:10BC80000B4734010E00060044014602060068011D
:10BC9000380206406A011E000C606A010900146E39
:10BCA0006A01010006706A014E000CC06A010900B9
:10BCB00006D06A011D000BF06A01040014F56A0148
:10BCC000000006006B012F000B306B0106001437DB
:10BCD0006B010400193C6B01030005406B0103007C
:10BCE00014446B01000019456B0100000C506B01FE
:10BCF00009000E5B6B01060006636B011400067DF4
:10BD00006B01120003406E013F000E806E011600B1
:10BD100014976E01030006006F014A000B4F6F017C
:10BD2000000006506F01000009516F0136000B8FB3
:10BD30006F01030005936F010C0005E06F01010026
:10BD400014E26F01000005E36F0100000BE46F01D6
:10BD5000000009F06F01010006007001F7170600EE
:10BD60008801D50406008D01080005F0AF0103002D
:10BD700005F5AF01060005FDAF0101000600B001A9
:10BD800022010632B10100000650B1010200065541
:10BD9000B10100000664B10103000670B1018B011E
:10BDA0000600BC016A000670BC010C000680BC01E4
:10BDB00008000690BC010900199CBC0100000B9D05
:10BDC000BC010100149FBC01000001A0BC010300E4
:10BDD0000B00CF012D000B30CF0116001950CF0101
:10BDE00073001900D001F5001900D10126001929AE
:10BDF000D1013B000965D10101000B67D1010200AF
:10BE0000196AD1010200096DD10105000173D10148
:10BE100007000B7BD10107001983D10101000B85BD
:10BE2000D1010600198CD1011D000BAAD10103001C
:10BE300019AED1013C001900D20141000B42D201E0
:10BE400002001945D20100000EC0D20113000EE01D
:10BE5000D20113001900D30156000E60D30118005F
:10BE60000800D4011900041AD40119000834D401BF
:10BE70001900044ED40106000456D40111000868CC
:10BE8000D40119000482D4011900089CD4010000D7
:10BE9000089ED401010008A2D401000008A5D40125
:10BEA000010008A9D401030008AED401070004B6BC
:10BEB000D401030004BBD401000004BDD40106007A
:10BEC00004C5D4010A0008D0D401190004EAD40141
:10BED00019000804D50101000807D5010300080D69
:10BEE000D50107000816D5010600041ED50119006A
:10BEF0000838D5010100083BD50103000840D501F1
:10BF000004000846D5010000084AD5010600045285
:10BF1000D5011900086CD50119000486D501190056
:10BF200008A0D501190004BAD501190008D4D5011B
:10BF3000190004EED50119000808D60119000422E1
:10BF4000D6011900083CD60119000456D601190083
:10BF50000870D6011900048AD6011B0008A8D60172
:10BF6000180018C1D601000004C2D601180018DB61
:10BF7000D601000004DCD601050008E2D601180055
:10BF800018FBD601000004FCD60118001815D701D3
:10BF900000000416D7010500081CD7011800183549
:10BFA000D70100000436D7011800184FD701000050
:10BFB0000450D70105000856D7011800186FD701A3
:10BFC00000000470D70118001889D7010000048A06
:10BFD000D70105000890D701180018A9D701000063
:10BFE00004AAD701180018C3D701000004C4D70160
:10BFF000050008CAD701000004CBD70100000CCE11
:10C00000D70131001900D801FF010B00DA01360019
:10C010001937DA0103000B3BDA013100196DDA013F
:10C0200007000B75DA0100001976DA010D000B84A8
:10C03000DA0100001985DA0101001487DA01040031
:10C040000B9BDA0104000BA1DA010E000400DF01F2
:10C050000900060ADF010000040BDF0113000425BC
:10C06000DF0105000B00E00106000B08E0011000F5
:10C070000B1BE00106000B23E00101000B26E00191
:10C0800004000530E0013D000B8FE00100000600D8
:10C09000E1012C000B30E10106000537E10106004B
:10C0A0000C40E1010900064EE1010000194FE101D9
:10C0B00000000690E2011D000BAEE201000006C088
:10C0C000E2012B000BECE20103000CF0E20109009D
:10C0D00016FFE201000006D0E4011A0005EBE401BE
:10C0E00000000BECE40103000CF0E401090006E0A1
:10C0F000E701060006E8E701030006EDE70101009D
:10C1000006F0E7010E000600E801C4000EC7E801D2
:10C1100008000BD0E80106000300E90143000B44CE
:10C12000E9010600054BE90100000C50E901090096
:10C13000145EE90101000E71EC013A0019ACEC014A
:10C1400000000EADEC01020016B0EC0100000EB1D3
:10C15000EC0103000E01ED012C00192EED01000091
:10C160000E2FED010E000600EE0103000605EE01A4
:10C170001A000621EE0101000624EE010000062748
:10C18000EE0100000629EE0109000634EE0103006D
:10C190000639EE010000063BEE0100000642EE010A
:10C1A00000000647EE0100000649EE010000064BC4
:10C1B000EE010000064DEE0102000651EE01010005
:10C1C0000654EE0100000657EE0100000659EE018C
:10C1D0000000065BEE010000065DEE010000065F58
:10C1E000EE0100000661EE0101000664EE010000B0
:10C1F0000667EE010300066CEE0106000674EE0110
:10C2000003000679EE010300067EEE0100000680C1
:10C21000EE010900068BEE01100006A1EE010200FE
:10C2200006A5EE01040006ABEE01100018F0EE01C9
:10C2300001001900F0012B001930F001630019A072
:10C24000F0010E0019B1F0010E0019C1F0010E004D
:10C2500019D1F00124000E00F1010C00190DF101BB
:10C26000A00019E6F1011C001910F2012B00194081
:10C27000F20108001950F20101001960F2010500F5
:10C280001900F301FA0017FBF30104001900F4018F
:10C29000D70219DCF601100019F0F6010C001900A4
:10C2A000F7017600197BF7015E0019E0F7010B003A
:10C2B00019F0F70100001900F8010B001910F8013E
:10C2C00037001950F80109001960F801270019908A
:10C2D000F8011D0019B0F80101001900F90153011E
:10C2E0001960FA010D001970FA010C001980FA01A9
:10C2F00008001990FA012D0019BFFA01060019CEA5
:10C30000FA010D0019E0FA01080019F0FA0108001D
:10C310001900FB0192001994FB0136000CF0FB019F
:10C32000090006000002DFA60600A7023910064039
:10C33000B702DD000620B802811606B0CE02301D1D
:10C340000600F8021D02060000034A1306501303FC
:10C350005F100101000E00000120000E5F000B00C5
:04C36000010EEF00DB
:08C36400CC82FE7F0100000005
:10C36C00F880011004810110108101101C81011052
:10C37C00288101103481011040810110BC81011011
:0CC38C00B0810110A4810110B4820110E6
:10C398004FF0504310B5026893F90040EFF3108353
:10C3A80072B6D2E8CFCF0121BCF1000FF9D1C2E8B3
:10C3B8004C1FBCF1000FF4D1BFF35F8F90F904203C
:10C3C800002A1CDB00210268C2E88F1F83F3108853
:10C3D80020BF0268EFF3108372B6D2E8CFEF5FF0A8
:10C3E800010CBEF1000FF8D1C2E84ECFBEF1000F2C
:10C3F800F3D1BFF35F8F90F90420002AE3DA00221B
:10C4080001680471C1E88F2F83F3108810BD00BF45
:10C41800034600B50268EFF3108C72B6D2E8CFEF8E
:10C428000120BEF1000FF9D1C2E84E0FBEF1000F96
:10C43800F4D1BFF35F8F93F90420002A0ADB01B11E
:10C448000A60002000221B68C3E88F2F8CF3108835
:10C458005DF804FB4FF05042126801201A71F1E7B1
:10C468004FF050412DE9F0410027044616461D467D
:10C47800D1F8008009E02368C3E88F7F8CF3108827
:10C488003046294601F0ECFCF0B92168EFF3108C36
:10C4980072B6D1E8CF2F0123002AFAD1C1E8423F72
:10C4A800002AF6D1BFF35F8F94F904E0BEF1000FC4
:10C4B800E1DA0023226884F80480C2E88F3F8CF315
:10C4C80010880120BDE8F0810020BDE8F08100BFA0
:10C4D80030B501460468EFF3108C72B6D4E8CFEF9C
:10C4E8000125BEF1000FF9D1C4E84E5FBEF1000F7F
:10C4F800F4D1BFF35F8F90F90440002C11DB0021C9
:10C508000568C5E88F1F8CF310884FF0504C9CF9D4
:10C5180000C0A44501D1084630BDBDE83040FFF752
:10C528009FBF4FF05040006800230A680871C2E8B6
:10C538008F3F8CF31088012030BD00BF70B50546D1
:10C548000C4601F091FC02460B464FF47A704FF00E
:10C55800FF3E6FF0004CE4FB002396457CEB0301A3
:10C5680038BF72462846BDE8704038BF6346FFF7BB
:10C5780077BF00BF0368EFF3108272B6D3E8CFCF5E
:10C588000121BCF1000FF9D1C3E84C1FBCF1000F29
:10C59800F4D1BFF35F8F4FF0FF0C0023016880F8E0
:10C5A80004C0C1E88F3F82F3108840BF704700BFC6
:10C5B800002108B5134B4FF4707299601248D96086
:10C5C800196159619961D961196259629962D9628F
:10C5D800196359639963D963196459649964D9646F
:10C5E800196559659965D965196659669966D9664F
:10C5F800196759679967D96701F03AFC034B044AF0
:10C608001A6008BD000010509C7D00207081002039
:10C61800800110502DE9F04F214B85B09E6D0EB36F
:10C62800002401251F4F01E0202C1BD006EA05033A
:10C63800621C2146AA46D4B26D00002BF4D0022316
:10C6480004F001084FEA510913FB098B164B07EB5D
:10C658004B1B5846C3F858A000F024FC28B936EA0A
:10C668000A06E1D105B0BDE8F08F0022CDF806201A
:10C67800ADF80A204FF4E06208EB490307EB4313D7
:10C68800ADF804209A78DB8A01A801218DF80820EA
:10C69800039300F025FC584600F0AAFBDFE700BF33
:10C6A800000011505C7D002000301150F0B5B84BEF
:10C6B80085B0D3F8985015F400367BD0B54BB64CFE
:10C6C800996A94F83B30B54A022B116000F0118149
:10C6D800002694F87B30022B00F0EC8194F8BB30F4
:10C6E800022B00F0DD8194F8FB30022B00F0CE81A4
:10C6F80094F83B31022B00F0BE8194F87B31022B79
:10C7080000F0AE8194F8BB31022B00F09E8194F8C2
:10C71800FB31022B00F08E8194F83B32022B00F0A3
:10C728007D8194F87B32022B00F06C8194F8BB3247
:10C73800022B00F05B8194F8FB32022B00F04A8157
:10C7480094F83B33022B00F0398194F87B33022BA9
:10C7580000F0E18094F8BB33022B00F0048194F8D8
:10C76800FB33022B00F0EE803EB98D4B1B7823B9CA
:10C778004FF400328B4BC3F8902000224FF44074E2
:10C78800834B01219B6C01A8C3F30A03CDF8062053
:10C79800CDF80A20ADF80E20ADF80440029300F061
:10C7A8009FFBEA064FF400367F4C07D5FFF732FFB0
:10C7B800264603E0EA064FF01004F7D4EB0331D520
:10C7C800754C46F48036A37E9BB10221774B704AA4
:10C7D8001966536E9F07FCD54FF4405200216E48EE
:10C7E80000F00CFB6C4800F003FB02226D4B5A660C
:10C7F8001A66012394F83A20E370F2B901234FF442
:10C80800C0616B4A84F82330019192E8030004AABE
:10C8180002E90300194601A800F062FB4FF4003258
:10C82800604B1A65E9041DD46A0436D42B044AD433
:10C83800AE4240F0B78105B0F0BD5C4A1366A2F580
:10C848000052536ED807FCD54FF440520021594886
:10C8580000F0D4FA574800F0CBFA0122514B5A663F
:10C868001A66CBE700244A4B46F480561C60FFF753
:10C878009FFE4FF48073012101A8ADF80430ADF894
:10C888000E40CDF80640CDF80A4000F029FB4FF4E1
:10C898000022444B1A656A04C8D500234FF480620D
:10C8A800012101A8ADF80E30CDF80630CDF80A30D8
:10C8B800ADF8042000F014FB10223A4B46F48046F1
:10C8C8001A652B04B4D500234FF4A062012101A8F6
:10C8D800ADF80E30CDF80630CDF80A30ADF80420AA
:10C8E80000F0FEFA4FF400622E4B46F400461A653B
:10C8F8009EE794F83A60002E3FF4EBAE94F83C3093
:10C90800002B3FF4E6AE002304F1200084F83C300D
:10C9180000F096FADDE694F87A73002F3FF41AAF28
:10C9280094F87C33002B40F0368194F8BB33022B0B
:10C9380023D194F8BA33DBB994F8FB33022B7FF494
:10C948001CAF3E4694F8FA33002B3FF40DAF94F831
:10C95800FC33002B3FF411AF0023174884F8FC3355
:10C9680000F06EFA09E794F8BA33002B3FF4F7AEFB
:10C9780094F8BC33002B40F0A78094F8FB33022BCB
:10C988007FF4FBAE94F8FA33002BE0D1F5E600BF54
:10C998000000115000000B405C7D00202C3B002063
:10C9A8006882002000301150100002000020115051
:10C9B800000010507C7D00203C81002094F83A73E0
:10C9C800002F3FF4C2AE94F83C33002B40F0DB80DC
:10C9D8003E46BAE694F8FA72002F3FF4B1AE94F8E6
:10C9E800FC32002B40F0C7803E46A9E694F8BA72A4
:10C9F800002F3FF4A0AE94F8BC32002B40F0B38077
:10CA08003E4698E694F87A72002F3FF48FAE94F879
:10CA18007C32002B40F09F803E4687E694F83A72BD
:10CA2800002F3FF47EAE94F83C32002B40F08B8010
:10CA38003E4676E694F8FA71002F3FF46DAE94F80E
:10CA4800FC31002B77D13E4666E694F8BA71002F88
:10CA58003FF45DAE94F8BC31002B64D13E4656E6F7
:10CA680094F87A71002F3FF44DAE94F87C31002B86
:10CA780051D13E4646E694F83A71002F3FF43DAE58
:10CA880094F83C31002B3ED13E4636E694F8FA70D5
:10CA9800002F3FF42DAE94F8FC3063BB3E4627E6EA
:10CAA80094F8BA70002F3FF41EAE94F8BC30D3B996
:10CAB8003E4618E694F87A70002F3FF40FAE94F8CB
:10CAC8007C3043B93E4609E60023394884F8BC3334
:10CAD80000F0B6F951E70023364884F87C303E462A
:10CAE80000F0AEF9FAE50023334884F8BC303E463E
:10CAF80000F0A6F9F7E50023304884F8FC303E46FC
:10CB080000F09EF9F4E500232D4884F83C313E46B8
:10CB180000F096F9F1E500232A4884F87C313E4676
:10CB280000F08EF9EEE50023274884F8BC313E4634
:10CB380000F086F9EBE50023244884F8FC313E46F2
:10CB480000F07EF9E8E50023214884F83C323E46AF
:10CB580000F076F9E5E500231E4884F87C323E466D
:10CB680000F06EF9E2E500231B4884F8BC323E462B
:10CB780000F066F9DFE50023184884F8FC323E46E9
:10CB880000F05EF9DCE50023154884F83C333E46A6
:10CB980000F056F9D9E50023124884F87C3300F0F8
:10CBA8004FF9C2E6104886EA050101F065F900BFB1
:10CBB800FC800020BC7D0020FC7D00203C7E002005
:10CBC8007C7E0020BC7E0020FC7E00203C7F002074
:10CBD8007C7F0020BC7F0020FC7F00203C80002060
:10CBE8007C800020BC800020A87101102DE9F04352
:10CBF800828A048B03469442C07828BF1446051ED7
:10CC080018BF012580F00100121B5E78D87092B21F
:10CC180044F480609A8240EA453006BBDD6804F13E
:10CC2800FF3805EB811C1D69ACB1B8F1050F05F1A2
:10CC3800010203D9ACEB0207022F17D80CF1FF3C15
:10CC4800254400E0013212F8016CAA420CF8016F89
:10CC5800F8D11D699A8A25441D6140F400400AB93B
:10CC680040F4804001B10004BDE8F0832F46E64659
:10CC78003246261FB608013657F8049B0132964201
:10CC88004EF8049BF8D8B4EB860FA8EB860205EBA8
:10CC9800860E0CEB8607DCD015F826500CF82650CB
:10CCA800002AD6D09EF80150012A7D70D1D09EF876
:10CCB8000220BA701D699A8ACDE700BF83680246D0
:10CCC800186801B1000C5378C0F3090013B3F0B52C
:10CCD800D2E903548F0105EB8113461E78B1052E66
:10CCE80004D901373D44651B022D1CD8611E1D184F
:10CCF80013F8014B9D4201F8014FF9D11469D38A09
:10CD080004440344D382138B1461834284BF0023F9
:10CD18009382F0BDD38A0344D382138B834284BFAA
:10CD28000023938270479E4625460021A0F1040CFB
:10CD38004FEA9C0C0CF1010C5EF8047B0131614553
:10CD480045F8047BF8D3B0EB8C0FA6EB8C0603EB0D
:10CD58008C0504EB8C01D1D013F82C3004F82C305E
:10CD6800002ECBD06B78012E4B70C7D0AB788B7070
:10CD78001469C4E710B50446836800211B68FFF7EF
:10CD88009DFF63681B685B0002D5238B834200D03C
:10CD980010BD2046BDE810400121FFF78FBF00BF3E
:10CDA800084B1B6C13F0020302D18278D20901D11F
:10CDB80000207047C07EA0F10200B0FA80F0400960
:10CDC800704700BF0000115008B5FFF7E9FF50B1E8
:10CDD800054A064B906A1B68A0F54870C01AC62819
:10CDE8008CBF0020012008BD00000B402C3B002018
:10CDF8000023C0E904338376704700BF10B5836809
:10CE080009B11C68214082B1114352050DD51A6839
:10CE180054050CD4084A21F480641C60126C9207F3
:10CE280003D40C23033BFDD28368196010BD8178BD
:10CE3800024801F021F800BF00001150BC71011038
:10CE480030B54368002183B004461D68FFF7CEFE65
:10CE5800134B40F480521B6C13F0020FA3780ED0D2
:10CE68005B060ED025F0A04545F000550021204670
:10CE780063681D6003B0BDE83040FFF7BFBFDB0942
:10CE8800F0D0A38A002BEDD0012120460192FFF7B4
:10CE9800ADFE019A25F00055024345F0A045E5E7AF
:10CEA8000000115038B5857E044695B1FFF762FF42
:10CEB800A38A0BB9284638BD2046FFF785FF20B165
:10CEC800012323770025284638BD2046FFF7B8FF01
:10CED800F8E78178014800F0CFFF00BFDC7101104E
:10CEE8002DE9F04343788146023B0D4685B0042B7B
:10CEF80013D8DFE803F0034A6A73440000217B4B30
:10CF08001A7822F001021A701A7822F002021A70B6
:10CF180059701A7861F382021A70754B1C6863693C
:10CF2800EFF3108272B6D3E8CF0F01210028FAD1AF
:10CF3800C3E8401F0028F6D1BFF35F8FA2614946BE
:10CF4800204600F0ADFF00236269C2E88F3FA36965
:10CF580083F3108848B94FF0E023D3F8F03DDB079E
:10CF68000AD500BE05B0BDE8F0832A4699F801103D
:10CF780099F8000000F098FF05B0BDE8F0835D4A1D
:10CF880013780133DBB21370C7E700245A4E2346E7
:10CF98003178DFF86C81594F11E03B6813EB44138B
:10CFA80007D0DB692BB1D9F8041099F8000098472D
:10CFB80031780134E4B24A1CA242234617DBA1426D
:10CFC800EBD85B1A08EB4313EBE7484B1A78D60704
:10CFD800D2D51A7842F004021A709EE7434B1A78A9
:10CFE800D407C9D51A7822F004021A7095E73F4C85
:10CFF800237858073AD4E378DA07BDD50323002607
:10D008003B4A99F800101468D9F804208DF80410E8
:10D018008DF805306369CDF80660CDF80A60ADF883
:10D028000E600292EFF3108272B6D3E8CF0F01219F
:10D038000028FAD1C3E8401F0028F6D1BFF35F8F5C
:10D048002046A26101A900F02BFF6369C3E88F6F36
:10D05800A36983F3108800283FF47DAF2A469DF822
:10D0680005109DF8040000F01FFF85E723780027CE
:10D0780023F00403237005231D4A8DF80530166834
:10D0880099F80020ADF80E708DF804207369CDF87A
:10D098000670CDF80A70EFF3108272B6D3E8CF0F9E
:10D0A80001210028FAD1C3E8401F0028F6D1BFF3B8
:10D0B8005F8F3046B26101A900F0F2FE7369C3E8E0
:10D0C8008F7FB36983F3108838B94FF0E023D3F822
:10D0D800F03DD9078FD500BE8DE72A469DF805108B
:10D0E8009DF8040000F0E0FE85E700BFC83400208A
:10D0F8002035002069820020678200203C3400200F
:10D1080040830110F0B51D4684461C4685B96CB1B4
:10D11800DCF80C209707FBD514F1080FF8D011F8AC
:10D12800012B013CCCF80820002CF1D11846F0BDA9
:10D13800964664B9DCF80C607007FAD5DCF808602C
:10D14800013D01328EF80060002DE0D0F0E7DCF8F8
:10D158000C6004F10807B607ECD5AF42EAD911F81C
:10D16800010B013CCCF80800E4E700BF84461046F8
:10D178006AB3013900B501EB020EDCF80C309B07ED
:10D18800FBD511F8013F8E45CCF80830F5D1DCF815
:10D198000C30590705D5DCF80830DCF80C30590795
:10D1A800F9D4DCF80C30DA0606D5DCF80C30DA06EF
:10D1B800F7D401E0DCF80830DCF80C305B07F9D470
:10D1C8000123CCF820305DF804FBDCF80830DCF8EB
:10D1D8000C305907F9D4DCF80C30DA0606D5DCF83F
:10D1E8000C30DA06F7D401E0DCF80830DCF80C3053
:10D1F8005B07F9D40123CCF820307047F0B51D4601
:10D2080084461C4675B95CB1DCF80C209507FBD543
:10D2180014F1080FF8D0013CCCF80810002CF3D119
:10D228001846F0BD964664B9DCF80C607607FAD566
:10D23800DCF80860013D01328EF80060002DE2D074
:10D24800F0E7DCF80C6004F10807B007ECD5AF4252
:10D25800EAD9CCF80810DCF80C00013C4007E7D408
:10D26800E1E700BF70B500244FF0A045012600E0BB
:10D27800013400F005FE844218D2204600F0E8FD93
:10D288000028F5D00278022AF2D14368DA69D3F887
:10D2980048320A2A06FA03F3EAD1D5F80C241A42CE
:10D2A800E6D0C5F80C3400F029F8E1E770BD00BFFE
:10D2B80070B500244FF0A045012600E0013400F0CD
:10D2C800DFFD844218D2204600F0C2FD0028F5D0C8
:10D2D8000278022AF2D14368DA69D3F848320B2A75
:10D2E80006FA03F3EAD1D5F81C241A42E6D0C5F8A9
:10D2F8001C3400F003F8E1E770BD00BF2DE9F041F0
:10D308004568044695F88832022B59D0032B01D082
:10D31800BDE8F081D5F84822930103F1A0431B69C9
:10D328005B01F5D4D5F8C03213F1011F94BF1A463A
:10D338001A04B2F17F4F28BF1202B2F1704F28BF12
:10D348001201B2F1404F28BF9200002AB8BF520024
:10D35800C2F30272022A75D0052A76D0062A0BBFBC
:10D368003E4A3F4A40F267214FF41B713D4800F0A6
:10D3780093FD0822636885F8BC2293F8BC222046F6
:10D38800002A42D1D3E9A52101328A42C3F8942266
:10D398003BD200F059FD02216468D4E9A6239342E8
:10D3A80084F88812B4D2D4F890025A1C8021C4F8A8
:10D3B8009C2200EB432000F067FDC4E9AA01A7E71F
:10D3C800D5F844329B0103F1A0431B6958019FD44F
:10D3D800D5F84822930103F1A0400169490197D487
:10D3E80003214FF0010E85F88812D5F85062A9691B
:10D3F80006F1080C4F680EFA0CF818EA070F08D166
:10D4080051F82C20C5F8C02287E7BDE8F04100F0AC
:10D418003FBD01EB8C0701F12F4101F56001090DBA
:10D42800043606EBC1061049076001EA423242EAB7
:10D43800464242F0090205F530714160C0F808E043
:10D44800C2606AE72B46002295E7084A40F262214B
:10D45800044800F021FD072263688CE77C72011004
:10D46800AC72011054880110FDFF01FC4C720110D0
:10D478002DE9F041846A39B344F01008C66AC0F84F
:10D4880028804AB346F040064FF0A04CD0E9085433
:10D498004FF0010E0768C662A801604401600EFAE9
:10D4A80005F5A1010EFA04FE6144083745EA0E05A8
:10D4B80047608360C0F810800F604A608B600E611F
:10D4C800CCF85054BDE8F08124F010080449C66A2D
:10D4D800C0F82880002AD5D1024A26F04006D3E7B2
:10D4E800D8140020741D0020F8B504460D4600F03D
:10D4F800BBFC4FF47A72002300F000FB0646636A17
:10D508009B0103F1A0421269500106D4226A9201DC
:10D5180002F1A042126951010BD500F0A5FC4FF4AD
:10D528007A72002300F0EAFA801BA842E7D3636A04
:10D538009B0103F1A0431B695A0106D4236A9B018E
:10D5480003F1A0431B695B013FD501252368DA6815
:10D55800D968D868460731D402F0100201F00801F2
:10D568000A430CBF01200020DA6812F002021FD122
:10D578001046DB68D4E9086701234FF0A044B901DD
:10D58800B201BB4021441719FF68CF68C4F864345E
:10D59800CB685F01FCD40123B34002F1A042C4F878
:10D5A8006434D3685B01FCD4002D18BF0020F8BD9B
:10D5B800DB6813F0010303D11846DBE70020D3E74B
:10D5C800002DD7D10028D5D0F8BD00F04DFC4FF480
:10D5D8007A72002300F092FA064609E000F044FC53
:10D5E8004FF47A72002300F089FA801BA84207D210
:10D5F8002368DA68D706F1D4DD68C5F30015A6E715
:10D608002368F9E72DE9F0471E460446836A002996
:10D6180053D043F01009E76AC4F82890002A54D080
:10D6280047F040074FF0A04ED4E9085801234FEACD
:10D63800851C2068F444E76203FA05F5CCF800106D
:10D6480003FA08F34FEA881171441D4300F1080AF0
:10D65800CCF804A0CCF80860CCF81090C1F800A071
:10D668004A608E600F61CEF8505400F0E1FB054629
:10D67800F00000F0F1FB064628460F4600F0ECFBF0
:10D6880002460B463046394600F0DAFB00F0D4FB80
:10D698009FED106A07EE100AF7EE086AF1EE007ABD
:10D6A80027EE067AE7EE267AFCEEE77A2046BDE812
:10D6B800F04717EE901AFFF717BF23F01009064935
:10D6C800E76AC4F82890002AAAD1044A27F040073C
:10D6D800A8E700BF00007A44D8140020741D002079
:10D6E800FF00000081F0004102E000BF83F000432A
:10D6F80030B54FEA41044FEA430594EA050F08BFE5
:10D7080090EA020F1FBF54EA000C55EA020C7FEAA8
:10D71800645C7FEA655C00F0E2804FEA5454D4EB25
:10D728005555B8BF6D420CDD2C4480EA020281EAEF
:10D73800030382EA000083EA010180EA020281EA27
:10D748000303362D88BF30BD11F0004F4FEA013179
:10D758004FF4801C4CEA113102D0404261EB410188
:10D7680013F0004F4FEA03334CEA133302D052420E
:10D7780063EB430394EA050F00F0A780A4F10104CA
:10D78800D5F1200E0DDB02FA0EFC22FA05F2801804
:10D7980041F1000103FA0EF2801843FA05F35941EA
:10D7A8000EE0A5F120050EF1200E012A03FA0EFC69
:10D7B80028BF4CF0020C43FA05F3C01851EBE37193
:10D7C80001F0004507D54FF0000EDCF1000C7EEBB0
:10D7D80000006EEB0101B1F5801F1BD3B1F5001FEE
:10D7E8000CD349085FEA30004FEA3C0C04F101040D
:10D7F8004FEA445212F5800F80F09A80BCF1004F36
:10D8080008BF5FEA500C50F1000041EB045141EAB7
:10D81800050130BD5FEA4C0C404141EB0101013C80
:10D8280028BFB1F5801FE9D291F0000F04BF01466F
:10D838000020B1FA81F308BF2033A3F10B03B3F141
:10D8480020020CDA0C3208DD02F1140CC2F10C02D1
:10D8580001FA0CF021FA02F10CE002F11402D8BF2F
:10D86800C2F1200C01FA02F120FA0CFCDCBF41EAFB
:10D878000C019040E41AA2BF01EB0451294330BDCA
:10D888006FEA04041F3C1CDA0C340EDC04F11404A7
:10D89800C4F1200220FA04F001FA02F340EA03007E
:10D8A80021FA04F345EA030130BDC4F10C04C4F1C4
:10D8B800200220FA02F001FA04F340EA03002946A4
:10D8C80030BD21FA04F0294630BD94F0000F83F4EE
:10D8D800801306BF81F480110134013D4EE77FEAD1
:10D8E800645C18BF7FEA655C29D094EA050F08BF1D
:10D8F80090EA020F05D054EA000C04BF19461046FE
:10D9080030BD91EA030F1EBF0021002030BD5FEA41
:10D91800545C05D14000494128BF41F0004130BD69
:10D9280014F580043CBF01F5801130BD01F00045BD
:10D9380045F0FE4141F470014FF0000030BD7FEA30
:10D94800645C1ABF194610467FEA655C1CBF0B462B
:10D95800024650EA013406BF52EA033591EA030F42
:10D9680041F4002130BD00BF90F0000F04BF00213A
:10D97800704730B54FF4806404F132044FF000056D
:10D988004FF0000150E700BF90F0000F04BF0021E6
:10D99800704730B54FF4806404F1320410F000454C
:10D9A80048BF40424FF000013EE700BF42004FEA47
:10D9B800E2014FEA31014FEA02701FBF12F07F43C4
:10D9C80093F07F4F81F06051704732F07F4208BF7B
:10D9D800704793F07F4F04BF41F40021704730B582
:10D9E8004FF4607401F0004521F000411CE700BFCE
:10D9F80050EA010208BF704730B54FF000050AE051
:10DA080050EA010208BF704730B511F0004502D551
:10DA1800404261EB41014FF4806404F132045FEA53
:10DA2800915C3FF4D8AE4FF003025FEADC0C18BFFC
:10DA380003325FEADC0C18BF033202EBDC02C2F1EE
:10DA4800200300FA03FC20FA02F001FA03FE40EA80
:10DA58000E0021FA02F11444BDE600BF7BB972B989
:10DA68000029BEBF00204FF0004106E008BF002893
:10DA78001CBF6FF000414FF0FF3000F0D7B9ADF197
:10DA8800080C6DE904CE002909DB002B1ADB00F035
:10DA98004DF8DDF804E0DDE9022304B070474042A8
:10DAA80061EB4101002B1BDB00F040F8DDF804E0DE
:10DAB800DDE9022304B0404261EB4101524263EBCD
:10DAC80043037047524263EB430300F02FF8DDF83D
:10DAD80004E0DDE9022304B0404261EB41017047F4
:10DAE800524263EB430300F021F8DDF804E0DDE97E
:10DAF800022304B0524263EB4303704753B94AB957
:10DB0800002908BF00281CBF4FF0FF314FF0FF303D
:10DB180000F08CB9ADF1080C6DE904CE00F006F800
:10DB2800DDF804E0DDE9022304B070472DE9F04F89
:10DB3800099D0E4604460F46002B47D18A4294465B
:10DB4800B2FA82F35AD943B102FA03FCC3F12002B4
:10DB58009F409C4020FA02F217434FEA1C461FFAE6
:10DB68008CFE220CB7FBF6F106FB117701FB0EF0D9
:10DB780042EA0742904208D91CEB020201F1FF3742
:10DB880002D2904200F23C813946121AA4B2B2FB8A
:10DB9800F6F006FB102200FB0EFE44EA0244A645FE
:10DBA80008D91CEB040400F1FF3202D2A64500F2AA
:10DBB8002A81104640EA0140A4EB0E0400211DB161
:10DBC800DC400023C5E90043BDE8F08F8B4205D94E
:10DBD8000DB1C5E9000100210846F5E7B3FA83F164
:10DBE80000294FD1B342C0F00281824240F2FF8047
:10DBF8000846002DE8D0C5E90047E5E7002B40F0CE
:10DC0800AF808A1A4FEA1C4E1FFA8CF70121B2FB2B
:10DC1800FEF60EFB1620220C42EA004207FB06F035
:10DC280090420FD91CEB020206F1FF382CBF4FF0CF
:10DC380001094FF00009904203D9B9F1000F00F033
:10DC4800DC804646121AA4B2B2FBFEF00EFB10228C
:10DC580000FB07F744EA0244A7420FD91CEB04046F
:10DC680000F1FF322CBF4FF0010E4FF0000EA7421B
:10DC780003D9BEF1000F00F0C9801046E41B40EA4A
:10DC880006409CE7C1F120048B4006FA01FC00FA2B
:10DC980001FE22FA04F7E6408A401F4320FA04F303
:10DCA8004FEA174843EA0C031FFA87FC4FEA134967
:10DCB800B6FBF8F008FB106649EA064600FB0CF9CB
:10DCC800B1450ED9BE1900F1FF3A2CBF4FF0010B38
:10DCD8004FF0000BB14503D9BBF1000F00F0A28053
:10DCE8005046A6EB09061FFA83F9B6FBF8F308FBC2
:10DCF800136603FB0CFC49EA0646B4450ED9BE1967
:10DD080003F1FF382CBF4FF001094FF00009B4456B
:10DD180003D9B9F1000F00F08280434643EA00407E
:10DD2800A6EB0C06A0FB028C66454346E14602D3EF
:10DD380007D1C64505D2B8EB02036CEB070C0138D6
:10DD4800E1465DB1BEEB030266EB090606FA04F490
:10DD580022FA01F3CE401C43C5E90046002133E70F
:10DD680002FA03FCC3F1200299409C40D6404FEAD6
:10DD78001C4E20FA02F21FFA8CF7B6FBFEF00A439B
:10DD88000EFB1066110C41EA064100FB07F68E42B5
:10DD98000ED91CEB010100F1FF382CBF4FF001092F
:10DDA8004FF000098E4202D9B9F1000F34D0404635
:10DDB800891B92B2B1FBFEF60EFB161142EA014234
:10DDC80006FB07F191420ED91CEB020206F1FF385F
:10DDD8002CBF4FF001094FF00009914202D9B9F167
:10DDE800000F16D04646521A46EA00410FE7841A39
:10DDF80066EB030201201746FBE6023E624421E778
:10DE080002396244C1E664440238D3E66444023805
:10DE180034E7023E6244E6E702386144C8E7023B61
:10DE28003E447BE702383E445BE700BF704700BFD3
:10DE38005FF800F0816200105FF800F0091C001024
:10DE48005FF800F06D1B00105FF800F08DB6001051
:10DE58005FF800F01DFA00105FF800F0491C001090
:10DE68005FF800F0091300105FF800F0ED130010E0
:10DE78005FF800F05D3B01105FF800F085030010CB
:10DE88005FF800F019FA00105FF800F0C1B8001050
:10DE98005FF800F0D1B700105FF800F085F90010C6
:10DEA8005FF800F0855E00105FF800F0F94400109C
:10DEB8001000000000000000000001000000000049
:10DEC8000000000000000200000000000000000048
:10DED8000000030000000000000000000000FF0038
:10DEE8000000000001B5486801318E4600477046C1
:10DEF80009380149884701BD4D0A0010000000009B
:10DF08000000000000000000000000000000000009
:10DF1800002B00206938001071390010B938001042
:10DF2800813900100000000000010000AD3C001025
:10DF3800593C0010D13B0010413B0010000000008C
:10DF4800000100002435002010000C000000000033
:10DF580000000000000000000000000000000000B9
:10DF6800FF00000000000940000000000A00000057
:10DF7800000000000B00000000000000A5000000E9
:10DF8800D007000003000000401F0000E803000065
:10DF9800E8030000E8030000A00F000005000000EF
:10DFA8000200000002000000E803000088130000DF
:10DFB800E8030000C80000000100000088200020DD
:10DFC8000000000000000000000000000000000049
:10DFD8000000000000000000000000000000000039
:10DFE8000000000000000000000000000000000029
:10DFF8000000000000000000000000000000000019
:10E008000000000000000000000000000000000008
:10E0180000000000000000000000000000000000F8
:10E0280000000000000000000000000000000000E8
:10E0380000000000000000000000000000000000D8
:10E0480000000000000000000000000000000000C8
:10E0580000000000000000000000000000000000B8
:10E0680000000000000000000000000000000000A8
:10E078000000000000000000000000000000000098
:10E088000000000000000000000000000000000088
:10E098000000000000000000000000000000000078
:10E0A8000000000000000000000000000000000068
:10E0B8000000000000000000000000000000000058
:10E0C8000000000000000000000000000000000048
:10E0D8000000000000000000000000000000000038
:10E0E8000000000000000000000000000000000028
:10E0F8000000000000000000000000000000000018
:10E108000000000000000000000000000000000007
:10E1180000000000000000000000000000000000F7
:10E1280000000000000000000000000000000000E7
:10E1380000000000000000000000000000000000D7
:10E1480000000000000000000000000000000000C7
:10E1580000000000000000000000000000000000B7
:10E1680000000000000000000000000000000000A7
:10E178000000000000000000000000000000000097
:10E188000000000000000000000000000000000087
:10E198000000000000000000000000000000000077
:10E1A8000000000000000000000000000000000067
:10E1B8000000000000000000000000000000000057
:10E1C8000000000000000000000000000000000047
:10E1D8000000000000000000000000000000000037
:10E1E8000000000000000000000000000000000027
:10E1F8000000000000000000000000000000000017
:10E208000000000000000000000000000000000006
:10E2180000000000000000000000000000000000F6
:10E2280000000000000000000000000000000000E6
:10E2380000000000000000000000000000000000D6
:10E2480000000000000000000000000000000000C6
:10E2580000000000000000000000000000000000B6
:10E2680000000000000000000000000000000000A6
:10E278000000000000000000000000000000000096
:10E288000000000000000000000000000000000086
:10E29800A020002021000000010000000000000074
:10E2A80000000000000000000000084020000000FE
:10E2B800230000002200000040420F000000000080
:10E2C8000001010300000000000000000000000041
:10E2D8000000000000000000000000000000000036
:10E2E800000000006A000000B446021007000C009D
:10E2F800284B02100B001000FFFFFFFF0000020078
:10E308000000000000000000F8200020F820002095
:10E3180000210020002100200821002008210020E1
:10E328001021002010210020182100201821002091
:10E338002021002020210020282100202821002041
:10E3480030210020302100203821002038210020F1
:10E3580040210020402100204821002048210020A1
:10E368005021002050210020582100205821002051
:10E378006021002060210020682100206821002001
:10E3880070210020702100207821002078210020B1
:10E398008021002080210020882100208821002061
:10E3A8009021002090210020982100209821002011
:10E3B800A0210020A0210020A8210020A8210020C1
:10E3C800B0210020B0210020B8210020B821002071
:10E3D800C0210020C0210020C8210020C821002021
:10E3E800D0210020D0210020D8210020D8210020D1
:10E3F800E0210020E0210020E8210020E821002081
:10E40800F0210020F0210020F8210020F821002030
:10E4180000220020002200200822002008220020DC
:10E42800102200201022002018220020182200208C
:10E43800202200202022002028220020282200203C
:10E4480030220020302200203822002038220020EC
:10E45800402200204022002048220020482200209C
:10E46800502200205022002058220020582200204C
:10E4780060220020602200206822002068220020FC
:10E4880070220020702200207822002078220020AC
:10E49800802200208022002088220020882200205C
:10E4A800902200209022002098220020982200200C
:10E4B800A0220020A0220020A8220020A8220020BC
:10E4C800B0220020B0220020B8220020B82200206C
:10E4D800C0220020C0220020C8220020C82200201C
:10E4E800D0220020D0220020D8220020D8220020CC
:10E4F800E0220020E0220020E8220020E82200207C
:10E50800F0220020F0220020F8220020F82200202B
:10E5180000230020002300200823002008230020D7
:10E528001023002010230020182300201823002087
:10E538002023002020230020282300202823002037
:10E5480030230020302300203823002038230020E7
:10E558004023002040230020482300204823002097
:10E568005023002050230020582300205823002047
:10E5780060230020602300206823002068230020F7
:10E5880070230020702300207823002078230020A7
:10E598008023002080230020882300208823002057
:10E5A8009023002090230020982300209823002007
:10E5B800A0230020A0230020A8230020A8230020B7
:10E5C800B0230020B0230020B8230020B823002067
:10E5D800C0230020C0230020C8230020C823002017
:10E5E800D0230020D0230020D8230020D8230020C7
:10E5F800E0230020E0230020E8230020E823002077
:10E60800F0230020F0230020F8230020F823002026
:10E6180000240020002400200824002008240020D2
:10E628001024002010240020182400201824002082
:10E638002024002020240020282400202824002032
:10E6480030240020302400203824002038240020E2
:10E658004024002040240020482400204824002092
:10E668005024002050240020582400205824002042
:10E6780060240020602400206824002068240020F2
:10E6880070240020702400207824002078240020A2
:10E698008024002080240020882400208824002052
:10E6A8009024002090240020982400209824002002
:10E6B800A0240020A0240020A8240020A8240020B2
:10E6C800B0240020B0240020B8240020B824002062
:10E6D800C0240020C0240020C8240020C824002012
:10E6E800D0240020D0240020D8240020D8240020C2
:10E6F800E0240020E0240020E8240020E824002072
:10E70800F0240020F0240020388001103880011007
:10E71800102500200000000000000000EC3200205E
:10E7280054330020BC33002000000000000000002B
:10E7380000000000000000000000000000000000D1
:10E7480000000000000000000000000000000000C1
:10E7580000000000000000000000000000000000B1
:10E7680000000000000000000000000000000000A1
:10E778000000000000000000000000000000000091
:10E788000000000000000000000000000000000081
:10E798000000000000000000000000000000000071
:10E7A8000000000000000000000000000000000061
:10E7B80001000000000000000E33CDAB34126DE6FE
:10E7C800ECDE05000B000000000000000000000067
:10E7D8000000000000000000000000000000000031
:10E7E8000000000000000000000000000000000021
:10E7F8000000000000000000000000000000000011
:10E808000000000000000000000000000000000000
:10E8180000000000000000000000000000000000F0
:10E8280000000000000000000000000000000000E0
:10E8380000000000000000000000000000000000D0
:10E8480000000000000000000000000000000000C0
:10E8580000000000000000000100000000000000AF
:10E868004A00000000000000000000000000000056
:10E878000000000000000000000000000000000090
:10E8880000000000000000004A0000000000000036
:10E898000000000000000000000000000000000070
:10E8A8000000000000000000000000000000000060
:10E8B800430000000000000000000000000000000D
:10E8C8000000000000000000000000000000000040
:10E8D80043000000000000000000000000000000ED
:10E8E8000000000000000000000000000000000020
:10E8F80043000000000000000000000000000000CD
:10E9080000000000000000000000000000000000FF
:10E9180043000000000000000000000000000000AC
:10E9280000000000000000000000000000000000DF
:10E93800430000000000000000000000000000008C
:10E9480000000000000000000000000000000000BF
:10E95800430000000000000000000000000000006C
:10E96800000000000000000000000000000000009F
:10E97800430000000000000000000000000000004C
:10E98800000000000000000000000000000000007F
:10E99800B5690110896901100000000030570210A4
:10E9A8009C800110F47C0110F47C0110F47C0110AF
:10E9B800F47C0110F47C0110F47C0110F47C01104B
:10E9C800F47C0110F47C0110FFFFFFFFFFFFFFFF45
:10E9D800FFFFFFFFFFFF00000100415343494900CB
:10E9E800000000000000000000000000000000001F
:10E9F80000000000000000000000415343494900A6
:10EA080000000000000000000000000000000000FE
:10EA180000000000000000000000000060810020ED
:10EA280000000000000000000000000000000000DE
:10EA380000000000000000000000000000000000CE
:10EA4800D3DEFFFFFE010000FF010000F016FDFF0E
:04EA5800793512AB4F
:040000051000014D99
:00000001FF
